,mean_episode_rewards,std_episode_rewards,episodes,steps
0,-16.617194597151556,37.289983954691714,0,6.0
1,-16.665566676246417,37.26829161801028,1,6.0
2,-24.99999999999633,43.30127018922405,2,4.0
3,-12.408895150272308,33.106549967797235,3,8.0
4,-14.283906681097827,34.99344880445245,4,7.0
5,-14.140470424027798,35.05280439453679,5,7.0
6,-13.998956500372184,35.11238264283708,6,7.0
7,-14.227019205740504,35.016790344981594,7,7.0
8,-19.999999745937043,40.000000127031484,8,5.0
9,-14.164975133285648,35.04241701324518,9,7.0
10,-10.861243442683518,31.516435010892117,10,9.0
11,-19.961955821877517,40.01906653158515,11,5.0
12,-10.912393758695382,31.498126297926444,12,9.0
13,-19.997959100703387,40.00102062959452,13,5.0
14,-14.192907974202466,35.030978077843855,14,7.0
15,-24.999999999999993,43.30127018922193,15,4.0
16,-12.439658612205957,35.934797003476106,16,7.0
17,-24.999999576798867,43.30127043355722,17,4.0
18,-24.797207039160682,43.41961564773239,18,4.0
19,-8.77686446272416,28.84876476189179,19,11.0
20,-16.614968681176602,37.29098037295398,20,6.0
21,-16.543748555301757,37.32374161149794,21,6.0
22,-16.618148512732294,37.289573847608935,22,6.0
23,-12.360007773591512,33.12616964950482,23,8.0
24,-19.84691699586235,40.07692637972039,24,5.0
25,-9.085599481249352,28.749661123970355,25,11.0
26,-24.9999997375442,43.30127034075086,26,4.0
27,-14.250505739046622,35.007176366162355,27,7.0
28,-16.3843456315421,37.39597695282935,28,6.0
29,-9.758041466552953,30.082837423341672,29,10.0
30,-13.89755867836595,35.15369829181718,30,7.0
31,-12.249942510407909,33.16738364519265,31,8.0
32,-14.185384993212981,35.03390193001726,32,7.0
33,-16.66663422807724,37.267814132039184,33,6.0
34,-12.359251960059032,33.12648892362762,34,8.0
35,-16.52796904980076,37.330619786427455,35,6.0
36,-14.168294252237462,35.04131545677248,36,7.0
37,-10.903136139192407,31.50139707555598,37,9.0
38,-12.497356153264471,33.07289124753363,38,8.0
39,-19.996028486856805,40.00198645843815,39,5.0
40,-19.969190055527115,40.01544945127116,40,5.0
41,-24.99999999999999,43.30127018922194,41,4.0
42,-9.779024852347264,30.075212739389112,42,10.0
43,-19.834670638337805,40.08394328966431,43,5.0
44,-12.49327983506667,33.074435106672915,44,8.0
45,-19.800796003206294,40.10145743972409,45,5.0
46,-19.879396191634903,40.060982682018185,46,5.0
47,-10.972842241162478,31.476513590391804,47,9.0
48,-8.759860302852227,28.855444697784847,48,11.0
49,-14.206551036878135,35.02555050999888,49,7.0
50,-7.6151894055302956,26.67001260172504,50,13.0
51,-16.417852119990783,37.37979254361991,51,6.0
52,-16.423774271433068,37.37785006573304,52,6.0
53,-14.11034311999457,35.06533571248781,53,7.0
54,-11.013067808867405,31.462120552501737,54,9.0
55,-14.132894674458127,35.05579935972471,55,7.0
56,-24.999999875170477,43.301270261292295,56,4.0
57,-7.993151545388638,27.742849786782838,57,12.0
58,-10.78462669196981,31.544334083534974,58,9.0
59,-19.905144510343646,40.04758947507373,59,5.0
60,-14.14270968159546,35.05164249226705,60,7.0
61,-14.079003133489918,35.07852892381454,61,7.0
62,-33.33333333333331,47.140452079103184,62,3.0
63,-8.795868859755565,28.84323905262765,63,11.0
64,-16.503069183547712,37.34252713602434,64,6.0
65,-19.990063090271853,40.00497294339717,65,5.0
66,-16.475147084465206,37.35392894512655,66,6.0
67,-9.014355372523282,28.77257641278845,67,11.0
68,-16.50345539399234,37.34249969003646,68,6.0
69,-11.03817315756812,31.45304560900488,69,9.0
70,-14.075912640490104,35.07923279462795,70,7.0
71,-14.285661596628177,34.992732121648345,71,7.0
72,-8.972975187716244,28.78633468674898,72,11.0
73,-9.855361349134714,30.048740579887973,73,10.0
74,-12.377559733443713,33.11868810467844,74,8.0
75,-19.999999894875703,40.00000005256215,75,5.0
76,-19.989828551136974,40.00509043996463,76,5.0
77,-16.345725580037044,37.41380671548143,77,6.0
78,-16.482012432145115,37.35171367236427,78,6.0
79,-7.811356362955844,27.798633419059065,79,12.0
80,-10.953244051988001,31.483556168133585,80,9.0
81,-14.215250540541321,35.0216621046754,81,7.0
82,-19.999999890554356,40.00000005472282,82,5.0
83,-24.905122645678038,43.35632448505279,83,4.0
84,-8.796152934919826,30.541234684817983,84,10.0
85,-14.160245371473366,35.044294024974356,85,7.0
86,-19.859913523159555,40.07037023404299,86,5.0
87,-14.185186758561729,35.03425378936584,87,7.0
88,-16.498998582867646,37.34450182672559,88,6.0
89,-12.298500051421813,33.148977167842226,89,8.0
90,-24.99999999657774,43.30127019119777,90,4.0
91,-19.9937877525005,40.00310724856408,91,5.0
92,-19.999999930403295,40.000000034798354,92,5.0
93,-16.64230885121009,37.278707247791374,93,6.0
94,-19.836350932427557,40.08307731165501,94,5.0
95,-8.240214080000863,27.666849681066363,95,12.0
96,-19.999980476441277,40.000009761793265,96,5.0
97,-19.796834756972693,40.102236218879746,97,5.0
98,-10.85920217858847,31.517236357960495,98,9.0
99,-19.996340320839813,40.00183043204254,99,5.0
100,-11.102116320575814,31.43015676773306,100,9.0
101,-24.999999999999734,43.30127018922209,101,4.0
102,-19.64274095789821,40.18061492646904,102,5.0
103,-19.978605795900535,40.01070528695725,103,5.0
104,-24.946723285241355,43.33211685301029,104,4.0
105,-3.990734645648913,22.14568179750399,105,20.0
106,-9.853119739766827,30.05010462302457,106,10.0
107,-5.567617348182822,23.61100698499866,107,17.0
108,-8.961915127610414,28.78970392542843,108,11.0
109,-14.21342487091737,35.02233803393256,109,7.0
110,-16.666665546807028,37.26780012581303,110,6.0
111,-8.911799989844239,28.805816653273318,111,11.0
112,-14.108427841623355,35.06576936091941,112,7.0
113,-19.999997599589502,40.00000120020552,113,5.0
114,-16.38047007632657,37.39776724212646,114,6.0
115,-19.9831130331661,40.008456847751404,115,5.0
116,-9.63133184481462,32.09712976846032,116,9.0
117,-7.636840231175356,26.66321163993473,117,13.0
118,-10.731424830952328,31.56362541191077,118,9.0
119,-8.947826141212666,28.794726312734106,119,11.0
120,-19.802142113273767,40.100759422138275,120,5.0
121,-5.514861786039413,25.388897344046306,121,15.0
122,-10.876286999591363,31.51143107801284,122,9.0
123,-9.796610614025067,30.069194966146174,123,10.0
124,-19.999831997727714,40.00008400210438,124,5.0
125,-6.218144694758482,25.0673841714562,125,15.0
126,-24.999999247500277,43.301270623677866,126,4.0
127,-19.997258164172205,40.00137124704277,127,5.0
128,-9.71116022780008,30.09846720579561,128,10.0
129,-11.028366536456138,31.45645364929508,129,9.0
130,-12.4684162882246,33.08388354112637,130,8.0
131,-8.280241823167483,27.654616657636936,131,12.0
132,-11.004604984150934,31.46508904610033,132,9.0
133,-24.970144427974272,43.31853474745919,133,4.0
134,-10.964550757468738,31.47985781777367,134,9.0
135,-12.27183348922166,33.15989835348,135,8.0
136,-16.551305811095894,37.32017192994024,136,6.0
137,-12.343737283519582,33.13156193727764,137,8.0
138,-9.848054879919566,30.051640483012076,138,10.0
139,-8.72912692045667,28.8647324959637,139,11.0
140,-12.454737003760302,33.08906727512442,140,8.0
141,-19.999999999997755,40.00000000000112,141,5.0
142,-3.621375391187781,19.674509607898656,142,25.0
143,-24.999999999999915,43.30127018922198,143,4.0
144,-7.113938831302412,25.762029484607893,144,14.0
145,-16.527696680715795,37.331190511941806,145,6.0
146,-9.995342871091728,30.001555099744998,146,10.0
147,-12.275789364804357,33.158232048596396,147,8.0
148,-10.647499713289328,31.59321407586359,148,9.0
149,-14.282970111038157,34.99383146769284,149,7.0
150,-14.211371750960527,35.02332448676161,150,7.0
151,-9.974351626620457,30.008584606004028,151,10.0
152,-10.85795702458264,31.51764570093112,152,9.0
153,-12.360590386091536,33.125846142458066,153,8.0
154,-9.6490455945224,30.119088633249362,154,10.0
155,-12.320997598221078,33.140591019133275,155,8.0
156,-19.816717022830915,40.09217015087723,156,5.0
157,-19.989912497113473,40.00504838074082,157,5.0
158,-6.968029492269737,25.803433206224284,158,14.0
159,-16.524957361768788,37.332041942443354,159,6.0
160,-7.465914971687271,26.714248016478603,160,13.0
161,-14.282029343613234,34.99421607141856,161,7.0
162,-9.800398452696816,30.067299378987222,162,10.0
163,-19.806868744322976,40.0975418835932,163,5.0
164,-16.487150264341825,37.348666154764295,164,6.0
165,-14.041106519162842,35.09412606864632,165,7.0
166,-19.99999608378025,40.000001958110595,166,5.0
167,-16.532981012652005,37.32869151064783,167,6.0
168,-14.247822534028632,35.00829865495916,168,7.0
169,-8.928097148756013,28.800385632407515,169,11.0
170,-16.63217670405837,37.283299426384424,170,6.0
171,-8.64146083430212,28.892687754408637,171,11.0
172,-14.172725710255444,35.03915737032634,172,7.0
173,-10.808163840800047,31.535657947482008,173,9.0
174,-14.285675814541708,34.99272631709919,174,7.0
175,-6.736072039664411,25.870091213762624,175,14.0
176,-14.259634128327056,35.003390741278785,176,7.0
177,-7.6464121319821565,26.66029641415466,177,13.0
178,-14.153528472177099,35.04726561241789,178,7.0
179,-10.811470155089388,31.534528227539482,179,9.0
180,-11.104639784824986,31.429258351780028,180,9.0
181,-24.999998834182893,43.301270862306794,181,4.0
182,-8.180167238964376,27.685721281726345,182,12.0
183,-8.104903134184857,27.70834978377108,183,12.0
184,-10.933597866659433,31.4914229713784,184,9.0
185,-11.091750442449438,31.433839131446803,185,9.0
186,-16.505222605310887,37.34167482217193,186,6.0
187,-16.634525414412995,37.28221906378254,187,6.0
188,-12.477672896772209,33.08037990242784,188,8.0
189,-14.038131663252091,35.09582364679956,189,7.0
190,-11.060650686084491,31.444983177039525,190,9.0
191,-16.611306410171995,37.292648954230785,191,6.0
192,-19.921919120546118,40.039135943105464,192,5.0
193,-8.079456390520866,27.71604350034,193,12.0
194,-19.999735418323745,40.000132294119524,194,5.0
195,-10.856944426357282,31.518367488123495,195,9.0
196,-16.57233353256061,37.310181920970265,196,6.0
197,-16.577639062462712,37.308033416537036,197,6.0
198,-14.187856445803659,35.03294271872399,198,7.0
199,-7.913363362136739,27.76768624430336,199,12.0
200,-19.99999754481025,40.00000122759516,200,5.0
201,-16.513856657078232,37.33754359150861,201,6.0
202,-14.219108423427645,35.020019097918556,202,7.0
203,-14.28532476365672,34.9928696409475,203,7.0
204,-16.535563605667903,37.327535827411566,204,6.0
205,-8.613379403551953,28.90102450619682,205,11.0
206,-14.024202032649047,35.101745657766244,206,7.0
207,-16.539792176390744,37.32557254772484,207,6.0
208,-24.999999999999993,43.30127018922193,208,4.0
209,-8.887075919569865,28.813983712508836,209,11.0
210,-11.108943350267582,31.427734993194548,210,9.0
211,-16.526793432085245,37.33161063547298,211,6.0
212,-10.8348177084482,31.52606355411874,212,9.0
213,-8.043596018114062,27.72778868713705,213,12.0
214,-12.467192372625433,33.08435306981035,214,8.0
215,-11.017807796894067,31.460287738799703,215,9.0
216,-19.934498270664115,40.03285265721195,216,5.0
217,-16.556754018749903,37.31772216528712,217,6.0
218,-19.99507988093861,40.00246113070674,218,5.0
219,-8.574708443583175,28.91341664888698,219,11.0
220,-8.992528053884685,28.779661476551123,220,11.0
221,-12.36231858776538,33.124766895555226,221,8.0
222,-19.999999998862496,40.00000000056876,222,5.0
223,-7.928628531366646,27.764331322038608,223,12.0
224,-14.256898162778185,35.00451441047701,224,7.0
225,-11.108660299366527,31.427835047249932,225,9.0
226,-16.59815981312876,37.29873880734299,226,6.0
227,-16.646571393050696,37.27681232588118,227,6.0
228,-16.66662038664514,37.26782032218925,228,6.0
229,-7.984874188876831,27.74630047418164,229,12.0
230,-19.999884742434478,40.00005762940547,230,5.0
231,-9.022429325795512,28.769902859579492,231,11.0
232,-9.77469260611798,30.07618956344978,232,10.0
233,-14.234951324713148,35.01353638446543,233,7.0
234,-19.99998918935595,40.000005405323854,234,5.0
235,-7.448781541582978,26.71912506966814,235,13.0
236,-9.789491025857508,30.071072216603255,236,10.0
237,-14.249886040349201,35.007390408342914,237,7.0
238,-14.027082786780213,35.10051995915764,238,7.0
239,-19.99983925654877,40.00008037220358,239,5.0
240,-14.281670071736565,34.994362711877095,240,7.0
241,-9.524478370355538,32.1542300864134,241,9.0
242,-19.999999999999982,40.00000000000001,242,5.0
243,-10.74588710126012,31.5580638458655,243,9.0
244,-5.720267946157992,23.571323898634468,244,17.0
245,-8.240906585112542,27.66731776409326,245,12.0
246,-14.053681682128627,35.08919818129679,246,7.0
247,-16.546387629991653,37.322413774333775,247,6.0
248,-16.652576013605984,37.27411357973104,248,6.0
249,-19.99999993652254,40.000000031738736,249,5.0
250,-19.81417894471158,40.09452529276844,250,5.0
251,-19.999999922932293,40.000000038533855,251,5.0
252,-12.42574035787262,33.100240412153,252,8.0
253,-10.796023846287394,31.541229611052255,253,9.0
254,-19.809387466091415,40.09700528154683,254,5.0
255,-11.043306172777427,31.45118776701359,255,9.0
256,-14.143138896089635,35.05260823622528,256,7.0
257,-9.724068611215387,30.09470527533747,257,10.0
258,-6.524690189979811,24.98311539782856,258,15.0
259,-6.736550766739967,25.86885306602425,259,14.0
260,-12.375343782961524,33.11983027171308,260,8.0
261,-14.234941033327406,35.0135553195953,261,7.0
262,-16.54468167379836,37.32330983322537,262,6.0
263,-19.82654127701492,40.088136642586505,263,5.0
264,-6.995311969224462,25.796479691948154,264,14.0
265,-24.999999512788683,43.30127047051352,265,4.0
266,-16.666547970106194,37.26785270806059,266,6.0
267,-19.999999902120564,40.00000004893972,267,5.0
268,-19.999988832460556,40.00000558377557,268,5.0
269,-24.987661853579596,43.30839830781994,269,4.0
270,-10.807719216071478,31.53697271513395,270,9.0
271,-19.841107924835008,40.0806271080044,271,5.0
272,-11.041162259437705,31.451920827920436,272,9.0
273,-19.83129310900937,40.085684772742916,273,5.0
274,-14.193548394561663,35.030746811592216,274,7.0
275,-14.240558977799418,35.01122437396042,275,7.0
276,-24.99999567738079,43.30127268488787,276,4.0
277,-19.8301180800719,40.086289678278284,277,5.0
278,-12.427086740148134,33.09970261167433,278,8.0
279,-14.284468064574595,34.99321949611126,279,7.0
280,-24.999999967020635,43.30127020826257,280,4.0
281,-12.29540436885415,33.151027547646365,281,8.0
282,-5.618262924568388,23.597638497205082,282,17.0
283,-13.962497288583018,35.126447827435044,283,7.0
284,-16.52325562882475,37.33324730124463,284,6.0
285,-19.85573721981043,40.073105163870835,285,5.0
286,-19.81982090350932,40.09160786923982,286,5.0
287,-6.2107326039083945,25.06912861453926,287,15.0
288,-19.97936382860677,40.01032581809023,288,5.0
289,-14.285638898062595,34.99274138833003,289,7.0
290,-8.719187301453468,28.86827514816148,290,11.0
291,-16.61984775708168,37.288820051107095,291,6.0
292,-14.181081310777817,35.03627514093105,292,7.0
293,-14.21096970790357,35.02341860647423,293,7.0
294,-6.279219987750177,25.049534326318998,294,15.0
295,-14.1444565622211,35.05203921114112,295,7.0
296,-14.282239268726384,34.99413024629934,296,7.0
297,-10.840131774147135,31.524104716410257,297,9.0
298,-24.99999999995784,43.301270189246274,298,4.0
299,-8.932690980735181,28.798676129967404,299,11.0
300,-14.261011318786531,35.002820409787546,300,7.0
301,-16.64895382873778,37.27574124739811,301,6.0
302,-8.67444188029612,30.60411815500453,302,10.0
303,-14.221555965476837,35.019032375582285,303,7.0
304,-12.436932920459403,33.095891539479354,304,8.0
305,-9.778014238834324,32.07886699655675,305,9.0
306,-12.368176862761736,33.122859615500325,306,8.0
307,-12.170065016024207,33.19911070767112,307,8.0
308,-10.794347385876714,31.541949312276277,308,9.0
309,-24.999999999999986,43.30127018922194,309,4.0
310,-19.999908289800555,40.00004585549397,310,5.0
311,-19.999999996569905,40.00000000171505,311,5.0
312,-12.39539708411429,33.11181895697365,312,8.0
313,-14.19994269919986,35.028339284858816,313,7.0
314,-12.346989893636215,33.130212652276064,314,8.0
315,-19.922965911920823,40.038794943480404,315,5.0
316,-5.168998179378205,22.35217891088512,316,19.0
317,-33.333333333333336,47.14045207910317,317,3.0
318,-16.66666658486486,37.267799661579375,318,6.0
319,-7.094552548200021,25.76748506377677,319,14.0
320,-16.494602048442925,37.34648214577458,320,6.0
321,-19.8374752844564,40.0824979979268,321,5.0
322,-19.941679858738713,40.02931936583025,322,5.0
323,-11.108942993787844,31.427734999638826,323,9.0
324,-13.909082778664645,35.148826218164494,324,7.0
325,-6.294027481939262,25.04680514583409,325,15.0
326,-16.617937792667973,37.2896753296022,326,6.0
327,-14.176583604550471,35.038254385013396,327,7.0
328,-16.559371498724673,37.3165237307547,328,6.0
329,-12.294734619717014,33.15121935284231,329,8.0
330,-6.629566580300423,24.954436675622315,330,15.0
331,-14.237888507134302,35.01230742104351,331,7.0
332,-12.22445247610548,33.177813774436466,332,8.0
333,-9.861209044554133,30.046524583538574,333,10.0
334,-19.999999809501553,40.00000009524922,334,5.0
335,-12.456686367368285,33.08834260286819,335,8.0
336,-16.524473277706857,37.33269027702399,336,6.0
337,-14.28331760036201,34.99368950987872,337,7.0
338,-24.9999024533863,43.301326508077494,338,4.0
339,-12.460145206758577,33.08702419391146,339,8.0
340,-16.535625001708052,37.32750733629382,340,6.0
341,-10.914446264023887,31.498556214660987,341,9.0
342,-5.133981678450855,22.361524947622886,342,19.0
343,-24.99999999895948,43.301270189822674,343,4.0
344,-14.149495766137601,35.048756040074906,344,7.0
345,-16.65903006133611,37.2712184190379,345,6.0
346,-16.50709062098911,37.33959700987788,346,6.0
347,-9.778948360211114,30.07498703735472,347,10.0
348,-8.13356395145532,27.700947226256847,348,12.0
349,-16.66666666622965,37.267799625191934,349,6.0
350,-19.999999932699083,40.00000003365046,350,5.0
351,-7.8800001163933295,27.777213492637514,351,12.0
352,-12.251025517574154,33.16866483335373,352,8.0
353,-19.999999919520217,40.0000000402399,353,5.0
354,-12.572573074492741,35.887577706327846,354,7.0
355,-19.82059546872565,40.09120754591866,355,5.0
356,-8.54512490734027,28.923238607461325,356,11.0
357,-16.399038653711344,37.38921437611651,357,6.0
358,-19.999888884768197,40.00005555799108,358,5.0
359,-16.55215090454576,37.31932470476082,359,6.0
360,-16.56334613377241,37.31469257966114,360,6.0
361,-7.932943537067266,27.761175073297245,361,12.0
362,-19.816743000742292,40.09215749681594,362,5.0
363,-10.60913039601599,31.60718833510436,363,9.0
364,-16.628384545975607,37.28501419337334,364,6.0
365,-12.472082538016156,33.08247822442825,365,8.0
366,-16.608096478248694,37.2940888565966,366,6.0
367,-14.146935000968686,35.050903577517275,367,7.0
368,-4.812853808477225,22.43795774575879,368,19.0
369,-16.636536256609208,37.28133266495704,369,6.0
370,-12.390379537818706,33.11456811890531,370,8.0
371,-7.410621011624888,26.730463243154883,371,13.0
372,-12.156688828343409,33.20435564864473,372,8.0
373,-5.734001098277938,23.56804019356651,373,17.0
374,-5.649439126425752,23.59119551650808,374,17.0
375,-14.168579878463365,35.04094511872146,375,7.0
376,-6.8869012512608725,25.82704939410746,376,14.0
377,-9.752547279958474,30.083921428339032,377,10.0
378,-6.302922415871852,25.04525662481391,378,15.0
379,-12.362168400378252,33.1244677456824,379,8.0
380,-5.3417667592505715,22.958936761750635,380,18.0
381,-8.737256537425004,30.589412458881824,381,10.0
382,-8.982057247551849,28.782752285643884,382,11.0
383,-7.997244380360314,27.742539735533317,383,12.0
384,-10.829816829906548,31.52881424378279,384,9.0
385,-14.285710210870588,34.99271227473761,385,7.0
386,-6.468905334785936,24.999585108014866,386,15.0
387,-8.711030486099864,28.870111717405184,387,11.0
388,-12.254981610172154,33.167085560240714,388,8.0
389,-12.356863616614433,33.12693906586441,389,8.0
390,-33.333333333333094,47.14045207910334,390,3.0
391,-9.794670202026953,30.06999880730885,391,10.0
392,-12.475576711053167,33.08116939335358,392,8.0
393,-7.220610588662989,26.78545767255855,393,13.0
394,-12.499787066496712,33.07197187400383,394,8.0
395,-14.285654292484804,34.99273510362162,395,7.0
396,-12.103116969446042,33.22346016427841,396,8.0
397,-11.01716461309503,31.461265222877163,397,9.0
398,-6.023998949607958,24.265623930840515,398,16.0
399,-12.197082863310023,33.1884678004592,399,8.0
400,-6.409154884657568,25.015903921183018,400,15.0
401,-10.971538638191365,31.477090497202255,401,9.0
402,-14.14301597346381,35.05248984219415,402,7.0
403,-16.666662384575577,37.26780154000677,403,6.0
404,-16.528708210870338,37.33071298248177,404,6.0
405,-25.0,43.30127018922193,405,4.0
406,-12.475903988457047,33.081043467331725,406,8.0
407,-14.285667179559868,34.99272984238021,407,7.0
408,-24.897578804580576,43.36072566360928,408,4.0
409,-16.39924336473954,37.389118955592934,409,6.0
410,-24.999999989519765,43.3012701952727,410,4.0
411,-12.372394389109198,33.121639462407046,411,8.0
412,-9.06115700541918,28.75743750392933,412,11.0
413,-19.89355397610155,40.05375343185564,413,5.0
414,-19.838568367773313,40.08193490803848,414,5.0
415,-14.285470171807564,34.99281027523964,415,7.0
416,-24.997400751125813,43.302771054965994,416,4.0
417,-10.934057594364582,31.490079949724286,417,9.0
418,-8.068689996582458,27.72072926189288,418,12.0
419,-8.894429203082446,28.811020982325257,419,11.0
420,-8.26779759856011,27.659089529004664,420,12.0
421,-5.385495255745763,22.948860271263076,421,18.0
422,-10.97591624196317,31.476276982866867,422,9.0
423,-19.999648450898597,40.0001757803433,423,5.0
424,-14.233836140643831,35.01398820587341,424,7.0
425,-13.935206479180021,35.13784571695604,425,7.0
426,-5.705014133124327,24.351173264666283,426,16.0
427,-11.107387525377833,31.42828589286601,427,9.0
428,-11.047716786137782,31.44959126515302,428,9.0
429,-19.999924943951353,40.00003752828839,429,5.0
430,-16.445294451291304,37.36799219671491,430,6.0
431,-4.587851373555979,21.336581992031025,431,21.0
432,-9.923959778868076,30.026136097509717,432,10.0
433,-9.090884947487796,28.747986363720614,433,11.0
434,-19.999993933738565,40.00000303313231,434,5.0
435,-19.99090547976238,40.0045510173423,435,5.0
436,-5.518043858484766,23.621653045047097,436,17.0
437,-12.248573300422953,33.16814485418102,437,8.0
438,-12.334247661747339,33.135240844223944,438,8.0
439,-5.346899293311242,22.957724815601313,439,18.0
440,-8.12261925366866,27.704081296184167,440,12.0
441,-25.0,43.30127018922193,441,4.0
442,-11.079795675720609,31.438082405535294,442,9.0
443,-24.999999578793965,43.30127043240536,443,4.0
444,-14.047316333334653,35.09195165538248,444,7.0
445,-14.285584713253005,34.99276351006306,445,7.0
446,-9.688720472886946,30.1066751512279,446,10.0
447,-10.976750171072403,31.475442567183308,447,9.0
448,-8.655133597801141,28.88820314216774,448,11.0
449,-8.951134914973032,28.7934482071494,449,11.0
450,-12.406751417039153,33.10803650384777,450,8.0
451,-16.666666077528095,37.267799888467295,451,6.0
452,-14.265140846693757,35.00114308827142,452,7.0
453,-16.46090312207622,37.36086405730313,453,6.0
454,-16.594670850633406,37.30013126075761,454,6.0
455,-7.561043695008364,26.68608554589045,455,13.0
456,-6.68784948158182,25.88286217989554,456,14.0
457,-19.956021929560706,40.022079619038365,457,5.0
458,-19.999999999999996,40.0,458,5.0
459,-7.25440096133521,28.122216293194814,459,12.0
460,-24.99987158229395,43.30134433172299,460,4.0
461,-6.118482635213574,24.240735945520555,461,16.0
462,-14.281017377651754,34.99462984066221,462,7.0
463,-12.433478701892682,33.09721178172338,463,8.0
464,-7.125849248784186,28.15675694324162,464,12.0
465,-7.294860729847183,26.76492355593812,465,13.0
466,-19.995489064070945,40.002256379159924,466,5.0
467,-12.4327974620624,33.09742160910665,467,8.0
468,-12.27140956485188,33.1605416177467,468,8.0
469,-11.105419113255293,31.42898383444228,469,9.0
470,-9.819918720291843,30.061267158974974,470,10.0
471,-19.899175343865995,40.050888238471046,471,5.0
472,-8.169576436990218,27.689242564794526,472,12.0
473,-9.528505627613118,30.1595768733045,473,10.0
474,-5.1591722757209535,22.35529762257334,474,19.0
475,-19.999999718378206,40.0000001408109,475,5.0
476,-16.590341247500877,37.3020921911589,476,6.0
477,-19.99999705886058,40.00000147057012,477,5.0
478,-12.456025632488256,33.08868311006274,478,8.0
479,-14.124986305861524,35.05881749088725,479,7.0
480,-10.865817900797545,31.514624180362965,480,9.0
481,-8.734002182853924,30.58706111759271,481,10.0
482,-12.337874281622357,33.13376817255036,482,8.0
483,-4.811838961088769,21.839442144934754,483,20.0
484,-7.613693389935638,26.67078685135411,484,13.0
485,-4.362937740218964,20.871273200686566,485,22.0
486,-9.780011938671812,30.07516306131495,486,10.0
487,-8.672961716243744,28.88239872732443,487,11.0
488,-12.457459782096107,33.088130463642976,488,8.0
489,-6.222779998678722,24.213248377490498,489,16.0
490,-5.831533435368796,23.542237509465938,490,17.0
491,-14.168650234494729,35.04160634672837,491,7.0
492,-5.965019270328349,24.28317278317888,492,16.0
493,-19.9999998431965,40.000000078401754,493,5.0
494,-14.28240640368505,34.99406140186603,494,7.0
495,-11.098302407054941,31.431512919387625,495,9.0
496,-5.684700183962662,23.579818374973854,496,17.0
497,-19.840058433302282,40.08039146360968,497,5.0
498,-5.076566391636746,23.02446787128765,498,18.0
499,-16.541127936297173,37.32495560233896,499,6.0
