,layer_0_0,layer_0_1,layer_0_2,layer_0_3,layer_0_4,layer_1_0,layer_1_1,layer_1_2,layer_1_3,layer_1_4,layer_2_0,layer_2_1,layer_2_2,layer_2_3,layer_2_4,layer_3_0,layer_3_1,layer_3_2,layer_3_3,layer_3_4,layer_4_0,layer_4_1,layer_4_2,layer_4_3,layer_4_4
0,0.3,0.6504065040650406,0.0,0.06,-0.6835357521017353,0.3,0.6504065040650406,0.0,0.06,-0.6835357521017353,0.3,0.6504065040650406,0.0,0.06,-0.6835357521017353,0.30541833320764855,0.6650903338960665,0.0,0.06108366664152971,-0.6835357521017353,0.2768817783140329,0.5877554967859969,1.0,0.04153226674710493,-0.6835357521017353
1,0.3,0.6504065040650406,0.0,0.06,-0.6835357521017353,0.3,0.6504065040650406,0.0,0.06,-0.6835357521017353,0.3,0.6504065040650406,0.0,0.06,-0.6835357521017353,0.26866364769211254,0.5654841400870259,0.0,0.05373272953842251,-0.6835357521017353,0.2576602348045902,0.5356645929663691,1.0,0.03864903522068853,-1.1151156679126535
2,0.3,0.6504065040650406,0.0,0.06,-0.6835357521017353,0.3,0.6504065040650406,0.0,0.06,-0.6835357521017353,0.2815538339469406,0.6004168941651508,0.0,0.05631076678938812,-0.6835357521017353,0.2591898469509166,0.5398098833358175,0.0,0.05183796939018333,-0.8971405880673079,0.2653355739620436,0.556464970086839,1.0,0.03980033609430654,-1.0100509052706967
3,0.3,0.6504065040650406,0.0,0.06,-0.6835357521017353,0.28785297065028664,0.6174877253395302,0.0,0.05757059413005733,-0.6835357521017353,0.27185927529226855,0.5741443774858227,0.0,0.05437185505845371,-0.8023850325212405,0.2516205802118433,0.5192969653437488,0.0,0.050324116042368666,-0.9744691338545215,0.2627206747980756,0.5493785224880098,1.0,0.03940810121971134,-1.0474751639388225
4,0.2916128962771945,0.627677225683454,0.0,0.058322579255438906,-0.6835357521017353,0.27917567230768636,0.5939720116739468,0.0,0.055835134461537275,-0.7598121801902386,0.26510233020244506,0.5558328731773579,0.0,0.05302046604048902,-0.8726053302138821,0.24652395198884872,0.5054849647394274,0.0,0.04930479039776975,-1.0418028358182971,0.2636703722257009,0.551952228253932,1.0,0.03955055583385513,-1.0341394416100422
5,0.28428187461641663,0.6078099583100722,0.0,0.056856374923283326,-0.7354277591475357,0.2725979883441447,0.576146309875731,0.0,0.05451959766882895,-0.8190578944888407,0.25952150461822027,0.540708684602223,0.0,0.05190430092364406,-0.9253726571665092,0.23998532751870152,0.4877651152268334,0.0,0.047997065503740305,-1.0903038389317536,0.25035588230977807,0.5158695997554962,1.0,0.037553382346466706,-1.1701583403388436
6,0.2782443565826638,0.591448120820227,0.0,0.05564887131653276,-0.7836721730604388,0.2671639451558871,0.5614199055715098,0.0,0.05343278903117742,-0.8670365783960573,0.25433460403651836,0.5266520434593994,0.0,0.05086692080730368,-0.9716375850542194,0.23420737188887567,0.47210669888584195,0.0,0.04684147437777514,-1.156715791573972,0.24247330775691672,0.4945076090973353,1.0,0.036370996163537506,-1.2450530514063498
7,0.2731111405905419,0.5775369663700324,0.0,0.054622228118108386,-0.8256816416175268,0.2623605755888303,0.5484026438721689,0.0,0.05247211511776606,-0.9089120589024813,0.24959942019150855,0.5138195669146574,0.0,0.049919884038301714,-1.0170440160350438,0.22807711535105196,0.4554935375367262,0.0,0.045615423070210395,-1.2197702028677975,0.223401220507618,0.4428217357930027,1.0,0.033510183076142695,-1.4976166162690512
8,0.26858163495488,0.5652618833465584,0.0,0.053716326990976004,-0.863190387077058,0.2580160009143883,0.53662872876528,0.0,0.051603200182877666,-0.9477817530460264,0.24517045410233845,0.501816948786825,0.0,0.049034090820467696,-1.0607144166331728,0.22725860967381564,0.4532753649696901,0.0,0.04545172193476313,-1.2917134920697102,0.24386711220069926,0.49828485691246416,1.0,0.03658006683010489,-1.170417348931981
9,0.2644935090851008,0.5541829514501376,0.0,0.05289870181702016,-0.8977799982528876,0.25401419780561263,0.5257837338905491,0.0,0.050802839561122526,-0.9845680188623291,0.24162320749429722,0.49220381434768895,0.0,0.04832464149885945,-1.1036493413545279,0.23840713224502563,0.48348816326565214,0.0,0.04768142644900513,-1.3017463036812154,0.25598843148155037,0.531133960654608,1.0,0.03839826472223255,-0.9389604284742685
10,0.26074340862572104,0.5440200775764797,0.0,0.05214868172514421,-0.9302968505388152,0.2504388368792989,0.5160944088869889,0.0,0.050087767375859786,-1.0199299934312687,0.240866630587329,0.4901534704263658,0.0,0.0481733261174658,-1.1396102385134088,0.24532179681665728,0.5022270916440577,0.0,0.04906435936333146,-1.17351055295049,0.25214627996795536,0.5207216259294183,1.0,0.0378219419951933,-0.9840288770124294
11,0.25731013772578215,0.5347158203950736,0.0,0.051462027545156434,-0.9612870084140164,0.247787308677658,0.5089086956034092,0.0,0.049557461735531605,-1.0528099366785908,0.24203027166533045,0.4933069692827384,0.0,0.04840605433306609,-1.1474712908561564,0.2443086512739587,0.4994814397668258,0.0,0.04886173025479174,-1.1021470271008507,0.2427052894817413,0.49513628585837755,1.0,0.0364057934222612,-1.123705211203016
12,0.25432489335530806,0.5266257272501573,0.0,0.050864978671061614,-0.9906993728364608,0.24621154623038616,0.5046383366677132,0.0,0.04924230924607723,-1.0780274291228156,0.2426313976237216,0.49493603692065474,0.0,0.04852627952474432,-1.1354090724994197,0.240309617822999,0.48864395073983474,0.0,0.048061923564599804,-1.1122530983168064,0.23476573985681667,0.4736198912108853,1.0,0.0352148609785225,-1.2378163016621877
13,0.251899711878616,0.5200534197252465,0.0,0.0503799423757232,-1.01713133951572,0.24524208576863454,0.502011072543725,0.0,0.04904841715372691,-1.0933662530450692,0.24203915424611108,0.4933310413173742,0.0,0.04840783084922222,-1.1292409337668994,0.24384707523510413,0.49823055619269413,0.0,0.04876941504702083,-1.153303080319995,0.24460831583547604,0.5002935388495285,1.0,0.0366912473753214,-1.0615949292304134
14,0.24998125023347442,0.5148543366760825,0.0,0.04999625004669489,-1.0392232857754176,0.24439055588475994,0.49970340348173425,0.0,0.04887811117695199,-1.1029379658567322,0.24251371238709044,0.49461710674008247,0.0,0.04850274247741809,-1.1353176180017117,0.2461545149675229,0.5044837803997911,0.0,0.049230902993504584,-1.116895816906566,0.2432554801027486,0.49662731735162224,1.0,0.03648832201541229,-1.0735095767548959
15,0.2484177256490378,0.5106171426803192,0.0,0.04968354512980756,-1.0571099277305651,0.24389557260261824,0.4983619853729492,0.0,0.04877911452052365,-1.1114318023233154,0.2434880997346918,0.4972577228582434,0.0,0.04869761994693836,-1.1304451504279232,0.2482056625397289,0.5100424459071244,0.0,0.04964113250794578,-1.0939264655229863,0.24311658979939652,0.4962509208655732,1.0,0.03646748846990948,-1.068270571598479
16,0.24718192995718302,0.5072681028649947,0.0,0.049436385991436606,-1.0719653058028367,0.24378826779608984,0.49807118643926784,0.0,0.04875765355921797,-1.1164068669503906,0.24477149437388204,0.5007357571107914,0.0,0.04895429887477641,-1.1205233984043335,0.24664777997537854,0.5058205419386952,0.0,0.04932955599507571,-1.0739998217605633,0.2376105317545847,0.481329354348468,1.0,0.0356415797631877,-1.151267792587613
17,0.24626960095879083,0.5047956665549888,0.0,0.04925392019175817,-1.0838886168967936,0.24404807494114775,0.4987752708432188,0.0,0.048809614988229555,-1.1174890743541093,0.2452775665973782,0.5021072265511605,0.0,0.04905551331947564,-1.107621931705836,0.2629763336251713,0.5500713648378627,0.0,0.05259526672503426,-1.089092940205819,0.2621206526336184,0.5477524461615675,1.0,0.03931809789504276,-0.7947917496070249
18,0.24567825407804467,0.5031931004825059,0.0,0.04913565081560894,-1.0927963534199183,0.24437312373138956,0.49965616187368445,0.0,0.04887462474627791,-1.1148710929330983,0.2504508810864674,0.5161270490148169,0.0,0.05009017621729348,-1.1025858171935345,0.2596725681839614,0.541118070959245,0.0,0.05193451363679228,-0.9426962534992317,0.24123491874880587,0.49115154132467714,1.0,0.03618523781232088,-1.0849426283931516
19,0.2453327377541644,0.5022567418812043,0.0,0.04906654755083288,-1.0986187031287373,0.24603065660952678,0.5041481208930265,0.0,0.04920613132190536,-1.1116065389472793,0.25316006267036195,0.5234690045267262,0.0,0.050632012534072394,-1.0526970437374308,0.25478983663742344,0.527885736144779,0.0,0.05095796732748469,-0.9703510207062669,0.23650491662657297,0.47833310738908663,1.0,0.03547573749398594,-1.1586141973734134
20,0.24551867971643804,0.5027606496380435,0.0,0.04910373594328761,-1.102038520136319,0.24801702298940353,0.5095312276135597,0.0,0.04960340459788071,-1.0951443439596436,0.2536335206493298,0.5247520884805686,0.0,0.05072670412986596,-1.027671280074582,0.25157700225595897,0.5191788679023278,0.0,0.050315400451191795,-1.012960314425412,0.23674385224259614,0.4789806293837294,1.0,0.03551157783638942,-1.1534401737441398
21,0.2461942933158255,0.5045915808016952,0.0,0.0492388586631651,-1.100196474549038,0.24960506415644526,0.5138348622125888,0.0,0.04992101283128905,-1.0758136079746998,0.25304187387065996,0.5231487096765852,0.0,0.05060837477413199,-1.0233715479704715,0.24550589225926875,0.5027259952825711,0.0,0.04910117845185375,-1.0422062519014097,0.22880899161570536,0.457476942047982,1.0,0.0343213487423558,-1.2859357510711198
22,0.2471341589316312,0.5071386420911415,0.0,0.049426831786326245,-1.0935356890869703,0.25058841907256274,0.5164997806844519,0.0,0.05011768381451255,-1.0606610282805953,0.250933762807752,0.5174356715657236,0.0,0.0501867525615504,-1.028747988469133,0.23876581826366228,0.48446021209664575,0.0,0.04775316365273246,-1.1003230311925662,0.2221970404429774,0.4395583751842206,1.0,0.03332955606644661,-1.4023940790924265
23,0.24810407423903708,0.5097671388591791,0.0,0.04962081484780742,-1.0843528033422294,0.2506875284861692,0.5167683698812173,0.0,0.050137505697233846,-1.0514089134975992,0.247701358889784,0.5086757693490082,0.0,0.04954027177795681,-1.0481829787694823,0.23622806896652604,0.47758284272771284,0.0,0.04724561379330521,-1.1696660799829623,0.22992432998250767,0.46049953924798825,1.0,0.03448864949737615,-1.2737105878908321
24,0.2488396734514767,0.5117606326598285,0.0,0.04976793469029534,-1.0749761342307278,0.2498393857761038,0.5144698801520428,0.0,0.04996787715522076,-1.0504818782371714,0.24477538976945687,0.5007463137383655,0.0,0.048955077953891375,-1.0788571948256607,0.2405513429497344,0.4892990323841041,0.0,0.04811026858994688,-1.1972213570496588,0.2421376508201991,0.49359796970243663,1.0,0.03632064762302987,-1.077018280746743
25,0.24912569232421106,0.5125357515561275,0.0,0.04982513846484221,-1.0679312379779133,0.24842960660243735,0.5106493403860091,0.0,0.04968592132048747,-1.0584473859205334,0.2436804352503459,0.49777895731801064,0.0,0.04873608705006918,-1.1075830573781889,0.24319858601643754,0.49647313283587413,0.0,0.04863971720328751,-1.1507676344692728,0.24138765314593766,0.4915654556800479,1.0,0.03620814797189065,-1.0916874345987047
26,0.24892758297122186,0.5119988698407096,0.0,0.04978551659424438,-1.0652073165628821,0.24712887885234458,0.5071243329331832,0.0,0.049425775770468916,-1.0718514611484524,0.2435537281570578,0.4974355776614033,0.0,0.04871074563141156,-1.1185779344110265,0.2505707822945367,0.5164519845380399,0.0,0.05011415645890735,-1.1234598638116828,0.2491319771225935,0.5125527835300637,1.0,0.03736979656838902,-0.9719632962927011
27,0.24842140279609187,0.5106271078484875,0.0,0.04968428055921838,-1.0670931176357321,0.24616089992316356,0.5045010838026113,0.0,0.04923217998463272,-1.084404124455799,0.2455007036073225,0.502711933895183,0.0,0.04910014072146451,-1.1198590915158904,0.2522753762711891,0.5210714804097266,0.0,0.05045507525423783,-1.0515739859734823,0.24409315776055435,0.49889744650556733,1.0,0.03661397366408315,-1.048975851826929
28,0.2477935890298125,0.5089257155279472,0.0,0.0495587178059625,-1.071930069371333,0.24598126151290545,0.5040142588425622,0.0,0.049196252302581095,-1.0938637289940414,0.24742063138107354,0.5079149901926112,0.0,0.04948412627621471,-1.1003743881280081,0.24931510501537266,0.5130490650823107,0.00874555707900383,0.049863021003074534,-1.0357637929215455,0.23720057119627147,0.48021835012539693,0.9912544429209962,0.035580085679440716,-1.1579967569523986
29,0.24729493639015365,0.50757435336085,0.0,0.04945898727803073,-1.077966828992405,0.24637630421282872,0.5050848352651185,0.0,0.04927526084256575,-1.0956305081318496,0.24791411582284784,0.5092523464033817,0.0,0.04958282316456957,-1.0815728560364826,0.2571821370949378,0.5343689352166336,0.040000000000000036,0.05143642741898757,-1.0646785224549309,0.2519139546126838,0.5200920179205523,0.96,0.037787093191902564,-0.9283499724369103
30,0.2470431504590585,0.5068920066641152,0.0,0.049408630091811706,-1.0827915222446725,0.24679950956264912,0.5062317332321115,0.0,0.04935990191252983,-1.0917498534277177,0.25043633672845583,0.5160876334104494,0.0,0.05008726734569117,-1.0768046597611902,0.25403483468320565,0.5258396603880912,0.06666666666666671,0.050806966936641135,-0.9972027897345348,0.23968963115553427,0.48696377006919855,0.9333333333333333,0.035953444673330136,-1.1131829260915442
31,0.24697640673472773,0.5067111293624058,0.0,0.04939528134694555,-1.0852378047613875,0.24781697264030675,0.5089890857460888,0.0,0.049563394528061355,-1.0876114683528446,0.2511837348188969,0.5181131024902355,0.0,0.05023674696377938,-1.0528333729744588,0.24590180656514715,0.5037989337808866,0.10096270751246543,0.049180361313029435,-1.0289773700294425,0.22798950401727827,0.4552561084479086,0.8990372924875345,0.03419842560259174,-1.3061071610647716
32,0.24720798115683115,0.5073387023220357,0.0,0.049441596231366236,-1.085887414747422,0.24876822677828908,0.5115670102392658,0.0,0.04975364535565782,-1.0777412336952374,0.24932367339872677,0.5130722856334059,0.0,0.04986473467974536,-1.0458554206633903,0.23975790084146548,0.4871487827681991,0.13381297149119645,0.047951580168293095,-1.1107096473744957,0.22800030162138737,0.45528537024766225,0.8661870285088036,0.034200045243208105,-1.3056476059103803
33,0.24764174898069566,0.508514224879934,0.0,0.04952834979613913,-1.0836355834740594,0.24892465712357945,0.5119909407143075,0.0,0.04978493142471589,-1.068612997911252,0.246296965458868,0.5048698250917832,0.0,0.0492593930917736,-1.0633268115931598,0.23309659229521476,0.4690964560845929,0.17856206578629927,0.046619318459042956,-1.1810480216758499,0.2232677900388917,0.44246013560675257,0.8214379342137007,0.03349016850583375,-1.387819652276782
34,0.24800086151533238,0.5094874295808466,0.0,0.04960017230306648,-1.0794331360738805,0.24819547357656221,0.510014833540819,0.0,0.04963909471531244,-1.067120999391984,0.24257793150343973,0.49479114228574456,0.0,0.048515586300687946,-1.0925278552893036,0.2257120828945738,0.4490842354866499,0.22476169619969485,0.04514241657891477,-1.2600001294531054,0.21469210220867688,0.4192197891834062,0.7752383038003051,0.03220381533130153,-1.5409893101965664
35,0.24805534814025787,0.5096350898109969,0.0,0.04961106962805158,-1.0759691773324087,0.24668109608132013,0.5059108294886725,0.0,0.04933621921626403,-1.074097693354355,0.23840475701340003,0.48348172632357733,0.0,0.04768095140268001,-1.1297878255676452,0.2351290015675958,0.47460434029158755,0.1881518991268121,0.04702580031351916,-1.3604836088289483,0.24998710808222094,0.5148702116049348,0.8118481008731879,0.03749806621233314,-0.9565657119947774
36,0.2476741340679531,0.5086019893440463,0.0,0.04953482681359062,-1.075444803143655,0.24454768892627696,0.5001292382825934,0.0,0.04890953778525539,-1.088767430939019,0.2369566030405077,0.479557189811674,0.0,0.04739132060810154,-1.1735360655006257,0.23006829523759584,0.46088968899077465,0.25074702421148043,0.04601365904751917,-1.2459391859150577,0.22817603771037293,0.45576161981130875,0.7492529757885196,0.034226405656555936,-1.307145065817088
37,0.2468237581851629,0.506297447656268,0.0,0.04936475163703258,-1.0791201895768336,0.24265193070851196,0.49499168213688877,0.0,0.048530386141702395,-1.1098582842179263,0.23474427593996555,0.4735617234145408,0.0,0.04694885518799311,-1.1892253822446461,0.2469157263146412,0.5065466837795155,0.2373951879144788,0.049383145262928245,-1.3154186649704536,0.26164871627855013,0.5464734858497293,0.7626048120855212,0.039247307441782515,-0.8002437590576839
38,0.24571647064398697,0.5032966684118888,0.0,0.04914329412879739,-1.0873749389150706,0.24075332923791637,0.48984642069896034,0.0,0.04815066584758328,-1.129030994938076,0.2365561488885111,0.4784719482073471,0.0,0.04731122977770222,-1.2137249782677,0.2417383044193031,0.4925157301336128,0.2876112329575176,0.048347660883860624,-1.1324928965136143,0.23585046663559214,0.4765595301777565,0.7123887670424823,0.03537756999533882,-1.1737402299965316
39,0.24443555678114862,0.4998253571304841,0.0,0.04888711135622972,-1.098241260424073,0.23974797448440513,0.48712188207155865,0.0,0.047949594896881026,-1.1486544705404447,0.23656763545551507,0.478503077115217,0.0,0.047313527091103015,-1.1936119014139317,0.24049052919260122,0.4891342254542039,0.29559086411200075,0.04809810583852025,-1.1930647278228628,0.24082502768506736,0.4900407254337869,0.7044091358879994,0.036123754152760104,-1.089544735520047
40,0.24325401867396548,0.49662335684001485,0.0,0.0486508037347931,-1.110980881081887,0.23899537868365572,0.4850823270559776,0.0,0.047799075736731145,-1.1592218136083428,0.23600624034237683,0.47698168114465267,0.0,0.047201248068475365,-1.1934857860624326,0.24218923575679108,0.49373776627856664,0.3152965120774129,0.04843784715135822,-1.2213665481606204,0.24626521667450657,0.504783785025763,0.6847034879225871,0.03693978250117599,-1.003043860647719
41,0.2422024446167398,0.4937735626469913,0.0,0.04844048892334796,-1.1228968735480929,0.23829858619886554,0.483194000538931,0.0,0.04765971723977311,-1.1672141226030668,0.23607127101647477,0.477157916033807,0.0,0.047214254203294954,-1.1996699306108243,0.25667325877274544,0.5329898611727519,0.3428083307113632,0.05133465175454909,-1.1965173143735224,0.2660653492459535,0.5584426808833428,0.6571916692886368,0.03990980238689302,-0.7546716434860095
42,0.24125621053311574,0.49120924263717003,0.0,0.048251242106623154,-1.133638054665277,0.23778398733506234,0.4817994236722557,0.0,0.04755679746701247,-1.174677186617676,0.23950310959134655,0.4864582915754649,0.0,0.04790062191826931,-1.1989514368838834,0.25128544586976204,0.5183887421944771,0.37301502619935567,0.05025708917395241,-1.0591130602931043,0.241439636609134,0.4917063322740759,0.6269849738006443,0.0362159454913701,-1.0694546610296514
43,0.24042789818592725,0.48896449372880013,0.0,0.048085579637185454,-1.143414844520886,0.23818886720064672,0.4828966590803434,0.0,0.047637773440129344,-1.180228453796466,0.24060385301099843,0.4894413360731665,0.005472084482847992,0.048120770602199686,-1.1618144535324195,0.25427071448012734,0.5264789010301554,0.3873111866872685,0.05085414289602547,-1.115564957718339,0.2532167917083573,0.5236227417570659,0.6072167288298835,0.037982518756253594,-0.9036379314505446
44,0.23989790920310516,0.4875282092225072,0.0,0.04797958184062104,-1.1520615502059972,0.23873558302470954,0.48437827377970066,0.0,0.04774711660494191,-1.1758579502223168,0.24205703827759403,0.4933795075273551,0.019804851653446583,0.04841140765551881,-1.1513323724828706,0.2653821468469046,0.5565911838669502,0.39137312249132156,0.05307642936938092,-1.0882013807995565,0.2695634502251002,0.5679226293363149,0.5888220258552319,0.04043451753376503,-0.7244662570306931
45,0.23962363865570252,0.4867849286062399,0.0,0.04792472773114051,-1.1576379631088793,0.2394096358322295,0.4862049751550935,0.0,0.0478819271664459,-1.1699895200976225,0.24520333090397037,0.5019060458102178,0.033090725770010855,0.04904066618079408,-1.1402586022402883,0.267808642413657,0.5631670526115365,0.39516877879143164,0.0535617284827314,-1.0059988381799003,0.2622124059377812,0.5480011001023881,0.5717404954385575,0.03933186089066718,-0.7993402040975945
46,0.23957309257992135,0.4866479473710606,0.0,0.047914618515984275,-1.1605373572648578,0.24061881641087932,0.48948188729235587,0.0,0.048123763282175866,-1.1628061216899785,0.2479698978806003,0.5094035172915997,0.0454790150359591,0.049593979576120065,-1.111547183548986,0.258707535689589,0.5385028067468536,0.3987082900102739,0.0517415071379178,-0.9850092459826401,0.24330858706735126,0.4967712386649086,0.5558126949537668,0.03649628806010269,-1.0357921262588188
47,0.2398219046584543,0.4873222348467596,0.0,0.047964380931690864,-1.1610727114079273,0.2422044621801448,0.4937790302984954,0.0,0.04844089243602896,-1.1500611805476495,0.24783421172247067,0.5090358041259367,0.05705807310346622,0.049566842344494134,-1.0856546900387323,0.24946936504029568,0.5134671139303406,0.4020165923152761,0.04989387300805914,-1.0549829450247563,0.2367539458365484,0.47900798329687916,0.5409253345812577,0.03551309187548226,-1.1341694634632056
48,0.240396510046275,0.4888794310197154,0.0,0.048079302009255004,-1.1584404976000038,0.24329878682221293,0.49674467973499437,0.0,0.048659757364442585,-1.1336173222399497,0.24507647834946686,0.5015622719497747,0.06790468336998175,0.04901529566989338,-1.0898578221126252,0.24551393506250918,0.5027477914973149,0.4051156238199948,0.04910278701250184,-1.150689237072285,0.2427872176622017,0.49535831344770115,0.5269796928100234,0.036418082649330254,-1.0437458987079427
49,0.24110686302351952,0.49080450683880633,0.0,0.04822137260470391,-1.152390849145543,0.24330578362083088,0.4967636412488642,0.0,0.04866115672416618,-1.122442454967277,0.24150816123844407,0.49189203587654223,0.07950923153585841,0.04830163224768882,-1.1221574977182416,0.25917636082541956,0.5397733355702428,0.3972366596835764,0.051835272165083913,-1.2035820489476832,0.2740239987049397,0.5800108365987526,0.5232541087805653,0.04110359980574096,-0.6835357521017353
50,0.2416504343102764,0.49227759975684665,0.0,0.04833008686205528,-1.144967739760826,0.24244843404452077,0.4944402006626579,0.0,0.048489686808904156,-1.1223714550057184,0.24258672840347,0.49481498212322494,0.08716085905293755,0.048517345680694005,-1.158587764510587,0.26479388041214147,0.5549969658865622,0.41098620922024587,0.0529587760824283,-1.0505335846930794,0.2626603351180959,0.5492150003200431,0.5018529317268166,0.03939905026771438,-0.7933140912597758
51,0.24184809439234592,0.4928132639358968,0.0,0.04836961887846919,-1.1393286242518046,0.24189513839334414,0.49294075445350716,0.0,0.048379027678668834,-1.131113813579593,0.24366593389331262,0.4977396582474597,0.09644163031861375,0.04873318677866253,-1.1545319845390922,0.2653797337750459,0.5565846443768182,0.4134496186715978,0.053075946755009186,-1.0245328218472558,0.25993217246273026,0.5418216055900549,0.4901087510097884,0.038989825869409536,-0.8230375351403879
52,0.24185973571291555,0.49284481223012344,0.0,0.04837194714258311,-1.1372868232038973,0.2416995372102213,0.4924106699463992,0.0,0.048339907442044264,-1.1368015504161062,0.24460366893273575,0.5002809456171701,0.11040100990233415,0.048920733786547155,-1.1450317893843103,0.25346187745086635,0.5242869307611554,0.4105710678920234,0.050692375490173275,-1.0166134625663958,0.23929766007835515,0.4859015178275207,0.4790279222056423,0.03589464901175327,-1.1012808192139687
53,0.24182013907192898,0.49273750425997015,0.0,0.0483640278143858,-1.1371667150406883,0.24169426043339648,0.49239636973820183,0.0,0.0483388520866793,-1.1388209634523327,0.24190264960965652,0.4929611100532697,0.12650260443790806,0.04838052992193131,-1.1390419131150409,0.262889504179663,0.5498360546874336,0.40482049841503276,0.052577900835932605,-1.1297442300364318,0.2695630337458274,0.567921500666199,0.4686768971470592,0.04043445506187411,-0.7217974497256747
54,0.2417890429651695,0.49265323296793906,0.0,0.0483578085930339,-1.1375753152606045,0.24100444810886765,0.4905269596446278,0.0,0.04820088962177353,-1.1388755047399002,0.24253269605894984,0.4946685530052841,0.13992023211451068,0.04850653921178997,-1.168838310932639,0.25589666108061127,0.5308852603810603,0.4002262547041716,0.05117933221612225,-1.0282262775934583,0.24500600221594254,0.5013712797180014,0.45985351318131773,0.03675090033239138,-1.015718784946148
55,0.24159620261919823,0.49213063040433125,0.0,0.04831924052383965,-1.1378963287118937,0.2404174051621354,0.48893605734996043,0.0,0.04808348103242708,-1.1460341905348688,0.2400310576257629,0.48788904505626807,0.1396076929186287,0.04800621152515258,-1.171862850993037,0.2517874763343797,0.5197492583587526,0.4003716905073223,0.05035749526687594,-1.1099838633364394,0.24852070718035954,0.5108962254210285,0.460020616574049,0.03727810607705393,-0.9661276158736447
56,0.2413083755476833,0.4913506112403342,0.0,0.04826167510953666,-1.139889644634716,0.23922944886301162,0.48571666358539733,0.0,0.047845889772602325,-1.1521716211178623,0.23599449462735322,0.47694984993862666,0.1371166763010082,0.04719889892547065,-1.2073069514834334,0.2508381723480964,0.5171766188295296,0.3971604659701136,0.050167634469619284,-1.174967153119184,0.25460788486897484,0.527392641921341,0.4657228577288782,0.038191182730346225,-0.8863287293056957
57,0.24080687301470172,0.4899915257850995,0.0,0.04816137460294034,-1.1428730722080054,0.23752948167890628,0.4811097064469005,0.0,0.047505896335781256,-1.1647208073016688,0.2330595330933409,0.4689960246432003,0.13299484137597203,0.04661190661866818,-1.2495361916916625,0.24421167106406913,0.49921862076983503,0.39881572257778036,0.04884233421281383,-1.1762756588739123,0.24395072128963094,0.49851143980929796,0.4681894360462475,0.03659260819344464,-1.0299542795447307
58,0.24003100516721534,0.4878889028921825,0.0,0.04800620103344307,-1.148095131285078,0.23571928771023387,0.47620403173505116,0.0,0.04714385754204678,-1.1829865024208621,0.2297432701353922,0.46000886215553444,0.13299638053338203,0.04594865402707844,-1.2794621013084289,0.2460320398489413,0.504151869509326,0.38687482787265487,0.04920640796978826,-1.2415337140742937,0.2544696535728691,0.5270180313627889,0.48012879159396316,0.038170448035930366,-0.8878241638081573
59,0.2390340097969356,0.48518701841987966,0.0,0.04780680195938712,-1.1562343148545824,0.23371675173739767,0.4707771049793975,0.0,0.046743350347479534,-1.2028470609221817,0.2276996036114854,0.4544704704918303,0.12803216787917288,0.04553992072229708,-1.318714057703252,0.24471433083408967,0.5005808423688067,0.3943617457787555,0.048942866166817936,-1.2127213313759544,0.24900217709130312,0.5122010219276507,0.4776060863420716,0.03735032656369547,-0.9574173573939601
60,0.23783864969128496,0.48194756013898365,0.0,0.047567729938256996,-1.1668021509648878,0.23180609150888298,0.4655991639807127,0.0,0.0463612183017766,-1.225328992986546,0.22572730195516424,0.44912547955329063,0.12656286218334514,0.04514546039103285,-1.3435165607308293,0.2518596577119614,0.5199448718481339,0.39149812836474995,0.05037193154239228,-1.2319426431803016,0.2644489428376061,0.5540621757116697,0.48193900945190493,0.03966734142564091,-0.777052273377072
61,0.2365229161693798,0.4783818866378856,0.0,0.04730458323387596,-1.179637171096927,0.2300439660517886,0.46082375623790944,0.0,0.046008793210357724,-1.2472989123427258,0.22644279287740918,0.4510644793425723,0.12140939356480855,0.045288558575481835,-1.3628343256179434,0.24763056592151297,0.508483918486485,0.40884001805590675,0.0495261131843026,-1.1384633272255054,0.24472750692955217,0.5006165499445858,0.46975058837928474,0.03670912603943283,-1.0126670253907697
62,0.23515270632193924,0.4746685808182635,0.0,0.047030541264387854,-1.193976873733862,0.22867441990265042,0.4571122490586732,0.0,0.045734883980530085,-1.268027568382221,0.22503942336350136,0.44726130992818797,0.1301335608519831,0.045007884672700275,-1.3601517569772983,0.23425707147474342,0.4722413861104158,0.41504227544693356,0.046851414294948684,-1.212115876517809,0.22786969448257427,0.4549314213619899,0.45482416370108336,0.03418045417238614,-1.2681063296883068
63,0.23382101696166036,0.4710596665627652,0.0,0.046764203392332074,-1.209152617399402,0.22738657597890136,0.4536221571243939,0.0,0.04547731519578027,-1.2844578955600385,0.22234144517683316,0.43994971592637716,0.12713391164701943,0.044468289035366634,-1.374888370514266,0.24944330341756463,0.5133964862264624,0.3760594887822339,0.04988866068351293,-1.3160684835967513,0.27545411044198786,0.5838864781625688,0.49680659957074663,0.04131811656629818,-0.6835357521017353
64,0.23253406150949962,0.4675719824105681,0.0,0.04650681230189993,-1.224144865329304,0.22589099289514294,0.44956908643670174,0.0,0.04517819857902859,-1.3001708196591582,0.22255371744328356,0.44052497952109365,0.11785630155504534,0.04451074348865672,-1.413183294090655,0.25254649639192495,0.5218062232843494,0.406905590063399,0.05050929927838499,-1.1702924475245966,0.26001287677133084,0.5420403164534711,0.4752381083815558,0.039001931515699625,-0.8287558297684471
65,0.23124299034462614,0.4640731445653825,0.0,0.04624859806892523,-1.2388672075887999,0.22473113651468654,0.44642584421324266,0.0,0.04494622730293731,-1.3187470464712157,0.22326934267864013,0.4424643433025478,0.1175095778731363,0.04465386853572803,-1.4079966036085898,0.25684818064024567,0.5334639041741075,0.4106547434878882,0.05136963612804914,-1.1504301053618613,0.26794034230058544,0.5635239628742154,0.4718356786389755,0.04019105134508782,-0.7541033593017948
66,0.23000994014934226,0.46073154512016873,0.0,0.046001988029868456,-1.2538734365964344,0.22398064831069917,0.44439200084200314,0.0,0.04479612966213983,-1.333403068403276,0.22564293451547382,0.44889684150534914,0.11896080953062087,0.045128586903094764,-1.390997577468828,0.25074088503915487,0.5169129675857855,0.40997943285663,0.050148177007830974,-1.0895340401839977,0.24312312793944593,0.4962686394022925,0.47105975761274915,0.03646846919091689,-1.026758426639343
67,0.22889299217926545,0.4577045858516679,0.0,0.04577859843585309,-1.2684323458681106,0.22373752468756852,0.44373312923460306,0.0,0.044747504937513706,-1.3430052786875881,0.22603444903773193,0.44995785647081826,0.12169750110926991,0.04520688980754639,-1.3612104108545944,0.24961051766145187,0.5138496413589482,0.408067236721731,0.049922103532290374,-1.154692328146793,0.2522324572925898,0.5209551688146066,0.4702352621689991,0.03783486859388847,-0.9154798381331232
68,0.22795330912820946,0.4551580193176408,0.0,0.04559066182564189,-1.2818165813570297,0.22348236838212007,0.4430416487320327,0.0,0.044696473676424014,-1.3461362998257693,0.22505122636653307,0.4472932963862685,0.1227993186943986,0.04501024527330662,-1.3654657644122954,0.2439939548678241,0.4986286039778431,0.40104067223464474,0.04879879097356482,-1.1894834450932719,0.24511162896731986,0.5016575310767476,0.4761600090709567,0.036766744345097975,-0.9999090370345659
69,0.2271499035843585,0.45298076852129676,0.0,0.0454299807168717,-1.2932243140428545,0.2231861060429717,0.442238769764151,0.0,0.04463722120859434,-1.3494330825669367,0.22384979989485088,0.44403739808902676,0.12394392863195805,0.04476995997897018,-1.3722113932702718,0.2452799478920554,0.5021136799242694,0.3927806886433758,0.049055989578411084,-1.2313505774268991,0.2563404883914424,0.5320880444212531,0.48327538272466614,0.03845107325871636,-0.8726784432152993
70,0.2264467546600947,0.45107521588101546,0.0,0.04528935093201894,-1.3030866948897517,0.22270399036416086,0.440932223209108,0.0,0.04454079807283218,-1.353274936246355,0.22378405615575966,0.44385923077441647,0.1196358964718814,0.04475681123115194,-1.3914861519737278,0.25640542985795495,0.5322640375554335,0.40644129324571415,0.05128108597159099,-1.1683966283454548,0.2778332050122652,0.590333888922128,0.47392281028240446,0.04167498075183978,-0.6835357521017353
71,0.2257914942962859,0.44929944253736015,0.0,0.04515829885925718,-1.3118022179346582,0.2223252374519433,0.43990579255269185,0.0,0.04446504749038866,-1.3595591733143069,0.22523515918979606,0.44779175932194054,0.11906304587872234,0.04504703183795922,-1.389808750899391,0.261356184701486,0.5456807173482007,0.40993185858244857,0.05227123694029721,-1.1006052900552759,0.27805010544412684,0.5909216949705335,0.4710050955388291,0.04170751581661902,-0.6835357521017353
72,0.22519171443600136,0.4476740228617923,0.0,0.045038342887200274,-1.3199956686728385,0.2222297553697195,0.4396470335222751,0.0,0.044445951073943904,-1.3645243836904672,0.22727138318683268,0.45330998153613195,0.12060176880456606,0.045454276637366536,-1.3720526738960168,0.26476229616366653,0.5549113717172535,0.40921583509645043,0.05295245923273331,-1.0561413345743398,0.27825305629540936,0.5914716972775321,0.4701823960989836,0.041737958444311406,-0.6835357521017353
73,0.22468365333986862,0.4462971635226792,0.0,0.044936730667973726,-1.327556665373975,0.22245285461302497,0.44025163851768284,0.0,0.044490570922605,-1.3657800462216187,0.22914012263318403,0.4583743160790895,0.12266928257084997,0.04582802452663681,-1.348590459027598,0.26127361995160603,0.5454569646384987,0.4082537460878187,0.05225472399032121,-1.037130975848421,0.26109583162434963,0.544975153453522,0.46907697134133136,0.03916437474365244,-0.8291905153705472
74,0.224302935186006,0.4452654070081463,0.0,0.0448605870372012,-1.3340078040947072,0.22296999912490048,0.4416531141596219,0.0,0.0445939998249801,-1.3628486101166617,0.23005336976876203,0.4608492405657508,0.12487002609578961,0.04601067395375241,-1.3241009883262764,0.25569442787302055,0.5303372029079148,0.4072296604489756,0.05113888557460411,-1.065990556672429,0.25178786244077783,0.5197503047175551,0.4679003134552348,0.03776817936611667,-0.9235320833252986
75,0.22407571782310615,0.44464964179703564,0.0,0.04481514356462123,-1.3388701623114008,0.22352465457699586,0.44315624546611343,0.0,0.04470493091539918,-1.356086863607251,0.23143808952056022,0.4646018686194044,0.1256871249252018,0.046287617904112045,-1.3151325486491579,0.26665186272365987,0.5600321483026013,0.4068494347810439,0.053330372544731976,-1.0282655078452736,0.2787167167011323,0.5927282295423639,0.4674634402937543,0.041807507505169844,-0.6835357521017353
76,0.2239816829974876,0.44439480487124017,0.0,0.04479633659949753,-1.341783664432275,0.22424286160588686,0.44510260597801315,0.0,0.04484857232117737,-1.348885950754714,0.2328599580339191,0.468455170823629,0.12734199975159538,0.046571991606783825,-1.2971699287745124,0.25816033526804777,0.5370198787751972,0.40607936161050523,0.05163206705360956,-1.0171035234339911,0.2468550573079198,0.5063822691271539,0.4665786386378994,0.03702825859618797,-0.9789681235749458
77,0.22402642806430875,0.44451606521492887,0.0,0.044805285612861755,-1.3429919750595105,0.2251194875343819,0.447478286001035,0.0,0.04502389750687638,-1.3396396130484751,0.23253888566794476,0.4675850560106904,0.12910895584878007,0.04650777713358895,-1.2782820730371591,0.25815315252782944,0.5370004133545514,0.40525713296682775,0.05163063050556589,-1.0910683563455044,0.26694490249313585,0.5608262940193384,0.4656339111843922,0.04004173537397038,-0.7785207530663985
78,0.22421498541296717,0.4450270607397484,0.0,0.044842997082593435,-1.342416832272011,0.225768399585971,0.4492368552465339,0.0,0.045153679917194205,-1.3284711655853874,0.2321703622747356,0.4665863476280097,0.1286322345780896,0.04643407245494712,-1.283348762799105,0.24885148568493431,0.5117926441326134,0.4054789686335071,0.049770297136986864,-1.0923908560627513,0.23868725157371376,0.4842472942377067,0.4658887967884034,0.03580308773605706,-1.0799275984346277
79,0.22448489661118043,0.445758527401573,0.0,0.04489697932223609,-1.3399968705299932,0.2262565613611437,0.4505597868865683,0.0,0.04525131227222874,-1.3202857179615508,0.2301626119907406,0.4611452899478065,0.12986419706297075,0.04603252239814812,-1.2865673815361052,0.24766806858529725,0.5085855517216727,0.39851560024953303,0.04953361371705945,-1.185670329247323,0.25620149112903656,0.5317113580732699,0.4716202026874962,0.03843022366935548,-0.8780514380304792
80,0.22479496315366973,0.44659881613460634,0.0,0.04495899263073395,-1.3365432092820553,0.22626039117930685,0.4505701657975796,0.0,0.04525207823586137,-1.3141732679374738,0.2280454363681463,0.45540768663454284,0.1280395763481474,0.045609087273629265,-1.3139034767394142,0.2452324653953984,0.5019850010715403,0.39623447238902343,0.049046493079079684,-1.2025301148594352,0.25236570574061135,0.521316275719814,0.4757259512628292,0.0378548558610917,-0.9174880235194373
81,0.22505258269115078,0.4472969720627392,0.0,0.045010516538230155,-1.332590777018917,0.2258791816377368,0.4495370776090428,0.0,0.04517583632754736,-1.314125465902452,0.22919379270228646,0.4585197634208305,0.12328244383210292,0.0458387585404573,-1.341717748911838,0.2646648572453046,0.5546473096078716,0.40796841995379707,0.05293297144906092,-1.0532437671928907,0.27856308600201896,0.5923118861843333,0.46874913621409997,0.04178446290030284,-0.6835357521017353
82,0.22519804279489067,0.44769117288588256,0.0,0.045039608558978136,-1.3293190491485438,0.22579625237003192,0.449312337046157,0.0,0.04515925047400639,-1.3188951833978302,0.23067026993848297,0.4625210567438563,0.12480575488272597,0.0461340539876966,-1.3248092470598742,0.2565629159306617,0.5326908290803841,0.4072595681713174,0.05131258318613235,-1.037003968116933,0.24713499646975362,0.5071409118421507,0.4679346769459566,0.03707024947046304,-0.9754539552821301
83,0.2253034667258286,0.4479768745957415,0.0,0.04506069334516572,-1.3274765799228263,0.22601653903845442,0.4499093198874104,0.0,0.045203307807690885,-1.3199359222373155,0.2304766812990104,0.461996426284581,0.12665799821483156,0.04609533625980208,-1.3045619529660037,0.25297397625020823,0.5229647052851172,0.40639765228945457,0.05059479525004165,-1.108479575186554,0.253758244070992,0.5250900923333117,0.46694434949571384,0.0380637366106488,-0.9021507734020794
84,0.22542951691580715,0.44831847402657765,0.0,0.04508590338316143,-1.3261434094360651,0.2261476470490707,0.4502646261492431,0.0,0.045229529409814145,-1.3171738457419306,0.22950340088531673,0.4593588099873082,0.12633907554845378,0.04590068017706335,-1.3080241057905755,0.24269673109931272,0.4951130924100616,0.406546058552537,0.04853934621986255,-1.1458828285733234,0.23360872013515513,0.4704843364096345,0.46711486589900925,0.03504130802027327,-1.1512217073393647
85,0.2255568051180748,0.44866342850426777,0.0,0.04511136102361496,-1.3245518029475716,0.2261593245525797,0.450296272500216,0.0,0.045231864910515944,-1.315533677750322,0.22730381011037618,0.4533978593777132,0.1330038109965127,0.04546076202207524,-1.3147150722175562,0.2340150155016293,0.471585407863494,0.3977024649974163,0.04680300310032586,-1.2437801291089283,0.2295101445409855,0.4593770854769255,0.46929372400607094,0.03442652168114783,-1.212353795968718
86,0.2256638019794188,0.44895339289815395,0.0,0.045132760395883764,-1.322947209990828,0.2258852725683593,0.4495535841960957,0.0,0.04517705451367186,-1.3153877264929006,0.2248414830408875,0.446724886289668,0.13091416519754276,0.0449682966081775,-1.335005592838822,0.2390764548484527,0.4853020456597634,0.374078854494279,0.04781529096969054,-1.318054192922166,0.25708457978509264,0.5341045522631237,0.49500698030817813,0.038562686967763896,-0.8676682208838179
87,0.22570311339865415,0.44905992790963184,0.0,0.04514062267973083,-1.3216004609172005,0.22519055582189396,0.4476708829861625,0.0,0.045038111164378794,-1.318818788043644,0.22340365979539595,0.4428283463289863,0.12533903126559626,0.04468073195907919,-1.3707226552659977,0.24884075016175053,0.5117635505738497,0.3865443540896038,0.049768150032350106,-1.2621104847944034,0.27722538574962596,0.5886866822483089,0.4881166146447999,0.041583807862443894,-0.6916432941523974
88,0.22561254262952582,0.4488144786708017,0.0,0.045122508525905165,-1.321106125426001,0.2243361917080236,0.44535553308407483,0.0,0.04486723834160472,-1.3275713283633437,0.22357367084560187,0.4432890808823899,0.11949742889656696,0.044714734169120376,-1.3937450806034826,0.24669992979235397,0.5059618693559729,0.40625075285925455,0.0493399859584708,-1.169749239388886,0.24911299954907162,0.5125013537915221,0.47425181824417856,0.03736694993236074,-0.9525209621652142
89,0.2253887198258674,0.4482079128072287,0.0,0.04507774396517348,-1.3222454190370272,0.2236769966911157,0.44356909672389083,0.0,0.044735399338223146,-1.338444457750729,0.22346459758715678,0.44299348939608885,0.12059268027291978,0.04469291951743136,-1.3899503787935552,0.2543444961572139,0.5266788513745634,0.40229567164543273,0.05086889923144278,-1.188165303407653,0.27830861167599863,0.591622253864495,0.4771116480816475,0.041746291751399794,-0.6835357521017353
90,0.22509096500569928,0.4474009891753368,0.0,0.04501819300113986,-1.3250666526542623,0.22309257178615638,0.4419852893933777,0.0,0.04461851435723128,-1.3469173573804252,0.22452703433957055,0.4458727217874541,0.1187667688936281,0.04490540686791411,-1.3932570612881383,0.25425158270075116,0.5264270533895695,0.4100697269901555,0.05085031654015024,-1.121872749311439,0.260750355955071,0.5440389050272927,0.4711635041162164,0.03911255339326065,-0.8321699726219437
91,0.22474630662348616,0.4464669556192037,0.0,0.04494926132469723,-1.3288325404968417,0.22282272903276018,0.4412540082188623,0.0,0.04456454580655204,-1.3544909926453315,0.22568797485296382,0.4490189020405524,0.12028640570979215,0.04513759497059277,-1.3756710788888298,0.24959234358308655,0.5138003891140557,0.40936258496199324,0.049918468716617315,-1.1180026759807853,0.24630805876635997,0.5048998882557181,0.4703510093282147,0.036946208814953994,-0.9851300821632266
92,0.22441679056319216,0.44557395816583245,0.0,0.04488335811263844,-1.333209944220211,0.2227804793468974,0.4411395104251962,0.0,0.04455609586937948,-1.3580077204745213,0.2256239653716257,0.4488454346114518,0.12222933940324604,0.04512479307432515,-1.3612887525167614,0.25446286107051225,0.5269996234973232,0.40544987890520706,0.050892572214102455,-1.1672991248035933,0.2743049495584134,0.5807722210255105,0.47232078169154684,0.041145742433762005,-0.7163614503567972
93,0.22413783001312615,0.44481796751524705,0.0,0.04482756600262523,-1.337413511030377,0.2227433731251091,0.44103895155856127,0.0,0.04454867462502182,-1.3585594795580684,0.22666591540285672,0.45166914743321607,0.12153133773789686,0.04533318308057135,-1.3614484186898985,0.25384219885143355,0.5253176120635056,0.40878327301724815,0.050768439770286715,-1.1123584393874189,0.2578117639729806,0.5360752411191887,0.469685389244855,0.03867176459594709,-0.8618206000346411
94,0.22390107402741424,0.4441763523778164,0.0,0.04478021480548285,-1.3409863654708343,0.22292674582914546,0.44153589655594977,0.0,0.0445853491658291,-1.3590443227884028,0.22770172978220066,0.4544762324720885,0.1229895181075092,0.04554034595644013,-1.344996230569114,0.25866372389025105,0.5383840755833362,0.4081047288986626,0.05173274477805021,-1.112443066921232,0.27512370474003145,0.5829910697561828,0.4689057529938282,0.04126855571100472,-0.7112825470188935
95,0.22373595657339154,0.44372887960268714,0.0,0.04474719131467831,-1.3440289584577771,0.22322328366154967,0.4423395221180208,0.0,0.04464465673230994,-1.35665063136481,0.22924946920891484,0.45867064826264187,0.1239549969737613,0.04584989384178297,-1.334223560840182,0.26137457221818944,0.5457305480167736,0.407655456627573,0.05227491444363789,-1.0702879794371327,0.27264616772279476,0.5762768772975468,0.46838954639866565,0.040896925158419216,-0.7313400113697055
96,0.22364908026608343,0.44349344245551064,0.0,0.04472981605321669,-1.3461565270250224,0.2237401560191345,0.4437402602144566,0.0,0.0447480312038269,-1.3527920007628693,0.23299613868554359,0.4688242240800639,0.12573338754703733,0.04659922773710872,-1.314626752175797,0.2728210590571838,0.5767508375533437,0.40682790710819144,0.05456421181143676,-0.9589446049985665,0.2788941619420913,0.593209110954177,0.4674387053447712,0.041834124291313696,-0.6835357521017353
97,0.2236645539014698,0.44353537642674745,0.0,0.04473291078029396,-1.347277802860328,0.22483285156929367,0.4467014947677335,0.0,0.044966570313858735,-1.3461023590600198,0.23637179201334887,0.47797233607953626,0.1299328178531127,0.047274358402669775,-1.2695761643418244,0.2676374346797336,0.5627030750128282,0.4048737601487486,0.05352748693594672,-0.9437540587732517,0.2549124371574406,0.5282179868765329,0.4651934219981387,0.03823686557361609,-0.8917087312874382
98,0.2238646494852488,0.4440776408814331,0.0,0.044772929897049764,-1.3470779972188558,0.22634209907375763,0.45079159640584726,0.0,0.04526841981475153,-1.3321089094857308,0.23798703694053924,0.48234969360579744,0.1335874547407573,0.04759740738810785,-1.231706651585137,0.25764172747567327,0.5356144376034506,0.40317312529084265,0.05152834549513466,-0.987989252371537,0.23793334300407565,0.4822041815828608,0.4632394199684,0.035690001450611346,-1.089672819762158
99,0.2242946170105213,0.44524286452715806,0.0,0.04485892340210426,-1.3444978979357827,0.2278863368088674,0.4549765225172559,0.0,0.045577267361773484,-1.3131061888801252,0.2384641781176099,0.4836427591263141,0.13532619681692296,0.04769283562352198,-1.2141066928649014,0.26693102521823187,0.5607886862282706,0.4023640256526182,0.05338620504364638,-1.0234684786735018,0.27885384854801765,0.5930998605637334,0.4623097775304588,0.04182807728220265,-0.6835357521017353
100,0.2249282815844035,0.44696011269486047,0.0,0.0449856563168807,-1.3389766692611946,0.22925700530900237,0.4586910712981094,0.0,0.045851401061800474,-1.2940425806499598,0.2396219696463507,0.48678040554566593,0.13587690594633017,0.04792439392927014,-1.2085867707952016,0.26250128615409046,0.5487839733173183,0.40210776075658894,0.052500257230818095,-0.9913480163592016,0.25275196777332937,0.5223630562962855,0.4620153332970809,0.0379127951659994,-0.9135391663491087
101,0.22570586840253,0.4490673940447968,0.0,0.045141173680506005,-1.330896280072252,0.2306802880539963,0.46254820610839104,0.0,0.04613605761079926,-1.2774339057849744,0.24018862424666182,0.48831605486900226,0.13754541335920523,0.048037724849332365,-1.192019854049074,0.2541193587238209,0.5260687228287829,0.4013313438500003,0.05082387174476419,-1.021341352702791,0.23679137218186092,0.47910940970694016,0.4611232427907945,0.03551870582727914,-1.1060828931980518
102,0.2266177890129565,0.45153872361234826,0.0,0.045323557802591306,-1.3210714911026822,0.23192288314012854,0.46591567246647303,0.0,0.04638457662802571,-1.2604895353739847,0.23868586195301736,0.48424352832796036,0.13795110745486755,0.047737172390603475,-1.1880268880199345,0.2511408583858821,0.5179969061948025,0.40114255969936075,0.05022817167717643,-1.1052532840160998,0.24765323521102653,0.5085453528754107,0.46090633284577176,0.03714798528165398,-0.9692677251177233
103,0.22761107446013062,0.4542305540924949,0.0,0.045522214892026125,-1.309674978821624,0.2326473739675768,0.46787906224275555,0.0,0.04652947479351536,-1.2459410516129408,0.23695345183351663,0.47954864995532964,0.13703295506523294,0.04739069036670333,-1.2040857145103268,0.24324006907667226,0.49658555305331237,0.40397645814575966,0.04864801381533446,-1.133766523195354,0.23284668703380815,0.46841920605368065,0.45899058678900745,0.034927003055071223,-1.164302600745704
104,0.22857227791173618,0.45683544149522,0.0,0.04571445558234724,-1.2974130938737596,0.23295329804522866,0.4687081247838175,0.0,0.04659065960904574,-1.237561576325484,0.23437278080100288,0.472554961520333,0.1374518599163578,0.04687455616020058,-1.219953336788119,0.24811448145322357,0.5097953426916628,0.390637006548901,0.049622896290644716,-1.209777477637401,0.2602524265761052,0.5426895029162743,0.4719111335347412,0.03903786398641578,-0.8338759055607629
105,0.22942197508964013,0.4591381438743635,0.0,0.04588439501792803,-1.2856947344320184,0.2326644940623073,0.46792545816343445,0.0,0.04653289881246146,-1.2340456894330227,0.23321491219485757,0.46941710621912625,0.13199145635070966,0.04664298243897152,-1.2509741243317103,0.24748362328108722,0.5080856999487459,0.40278733097986585,0.04949672465621745,-1.1573626831211556,0.24792292156936702,0.5092762102150867,0.4652212126694245,0.037188438235405054,-0.9656525755503353
106,0.23005756621273865,0.4608606130426522,0.0,0.046011513242547736,-1.275454323443217,0.232208098347442,0.4666886134077019,0.0,0.0464416196694884,-1.2373644703785835,0.23206169983846067,0.46629186948092327,0.14149881100286835,0.04641233996769214,-1.2643921474573334,0.23605768510394462,0.4771210978426684,0.43201093590779577,0.047211537020788924,-1.1699244168114495,0.22169895474219953,0.4382085494368551,0.42649025308933586,0.033254843211329925,-1.3500830110719644
107,0.2304817191843447,0.46201007909036507,0.0,0.04609634383686895,-1.2678658271462269,0.23160038905032285,0.4650417047434224,0.0,0.04632007781006457,-1.2426332855019564,0.22871596882843206,0.4572248477735286,0.13572115718229294,0.04574319376568642,-1.2792410163371142,0.2443329381730607,0.49954725792157373,0.3744041725186227,0.048866587634612144,-1.3044958823389865,0.2657068273493043,0.557471076827383,0.4898746702990843,0.039856024102395644,-0.7787635770650858
108,0.2307027825840587,0.46260916689446807,0.0,0.046140556516811745,-1.2628353824191765,0.23052905625353043,0.4621383638307058,0.0,0.04610581125070609,-1.249695272079072,0.22814116704227613,0.4556671193557619,0.12719658306787238,0.04562823340845523,-1.3174372281862827,0.2478735793630718,0.5091424914988396,0.3988179511838065,0.04957471587261436,-1.1906296721695642,0.25422046420517314,0.5263427214232335,0.47398546574832123,0.03813306963077597,-0.8931684674014809
109,0.23066860138517567,0.46251653491917527,0.0,0.046133720277035134,-1.2602241575664812,0.22962780924649195,0.4596959600175934,0.0,0.04592556184929839,-1.2622756236100674,0.2287413951513596,0.4572937537977225,0.12524622425067103,0.04574827903027193,-1.320237388275527,0.24669682385018726,0.5059534521685292,0.40694814329217005,0.049339364770037454,-1.1518721084901826,0.2447790246153474,0.5007561642692342,0.46780563245715895,0.036716853692302105,-1.0048951190676125
110,0.23046523834733926,0.4619654155754452,0.0,0.046093047669467854,-1.2606274375940674,0.2290159738131399,0.4580378694123033,0.0,0.04580319476262798,-1.272990156466971,0.22894557153082484,0.4578470773193085,0.12659927944273844,0.045789114306164974,-1.3124898998103254,0.24365651558562834,0.4977141343783966,0.4035793384096448,0.048731303117125674,-1.1665067170906969,0.24034893336516291,0.48875049692456074,0.46982138214761665,0.03605234000477443,-1.06344300866101
111,0.2301841060246441,0.4612035393621791,0.0,0.04603682120492882,-1.263030345519011,0.22850678975752595,0.45665796682256354,0.0,0.04570135795150519,-1.2803336371121028,0.22806032671169396,0.4554480398690893,0.12831547839327015,0.045612065342338796,-1.313570167311918,0.2480047130826112,0.5094978674325508,0.39506572109487803,0.049600942616522245,-1.2081957301705455,0.2576592102931208,0.5356618165125224,0.4766188005118518,0.03864888154396812,-0.8565518296736384
112,0.22986118897847502,0.46032842541592145,0.0,0.04597223779569501,-1.2663622641623118,0.22798592586806313,0.45524641156656676,0.0,0.04559718517361263,-1.2864885762771663,0.22873913192242654,0.4572876203859798,0.1251436865111106,0.04574782638448531,-1.3210899106038543,0.24927469863824822,0.5129395627052797,0.4071023163500044,0.04985493972764965,-1.1486772596240147,0.2502905127670867,0.5156924465232702,0.467753997138885,0.037543576915063,-0.9376284200492984
113,0.22950312638286943,0.459358066078237,0.0,0.04590062527657389,-1.2702039481701786,0.22777147181822913,0.4546652352797537,0.0,0.04555429436364583,-1.2928260565308036,0.23016483494388876,0.46115131421108063,0.12643656586146623,0.046032966988777756,-1.3069647189779423,0.25621171955361943,0.5317390773810825,0.40650069278031004,0.05124234391072389,-1.124620046058466,0.26346233078423514,0.5513884303095804,0.4670627413582238,0.03951934961763527,-0.7999321448050766
114,0.22917460203887252,0.4584677562029066,0.0,0.04583492040777451,-1.274482047296518,0.22780541941061902,0.4547572341751193,0.0,0.04556108388212381,-1.2954476297484776,0.23239608153276106,0.4671980529343118,0.1277079114293488,0.04647921630655222,-1.2932340598197114,0.2515267051355052,0.5190425613428324,0.40590908965921885,0.05030534102710104,-1.0654614127801514,0.2403816630638569,0.48883919529500514,0.4663829989114323,0.036057249459578535,-1.061736239414557
