train/entropy_loss,train/learning_rate,train/approx_kl,train/policy_gradient_loss,time/fps,rollout/ep_len_mean,train/loss,time/time_elapsed,train/std,train/clip_range,rollout/ep_rew_mean,train/explained_variance,time/total_timesteps,time/iterations,train/n_updates,train/clip_fraction,train/value_loss
-2.580319012701511,0.0003,0.0043644225,-0.005293220817111433,885,288.0,21.028438568115234,23,0.8845517039299011,0.2,-225.33460132394364,-0.001708984375,20480,10,90,0.030908203125,53.9945766210556
-2.5647225722670557,0.0003,0.004244795,-0.0034527688578236846,891,288.0,7.581781387329102,45,0.8783223628997803,0.2,46.45202654,0.3198743462562561,40960,20,190,0.02568359375,19.184138315916062
-2.563572369515896,0.0003,0.0029911287,-0.00356789211218711,893,288.0,12.059444427490234,68,0.8741689920425415,0.2,74.31260246,0.7522235065698624,61440,30,290,0.018310546875,27.985659795999528
-2.474491223692894,0.0003,0.002596015,-0.002223083144053817,897,288.0,6.8204426765441895,91,0.8416270017623901,0.2,83.53597134,0.8932053744792938,81920,40,390,0.03505859375,15.398947358131409
-2.4577088594436645,0.0003,0.0062691523,-0.002764463468338363,887,288.0,6.9767889976501465,115,0.8322653770446777,0.2,87.92281524999999,0.8868235945701599,102400,50,490,0.032763671875,16.12165539264679
-2.426429109275341,0.0003,0.0056685773,-0.0005707164731575176,888,288.0,4.303416728973389,138,0.8196636438369751,0.2,86.78561446000002,0.9191131144762039,122880,60,590,0.033154296875,8.028960099816322
-2.3624833419919016,0.0003,0.003935701,-0.006728348921751603,891,288.0,2.49790620803833,160,0.79166579246521,0.2,88.98152732999999,0.9355378895998001,143360,70,690,0.042626953125,8.137231494486333
-2.3543039456009867,0.0003,0.0066829193,-0.0030200751934899017,892,288.0,2.3153717517852783,183,0.7876479029655457,0.2,90.80258249000002,0.9435787089169025,163840,80,790,0.032666015625,4.565199479460716
-2.243729692697525,0.0003,0.0057803085,-0.0036489797086687757,893,288.0,2.730274200439453,206,0.7516323328018188,0.2,91.29046613000003,0.9285755902528763,184320,90,890,0.082177734375,4.469520148634911
-2.2104757755994795,0.0003,0.0058214753,-0.004307599645107985,894,288.0,41.14165496826172,228,0.7403562068939209,0.2,86.51190441,0.4281351566314697,204800,100,990,0.057177734375,95.45548679828644
-2.1641732677817345,0.0003,0.0027037049,-0.003918418093235232,896,288.0,4.398963928222656,251,0.7201233506202698,0.2,79.23768352,0.9511427506804466,225280,110,1090,0.04306640625,7.3240897580981255
-2.106575283408165,0.0003,0.01059809,-0.0023746883816784248,897,288.0,1.4495508670806885,273,0.6967836022377014,0.2,85.74198407999998,0.9252325147390366,245760,120,1190,0.063623046875,4.315527421236038
-2.0750104919075967,0.0003,0.0038391952,-0.001192225984414108,898,288.0,1.5767290592193604,296,0.6839935779571533,0.2,91.69621987000001,0.9518595263361931,266240,130,1290,0.055517578125,4.465871460735798
-1.9992334835231305,0.0003,0.0047866735,-0.004067307041259483,898,288.0,9.575384140014648,319,0.6592191457748413,0.2,91.81465527,0.7298719584941864,286720,140,1390,0.053173828125,18.882926431298255
-1.91240076944232,0.0003,0.005505849,-0.004528790171025321,899,288.0,2.6444332599639893,341,0.6341646909713745,0.2,89.43911296999998,0.8970933258533478,307200,150,1490,0.065869140625,5.657621166855097
-1.8812701672315597,0.0003,0.004973975,-0.0035209056921303274,899,288.0,4.920675754547119,364,0.623895525932312,0.2,87.98055518999999,0.918316513299942,327680,160,1590,0.053125,9.202736331522464
-1.876362034678459,0.0003,0.0067084692,-0.0009220508887665346,899,288.0,1.7708009481430054,387,0.6191502809524536,0.2,91.05035361,0.9555882327258587,348160,170,1690,0.05283203125,8.113503123819829
-1.8289118751883506,0.0003,0.003756476,-0.0015787287848070264,899,288.0,3.0240678787231445,409,0.6051294803619385,0.2,93.52426196,0.9184919819235802,368640,180,1790,0.0404296875,6.076038762927055
-1.7732262663543223,0.0003,0.0050491923,-0.0030911087058484556,899,288.0,3.7191662788391113,432,0.5898154377937317,0.2,91.31330541000001,0.9518829435110092,389120,190,1890,0.04013671875,9.649957624077796
-1.6890148207545281,0.0003,0.007181619,-0.0035967381263617426,899,288.0,2.271731376647949,455,0.5672963857650757,0.2,91.86284827999998,0.9119381457567215,409600,200,1990,0.07724609375,5.40892963707447
-1.618988737463951,0.0003,0.010453675,-0.003683227821602486,900,288.0,1.3697319030761719,477,0.5452855229377747,0.2,95.81378663000001,0.9388366490602493,430080,210,2090,0.0888671875,5.078007313609123
-1.5584969431161881,0.0003,0.012859322,-0.0038017291022697463,900,288.0,1.8825457096099854,500,0.5300774574279785,0.2,89.79552502,0.9495602808892727,450560,220,2190,0.0873046875,4.064807575941086
-1.4337978154420852,0.0003,0.0102768205,-0.0034830031043384226,901,288.0,2.158461809158325,522,0.49687430262565613,0.2,98.63567424000001,0.9402044750750065,471040,230,2290,0.1134765625,5.965779292583465
-1.360939472168684,0.0003,0.008021941,-0.0031586187484208494,901,288.0,2.8866159915924072,545,0.47747719287872314,0.2,100.46519247999998,0.9064169153571129,491520,240,2390,0.0677734375,6.118387472629547
-1.3127253077924252,0.0003,0.00919976,-0.0023504134413087742,901,288.0,3.100987195968628,568,0.46645742654800415,0.2,102.95819293999999,0.8836786597967148,512000,250,2490,0.064111328125,6.218178011476994
-1.2393817223608494,0.0003,0.007941935,-0.004949279018910601,901,288.0,2.689584732055664,590,0.45072025060653687,0.2,102.25179070999998,0.8531983494758606,532480,260,2590,0.094873046875,8.071631775796414
-1.2384650230407714,0.0003,0.006933685,-0.002129869759664871,901,288.0,2.888702154159546,613,0.45193782448768616,0.2,107.62300126999999,0.9658054113388062,552960,270,2690,0.058984375,7.378423289209604
-1.1912050917744637,0.0003,0.0064127278,-0.0021404586150310934,900,288.0,2.6100592613220215,636,0.4383400082588196,0.2,107.59481716000002,0.894771046936512,573440,280,2790,0.06064453125,7.30909646898508
-1.095863077789545,0.0003,0.008024958,-0.004121462890179828,900,288.0,2.123220443725586,659,0.4157516658306122,0.2,109.51869972,0.9150520637631416,593920,290,2890,0.085107421875,4.954912538826465
-1.0024623788893223,0.0003,0.0104437275,-0.0010580221947748213,900,288.0,3.8266191482543945,682,0.40371572971343994,0.2,109.16992656999999,0.908098891377449,614400,300,2990,0.07412109375,5.682790489494801
-0.9797173611819744,0.0003,0.008329937,-0.005676044925348833,900,288.0,2.7214040756225586,704,0.3949488401412964,0.2,111.71387211,0.860239177942276,634880,310,3090,0.10185546875,7.582563199102879
-0.8740589305758476,0.0003,0.005624138,-0.00040242241811938584,901,288.0,3.666998863220215,727,0.37342506647109985,0.2,105.38320971000002,0.9515897184610367,655360,320,3190,0.081689453125,8.28445096462965
-0.7917622812092304,0.0003,0.01300911,-0.0035102140798699112,901,288.0,4.185873031616211,749,0.358073890209198,0.2,107.82674641000001,0.9374980181455612,675840,330,3290,0.09072265625,11.009603387117386
-0.7625427022576332,0.0003,0.005760112,-0.00035651253419928254,901,288.0,3.272693634033203,772,0.35297954082489014,0.2,108.24235445999999,0.9059026464819908,696320,340,3390,0.06328125,6.642449551820755
-0.668285571038723,0.0003,0.008083498,-0.0003960822155931965,902,288.0,3.061326742172241,794,0.337398499250412,0.2,110.04784604999999,0.9076348394155502,716800,350,3490,0.086328125,6.297228780388832
-0.6577597372233868,0.0003,0.006649277,-8.378542843274772e-05,902,288.0,2.547677755355835,816,0.33629339933395386,0.2,111.36952365999997,0.8939091488718987,737280,360,3590,0.0576171875,6.685107381641865
-0.6512240879237652,0.0003,0.009740269,-0.006565320093068294,902,288.0,2.488696336746216,839,0.33484214544296265,0.2,113.96052431,0.9236074686050415,757760,370,3690,0.1064453125,5.3000012502074245
-0.5733200088143349,0.0003,0.0067463918,-0.004301746271084994,902,288.0,3.796201229095459,861,0.3216896653175354,0.2,113.05605632999999,0.9103463292121887,778240,380,3790,0.086328125,7.084337176382542
-0.5615796647965908,0.0003,0.0072160996,-0.002684846875490621,903,288.0,4.412837028503418,884,0.3208808898925781,0.2,112.67044012000001,0.9424385726451874,798720,390,3890,0.055029296875,6.298791594803333
-0.5276660807430744,0.0003,0.011066731,-0.0023362883599475025,903,288.0,3.5537924766540527,906,0.3128681778907776,0.2,112.83533312,0.8840732499957085,819200,400,3990,0.09560546875,7.802276436984539
-0.507552296668291,0.0003,0.007073816,-0.002196217651362531,903,288.0,2.6491870880126953,929,0.31188422441482544,0.2,111.54528015999999,0.9294268041849136,839680,410,4090,0.091748046875,7.9295581698417665
-0.49698489531874657,0.0003,0.006585563,0.0029323249007575216,903,288.0,3.384972095489502,951,0.308943510055542,0.2,112.47857115999999,0.9001943320035934,860160,420,4190,0.099951171875,6.7343603238463405
-0.40404803603887557,0.0003,0.00961095,-0.005978263993165455,903,288.0,1.2150613069534302,974,0.29685068130493164,0.2,115.47664377000001,0.9445436932146549,880640,430,4290,0.085009765625,4.715039436519146
-0.3831516996026039,0.0003,0.0084897615,-0.002348624527803622,903,288.0,2.41342830657959,996,0.29387253522872925,0.2,114.76087686999998,0.8962859213352203,901120,440,4390,0.083544921875,5.184707031399012
-0.36054507493972776,0.0003,0.0064353645,-0.0015705391328083352,904,288.0,4.538043975830078,1019,0.2898153066635132,0.2,112.8677592,0.9011662751436234,921600,450,4490,0.07333984375,6.987117551267147
-0.3490060053765774,0.0003,0.007441115,-0.0007274024770595134,904,288.0,2.0392229557037354,1041,0.2879483103752136,0.2,114.15381006,0.9385712407529354,942080,460,4590,0.090771484375,7.089954702556133
-0.3488758385181427,0.0003,0.009911625,-0.002309993776725605,904,288.0,1.1812323331832886,1064,0.2881440818309784,0.2,108.77594805999998,0.9314021319150925,962560,470,4690,0.100927734375,3.9548889130353926
-0.28367516323924064,0.0003,0.009206307,-0.003558007022365928,904,288.0,3.1939175128936768,1086,0.28100794553756714,0.2,111.79436905,0.9425232075154781,983040,480,4790,0.072900390625,6.733345162123442
-0.19902971982955933,0.0003,0.012890583,-0.00605510105524445,904,288.0,1.7425693273544312,1109,0.26732850074768066,0.2,112.13064053,0.938842985779047,1003520,490,4890,0.151904296875,3.7208598464727403
-0.21896454617381095,0.0003,0.0071368907,-0.0010173214366659522,904,288.0,2.080044746398926,1131,0.26938676834106445,0.2,112.90341199000001,0.9443909898400307,1024000,500,4990,0.07822265625,5.993653140962124
-0.10800315290689469,0.0003,0.007981001,-0.00020137925166636706,905,288.0,2.346902847290039,1153,0.25473517179489136,0.2,113.01682868999998,0.9059793427586555,1044480,510,5090,0.0935546875,5.485501511394977
-0.03797201886773109,0.0003,0.0064746556,-0.00028857458964921535,905,288.0,3.434404134750366,1176,0.24729862809181213,0.2,113.22140232000001,0.8804722800850868,1064960,520,5190,0.08046875,6.673944826424122
-0.003845363110303879,0.0003,0.006049743,-0.0001622568815946579,905,288.0,2.4202499389648438,1199,0.24293839931488037,0.2,112.65575696999997,0.9247839972376823,1085440,530,5290,0.073193359375,6.389762191474437
0.06641753688454628,0.0003,0.006340761,-0.0023699040320934728,905,288.0,2.730349540710449,1221,0.2339712381362915,0.2,115.36384203999998,0.9209536537528038,1105920,540,5390,0.09462890625,6.238247908651829
0.1250153124332428,0.0003,0.0068919417,-0.0016246263810899108,905,288.0,2.8185007572174072,1244,0.2268337905406952,0.2,115.9534247,0.9132470339536667,1126400,550,5490,0.089892578125,6.346263352036476
0.14948071241378785,0.0003,0.00874623,-0.0035222355305450036,905,288.0,2.7334628105163574,1266,0.22398768365383148,0.2,114.89735667999999,0.9258217215538025,1146880,560,5590,0.073583984375,6.712843935191631
0.16986192464828492,0.0003,0.007173975,-0.003524257749086246,905,288.0,2.609283685684204,1288,0.22355389595031738,0.2,113.29851026000001,0.9349872320890427,1167360,570,5690,0.071484375,6.341142597794533
0.2102353446185589,0.0003,0.010216041,-0.00356282300199382,905,288.0,1.5489931106567383,1311,0.21769163012504578,0.2,113.82566917,0.8400621563196182,1187840,580,5790,0.089599609375,7.444186015427112
0.20064215809106828,0.0003,0.007639244,-0.002354365534847602,905,288.0,1.8545944690704346,1334,0.21931923925876617,0.2,117.03324838999998,0.9406097941100597,1208320,590,5890,0.09443359375,7.324800211191177
0.3029359199106693,0.0003,0.012825238,-0.004918751277728006,905,288.0,4.124316692352295,1356,0.2079179286956787,0.2,115.24027031999998,0.9306095540523529,1228800,600,5990,0.09814453125,8.680620732903481
0.35158734768629074,0.0003,0.008425969,-0.0058523771120235326,905,288.0,2.7991182804107666,1379,0.20272204279899597,0.2,114.54225656,0.9004864990711212,1249280,610,6090,0.141357421875,6.22519955188036
0.385981860011816,0.0003,0.009907634,-0.00792293886479456,905,288.0,2.188793182373047,1401,0.199393168091774,0.2,115.80064389999998,0.9149603769183159,1269760,620,6190,0.1271484375,6.267276744544506
0.4661319598555565,0.0003,0.011797458,-0.0014379213913343846,905,288.0,1.2666908502578735,1424,0.19123615324497223,0.2,113.82193054,0.9231252297759056,1290240,630,6290,0.108740234375,5.336069898307324
0.5199352018535137,0.0003,0.009890113,-0.0005981737369438634,906,288.0,2.1253342628479004,1446,0.1865391582250595,0.2,111.95508059,0.866650328040123,1310720,640,6390,0.124853515625,6.769341672956943
0.5149928770959378,0.0003,0.0060501415,-0.0010134812910109758,906,288.0,3.1913905143737793,1468,0.18634161353111267,0.2,112.70858769,0.9430394545197487,1331200,650,6490,0.065380859375,5.252183490991593
0.5618028208613396,0.0003,0.0074693514,-0.002557237254222855,906,288.0,3.5300166606903076,1491,0.18299008905887604,0.2,114.48131975,0.8657173067331314,1351680,660,6590,0.09443359375,8.079928250610829
0.6287023968994617,0.0003,0.007936946,-0.0006241987342946231,906,288.0,2.84517765045166,1513,0.17751973867416382,0.2,117.91060768999998,0.8743345886468887,1372160,670,6690,0.08662109375,7.278120659291744
0.7009688720107079,0.0003,0.013786621,-0.0014456903241807594,906,288.0,4.603672981262207,1535,0.17047134041786194,0.2,115.63582993000001,0.9362800195813179,1392640,680,6790,0.1181640625,9.092415909469128
0.7281915806233883,0.0003,0.014538128,-0.0032735463173594326,906,288.0,2.5915050506591797,1558,0.1684693992137909,0.2,116.37926611,0.9230890795588493,1413120,690,6890,0.152001953125,5.146413084119558
0.8067415185272694,0.0003,0.008063925,-0.0019421724777203054,906,288.0,2.478179931640625,1580,0.16203132271766663,0.2,118.58725638,0.8968353122472763,1433600,700,6990,0.078271484375,6.617252506315708
0.863899078965187,0.0003,0.009821017,-0.00758339963213075,906,288.0,2.898571252822876,1603,0.15650004148483276,0.2,118.55555201000001,0.9099927097558975,1454080,710,7090,0.1376953125,5.177274910360575
0.9429808750748634,0.0003,0.020969585,0.0011637326562777162,906,288.0,3.161526679992676,1625,0.1507566273212433,0.2,117.30684317000001,0.8915911838412285,1474560,720,7190,0.14541015625,6.105426883697509
0.9452761076390743,0.0003,0.010600246,-0.0024891001754440366,907,288.0,4.432474136352539,1648,0.1501641869544983,0.2,119.66040301999999,0.9034653455018997,1495040,730,7290,0.119287109375,6.505968511104584
0.9832697495818138,0.0003,0.011132969,-0.0017030139482812957,907,288.0,1.8044682741165161,1670,0.14837022125720978,0.2,117.84051439999999,0.9060822576284409,1515520,740,7390,0.13330078125,6.671736146509647
1.0350433506071568,0.0003,0.011502614,-0.002471379720373079,907,288.0,2.709423542022705,1693,0.14333990216255188,0.2,117.18952998,0.9066207259893417,1536000,750,7490,0.121484375,6.231735442578793
1.1222433753311634,0.0003,0.0105455015,0.0002719492476899177,907,288.0,3.170771360397339,1715,0.13824650645256042,0.2,116.06224782000001,0.8893583565950394,1556480,760,7590,0.1541015625,7.071209198236465
1.2034936189651488,0.0003,0.011171608,-0.005242624919628724,907,288.0,2.9283406734466553,1737,0.13208982348442078,0.2,115.46602332999998,0.8596459329128265,1576960,770,7690,0.1083984375,7.37567895501852
1.23267572671175,0.0003,0.017495438,0.0002273143967613578,907,288.0,2.29396390914917,1760,0.13132360577583313,0.2,118.31009183000002,0.9070099145174026,1597440,780,7790,0.138525390625,6.159031963348388
1.2524249121546744,0.0003,0.015504155,-0.0010869255696889014,907,288.0,1.306509256362915,1782,0.12938347458839417,0.2,117.59161022999999,0.9206058233976364,1617920,790,7890,0.148388671875,5.111064898967743
1.2854107528924943,0.0003,0.023535281,0.0003593761182855815,907,288.0,0.9893907308578491,1805,0.1281072199344635,0.2,116.03711526,0.8998040705919266,1638400,800,7990,0.162255859375,5.252524827420712
1.28879956305027,0.0003,0.011995809,0.001032696111360565,907,288.0,2.9838802814483643,1828,0.12731799483299255,0.2,114.40606982000001,0.922027125954628,1658880,810,8090,0.13798828125,6.294610837101937
1.3096112407743932,0.0003,0.010000208,-0.005803009780356661,907,288.0,3.6320202350616455,1850,0.12644696235656738,0.2,112.06846263,0.9541130475699902,1679360,820,8190,0.114208984375,6.605459809303284
1.2926834978163242,0.0003,0.009191673,0.001321095461025834,907,288.0,1.7011990547180176,1873,0.127516970038414,0.2,112.67498835,0.9069466814398766,1699840,830,8290,0.124560546875,4.6340507484972475
1.3320320650935173,0.0003,0.026390886,0.002746375749120489,907,288.0,2.377088785171509,1895,0.12533336877822876,0.2,116.39678169000003,0.9322309568524361,1720320,840,8390,0.157861328125,4.240126380324364
1.3486044332385063,0.0003,0.012855119,0.0013319208985194564,907,288.0,3.4002363681793213,1918,0.12444369494915009,0.2,114.34970302999999,0.8732111006975174,1740800,850,8490,0.129541015625,8.438318938016891
1.386789483577013,0.0003,0.017826242,-0.00032118318777065726,907,288.0,2.9920783042907715,1940,0.12190738320350647,0.2,118.43547385999999,0.8781640157103539,1761280,860,8590,0.145068359375,7.7291467294096945
1.4124629892408849,0.0003,0.009627348,-0.0013977171329315752,907,288.0,2.844963550567627,1962,0.12100304663181305,0.2,115.72141111000002,0.9193924367427826,1781760,870,8690,0.13359375,7.677359864115715
1.460341900587082,0.0003,0.019504067,-0.0013530411786632612,907,288.0,1.7739859819412231,1985,0.11755268275737762,0.2,115.55339091000002,0.9095734134316444,1802240,880,8790,0.16591796875,4.9900319024920465
1.4949890851974488,0.0003,0.011930797,-0.0007342762313783169,907,288.0,2.074946880340576,2008,0.11574877798557281,0.2,119.40269807,0.8734950870275497,1822720,890,8890,0.1390625,7.252523714303971
1.4889872074127197,0.0003,0.0112316515,0.0023023180838208646,907,288.0,2.3025476932525635,2030,0.11542676389217377,0.2,114.48582728999997,0.9194399639964104,1843200,900,8990,0.127294921875,6.734953162074089
1.4920954942703246,0.0003,0.016224122,0.0002662169543327764,907,288.0,2.2159907817840576,2053,0.11469535529613495,0.2,113.95662756,0.8710963726043701,1863680,910,9090,0.142431640625,4.918200691044331
1.4874159187078475,0.0003,0.012573406,-0.0007291964095202275,907,288.0,3.2979445457458496,2075,0.11586341261863708,0.2,115.21058457000001,0.8711599558591843,1884160,920,9190,0.124560546875,7.441903045773506
1.5398715391755105,0.0003,0.0072492864,-0.0013809899392072111,907,288.0,2.506925106048584,2097,0.11177022755146027,0.2,116.6900006,0.9349044635891914,1904640,930,9290,0.16015625,5.227790554612875
1.5251431882381439,0.0003,0.0141562745,0.003563830500934273,907,288.0,4.56389856338501,2120,0.11345553398132324,0.2,115.54410213999999,0.8737141489982605,1925120,940,9390,0.178076171875,6.603003172576427
1.5254616111516952,0.0003,0.011021485,-0.0017692143213935197,908,288.0,3.509582996368408,2142,0.11288496106863022,0.2,112.76959789000003,0.9113074764609337,1945600,950,9490,0.120068359375,6.154514026641846
1.6031799614429474,0.0003,0.011210648,0.0006778352850233205,908,288.0,3.4236035346984863,2164,0.1088467389345169,0.2,112.86668867999998,0.8607586026191711,1966080,960,9590,0.141259765625,9.84435615837574
1.6336610570549965,0.0003,0.018718705,-0.001074112846981734,908,288.0,3.6916708946228027,2186,0.10681499540805817,0.2,115.20625732,0.9032115340232849,1986560,970,9690,0.139306640625,6.044602221250534
