4.53194649835842,4.16415743684618,3.90296494883689,4.47062523481388,5.11771347476591,5.27070389572945,5.28089696424575,6.62636949258757,7.66639261031241,8.68089855648657,9.63782457131657,9.22643408982849,9.93428490861741,10.7032857833856,8.09555808655516,9.36851025956772,8.30002038749847,8.55928891337984,10.4697049706918,13.1336689929765,9.35466277799252,13.967223047472,13.6010852375156,12.1399221158886
4.69704430151929,4.73664827332708,5.13042728043079,4.79354717310257,4.25148523569517,4.08491332949098,5.15686956749358,7.58765218804584,10.1201291186588,9.18665215566306,8.19390512693931,8.85041972658204,10.3163631044717,8.56005558869288,8.18396809456529,8.07143083893737,10.4292555390697,8.15094379219259,9.72953258266688,11.083226723192,7.97236491953743,14.6747609012607,10.9473499243993,10.5847812674946
4.4116501976824,4.92384437814267,5.06428725876948,5.31081743530342,4.80390111777988,5.35688342847862,4.61153753832916,7.77946286577918,9.19617119701819,11.2036786365982,8.35276737173469,7.68275021534459,10.1299865491501,10.3829725476086,8.96976086858388,11.3727199868686,9.08163839007706,9.42205868087354,7.81088494792221,9.56697378607999,11.7689884632093,14.6557215231072,11.8285263813086,10.099495543484
4.3717621429765,5.04465283754165,5.6351689748883,5.72035720244831,5.51540138029175,4.8363270155601,4.23483644724218,5.89148213371585,7.11773074947967,10.9727684851645,10.4781255246673,7.63897163316536,7.28074478589167,7.93407342372013,9.13776419275458,8.47488906057928,9.63041730608843,8.36994390529423,9.83849842161377,9.52012795377905,8.56210126721259,15.6419683645689,14.1175136115643,10.982005876364
5.11236553055253,4.0719662963006,4.16046977790107,4.35135362969194,3.91903394810891,4.12887613285593,4.69913676253147,7.00134423744508,8.68922244249094,12.0854388657289,8.46087655679744,8.82544035918709,8.07430191331225,7.84062656058865,9.2081712844531,8.95354297167733,9.14778589277316,11.8456085710993,11.8783111549282,10.2463334556983,10.8349013261585,14.7504164222095,9.49461813190719,9.69054358042594
4.55952844407024,5.2583734076447,4.38008573370993,5.16179196177588,4.50405794020891,4.92883696938329,4.82822141169205,6.63191217260366,8.8756504443525,12.3780498893659,9.6772489956661,10.8289551114224,9.62412362323722,7.9902015672642,10.8326777520762,8.5678937652363,8.11902986141572,9.53134740042407,9.80902035957524,11.2506484634977,8.90804563944629,13.7346846611579,11.0692155855819,13.1572673237137
4.25625428736688,5.06031011600458,4.84964045516013,3.94579969011403,4.14107207188915,4.36114869740226,4.7908612464089,6.28031191977328,8.75427190821558,8.49340592380569,9.63322138550186,10.625994831474,9.11547021399577,9.45766808899596,10.3908504091289,8.22219139386543,10.4336106826604,10.6656077520364,12.3068438701918,10.6148555215934,8.79314262063184,16.0881966779183,10.0168884716533,10.2049028888361
4.56065874219469,4.74527765577908,4.8394329563787,4.77436213181907,4.68220311131287,4.7841705299961,4.77911501042867,5.68808621594904,6.69386906584776,9.2416662696816,10.4135477815869,10.3356492495691,10.2256863173124,10.8263265653075,9.50372931854293,7.52565258485289,9.96916942266267,9.52766407657601,10.6812681936593,8.85870998493658,8.83544372808352,16.2035218934416,13.6190472889553,10.5543889345542
4.15443358078651,4.63820161033261,4.50887207257201,4.43113226375549,4.63106530934301,4.51355676124974,4.15911641502478,6.71694823115121,8.28969498782613,10.2217363588666,7.59883941738595,8.55653311641782,8.57704655441009,8.52676698459301,8.68807447084675,9.07978492188186,10.6260993156144,10.4274679583291,10.3362468397561,8.23757528643485,9.06079616177629,13.5333232862932,11.4615530189628,10.258586462149
4.57799789857008,3.97562090953888,5.40243265943512,5.00266830824071,4.30731965187962,4.78703319521978,4.60403452655985,6.1928745266037,7.47899001583886,11.0632246323928,11.1852383417463,6.41622362155587,7.56305940816887,7.811171572154,10.8148099789269,8.2336827151,8.71832839443549,10.5323571397218,8.63114733326346,9.12921720028377,10.6348694858582,14.2361653530875,10.1580204331714,11.1927520391038
4.92982050157643,4.47559157488614,4.42871202772765,5.22445510522003,4.61890959944142,4.43904168567447,3.72179191551093,6.60242792497487,8.44762094394479,10.3247888798521,9.31715270437198,7.80489171572063,7.80092092004005,9.54974492953374,7.59112407803547,8.3622412799862,10.138244455696,9.73327953931969,10.7333225003109,12.2623074327056,8.91911885098651,14.376694317151,12.1913681002221,13.1419527487069
3.83888489736851,3.62341954775282,4.20641475463353,4.13387441886914,4.94214168469313,4.62616460139214,4.17908539005344,6.70631506137279,7.27467382350467,9.15281867556514,7.64849648802894,10.1746579594851,10.3808224736208,10.9999987099012,9.59902104858015,8.93033907083418,9.98832997590957,10.0215665569244,10.7485816036874,10.5540878443537,10.7151944427141,15.2951563218026,10.7482982458819,11.1880905273831
5.70230222553672,5.01999444095668,5.59309810647053,5.05149139004575,4.58872293353213,4.32161461259883,4.57362764510585,6.86121817903865,7.69655861370287,10.8146568957479,9.43793128108721,7.64517587602825,8.62228384478022,9.15525241577738,6.6278737321137,8.52310775596975,9.15001411660206,8.47925867428726,8.58096338730771,9.93312795453817,9.62237253252395,14.1083406916043,11.6301195370216,12.1370431159715
4.66856766008187,4.72874700297937,5.34060453697706,5.10341350954998,5.05476648614163,4.83933596168869,4.93780178714525,4.76600544302784,7.33266329784948,9.69548656821728,10.1856454424019,7.89780146820212,8.90345183675895,8.0803645845781,7.58304653862975,8.73822594560042,7.96317441199858,10.0669992781176,9.60135708659795,9.04044553870635,9.63460473851373,15.2120484714858,12.0905066097564,11.5378254064547
4.58681396509285,4.82201785397287,5.40072521054538,5.04278716625546,4.17592963268438,4.80241922202439,4.24517778809752,6.85685597293426,7.71795033310801,12.3819755090625,8.08962017855469,7.49087173030818,9.03862669881839,9.13119542390748,8.04829912340684,7.34623932145078,9.81406238044308,9.22555028830368,9.08053063407615,9.44922174570323,10.2051867663681,15.1717280865497,10.8101051733457,10.4669939085556
4.37230453713554,4.01738445853316,3.92944949607676,5.17007849604668,4.90211617256545,4.90571964882808,4.08622421300958,5.14810718448396,7.38077473802916,10.3764332321064,9.48141098599449,8.75957440690734,8.03359745789227,7.59540262604207,8.80463752426023,11.2777032191037,9.47154634295427,7.9708971540122,8.63169561702465,10.6811433308006,9.8464406430366,15.115064741772,13.6918852555913,11.9907714971626
4.86634459331598,4.36067811704948,3.77798471785874,3.77959529092123,4.24092679433842,4.76200626149419,4.49573161713058,6.17671686845719,7.62779682040953,8.06901973128341,8.95732919804266,10.3530080157594,10.7369123311342,8.3659089199485,8.626516714286,8.85384717325033,10.9119185890474,9.85223878672362,10.8376151257475,10.0955971163284,10.089180160322,13.7095616503774,12.0731197247381,9.58775042287764
4.33260728520881,4.76748640929203,4.38736835464859,4.48347998930047,5.11269192930138,4.59094650932281,4.63429216463178,6.00670252227496,8.45003897792465,7.99860571351603,6.58010177190109,6.64135288385852,9.53177024649172,8.36833979553109,7.31670030965445,7.12217417943345,8.74396383428319,7.49875778904167,9.53674245534782,9.79759063582514,9.2326029941646,13.4215944411531,12.6998015497166,10.197567386743
4.7909970897547,4.1589712015101,3.91234961692214,4.79831063649426,4.73911362479785,4.58704013759482,4.338970786337,5.65274087299049,8.23554207248208,12.4576522412018,6.91940672940331,7.12685629375179,8.03611649362931,7.65984455742214,8.6124418515353,7.25368242391964,7.49110785721891,9.08046114238968,10.3959120091627,8.75515108315025,9.54626028217275,14.2613723700624,9.68619501246505,9.76838845251981
4.05388210277123,4.50559565630863,4.2027851934837,4.91590571331466,3.95453567560248,4.55374223285128,4.85947492534833,5.5055390556763,7.36838784024613,11.3340629158972,12.1609505337199,9.16454472957313,9.20728077745912,8.38334457275274,10.5324078937009,10.5787215364033,10.6485055166231,9.46874433473355,9.78423471736235,9.20445106287857,10.1416247309655,15.8042070340308,11.0066262156319,12.3868427953669
4.08414105755526,4.33349895727641,4.81636346447788,4.66986009448876,5.1730315883376,4.27983789634284,4.84828988123406,6.26966929767279,7.05755177413772,10.8260565339981,8.41187078210121,7.18230893677234,9.5050107466511,11.9455886219202,9.97393924406745,8.35384166991076,10.3384162306993,10.8637747684074,10.0083735420144,11.1600544654591,10.6455557609309,15.4197578736166,11.0536693867376,10.9840565701237
3.91291372565622,4.73738115160067,4.94398340724279,4.57056294009799,4.55111261164283,3.91457725477244,4.26301906603955,6.57710059631375,8.58507458445987,10.3544079346623,7.48884063061615,8.21216563347151,10.0995582480063,9.67439984262699,8.3303459803821,7.01503864601473,8.32421470362094,11.1951479107921,13.0847181175775,9.31467162876544,10.9645769861091,13.1674846881692,10.6032094295282,12.2407213822753
4.57526691035013,4.75522317566817,4.44606502803567,4.80999903893569,5.10418617399582,4.56196247563751,4.8618068615929,6.08809158052303,8.65096182901585,12.4916920302946,9.1750001043542,8.08019900280735,8.50988294108183,9.23563579599076,8.18645359303571,9.17534264994199,8.99607792293891,8.83779266202872,11.2697054297727,10.1389058750874,8.46802884605536,14.8567489439356,12.7195516591439,10.4992481628302
4.60898565739861,4.46236811121794,5.27359178168588,4.99952811485475,5.38912514452969,5.28501688395263,4.67535867524629,7.84289747682834,9.01267737070588,9.66496989253962,9.41380591713304,8.04950665752405,9.82232367475934,9.5768416273333,8.99009630672438,8.64590197547103,9.80127410411596,8.42423002242058,9.79068043723446,9.64944079458003,12.0830312037634,13.2145821283194,11.6051534590684,12.5179752415581
4.83111188750741,4.107462568771,4.33659968011272,3.84460318212026,4.05959398750844,4.18280612496658,4.69170560285986,6.2004805010101,5.15393185080002,9.76247446347971,9.48222772401905,9.94115475746028,6.69166517125603,7.94563584748867,9.03009164653623,9.98312214807654,8.03786268687128,8.45466553710554,8.21880569248416,9.79698420290655,7.91225492017252,15.0208429628091,12.2794132871511,11.4259536003489
4.87430137306924,4.32024047993441,4.65915890578887,4.6878506652295,4.1365243294634,4.86244118229348,4.70235126449875,6.90930101851223,9.57748289909595,10.3373430350495,9.94975069055697,8.04976076167212,8.77922790803301,8.7449490579795,6.50774412710784,7.42817663054315,10.343035994676,10.1999766006615,9.57221391655634,10.7829099102442,9.07690042536884,16.1132887159725,13.6845868491713,10.7557574019634
4.13581218403226,4.31467419515028,4.78022334851775,5.10492636592439,3.86864061416956,4.46645147241128,4.66565067281394,5.40057406062649,6.96641671112938,6.52669930537265,8.83238728286426,10.2265356470226,8.62405771542717,7.06516309600883,9.23320517703329,9.00189663967047,8.64400879201077,10.5277551795094,10.7266899960322,11.5096291995121,8.25760318625415,13.7068842304147,12.6722895004463,12.5239917570961
4.96838031810991,5.03554637355359,4.38464677303682,3.85530984908944,5.13218042590855,4.46766204203942,5.40112096147379,6.35233288923592,8.12826953989198,8.30444319065856,8.37238785037139,8.49682914140691,7.80463387365197,7.91900820106685,8.94705724808043,11.0100406946984,10.8593665435918,11.3455915267056,10.8437896774684,9.69928743642212,9.26607556485969,12.9813615177582,11.2089778048114,11.8290177413566
5.21444087947812,4.8202913177151,5.03485371605587,4.9781878200828,5.2507424390365,4.54070057190834,4.53210344040827,6.38029261994151,9.98581550547205,8.95857155554486,11.5731307672675,9.20574391760832,10.2118124024768,8.90801060478825,10.589798282224,10.7525736176277,9.39759665765541,10.857121585854,8.10099169506545,8.56574083201965,8.30891401064244,15.4225470690817,10.8051922536307,12.5753771088092
4.09657401021056,4.40160136574035,4.99182103072885,4.04169369832362,4.44167183924413,4.01349715029888,4.02207181697685,5.49861943504231,8.1871033656439,12.2645018078912,9.64462280810206,7.88628014462587,6.78543572936518,7.80455734629745,6.06525726669801,10.1202979288383,9.3894758775748,9.42005898823689,9.10523613771568,8.00441977410747,9.42789336446396,14.2183849595404,12.4482993176746,11.5386671028506
4.62794140103489,4.62591463026096,4.49041272778274,5.01710427914178,4.39292394897335,4.24745704361142,4.14754831265874,6.19018439436787,7.49528015847633,9.05052969246452,10.7739814949594,7.58024232495234,7.51284249977269,7.45629782383093,7.24168560849758,9.21067758353399,8.48321543612642,7.86712246501465,9.98706898074883,9.47278176734254,10.7891881608246,16.2300137363222,12.8139735016998,10.6583736246902
4.68856224978327,5.10855191025154,4.71996205919565,5.02395517034709,5.43876500825339,5.38176411007012,5.80370872548629,6.48723904364793,10.1404490536666,12.4733069427667,9.94205080801088,9.08774553428255,9.88893489571074,9.99155326404998,8.37277669930855,8.83906349126983,9.0483644147496,8.94104207386266,13.7583533620242,12.242348939522,13.2761893923384,16.5999135213382,12.8789475537778,12.6092182223054
5.30318172018706,4.99893375637492,5.19531079939141,4.69519637689165,4.33036251858648,4.44787365258319,5.6404251405942,6.68854742173857,10.1911469604249,11.022011564403,9.27626516868659,9.11760806775488,8.66124423586809,10.7818058732446,8.56965713255713,10.9213044380297,10.4367037475615,9.4501554354328,11.701567267397,12.2405827323552,10.8129549150614,15.9576348489662,11.8660515687831,10.9544949909046
5.81257195026555,5.145056604421,4.54315113665871,4.75817938362902,5.58336225017698,5.39625010657133,5.1673833251951,7.07826641271745,8.88783103740734,12.1274436341841,11.7510642112304,8.59907328339927,8.35203415869667,8.5411763129114,9.36197174922291,10.031165456693,10.7488027293522,12.6363132908036,11.3741587456704,9.87741834142764,10.8567107344617,14.5277557094758,14.9038829063598,11.0338250559855
5.05626188511671,4.36833715884454,4.16559763131511,5.81010246861053,5.20289596281413,4.64314750637291,5.07023521494311,6.71023091265475,10.129008039409,7.43559070097593,8.18554464914648,8.16329330091847,7.10253228045371,7.78877593454059,9.81511725083195,9.82552772509669,10.8899341286494,8.79600887881351,11.8714285308055,11.614547244639,11.9061832402214,15.9402173657452,12.380773858243,13.6873262713634
4.94321648277453,4.52916700203884,4.28579946067816,4.60447615942605,5.13505412098711,5.37253367540502,5.12760101170356,8.16944194783762,10.1106527175573,12.8416608884924,8.24294115097764,8.15058377550347,10.8156996239556,9.06020203949972,12.1162226391605,9.38096953852111,10.0298297488431,10.8458891614426,12.0324878249512,9.58889489988468,10.2424991486352,15.2322467950602,13.563250642366,13.457330668373
4.6662369097824,5.18832580238891,5.18793935236106,5.30568408454045,4.49733033160236,4.42806795718493,4.1433324330742,7.16392118354514,7.18893404796086,9.89385641586311,7.7056537188191,9.3040096394485,8.27025184117451,7.01322524715933,11.026823180155,10.2425568203166,9.57504841276005,9.0700007500825,11.5264397513328,12.0847040802088,10.7354215566942,14.0787421885511,13.4182948901432,11.857208009407
5.26457654191822,4.41098298017486,5.28946120743933,5.30998440951373,5.55188067085361,5.75733835602178,5.05994082085251,6.62164911429363,6.91255886381603,12.1842239716114,10.9538080461271,7.79947979078594,8.36642237544466,8.97220688350228,11.1251794610815,11.4004183014426,11.5932375785068,10.1835686326502,9.55479634150817,9.70340448379043,9.50340767407783,18.7663073250326,12.2285867969607,12.140159113049
4.96574618296046,5.13936095895598,5.04880635790123,5.26262714759319,4.63460419912043,4.82536574752293,4.68261258113548,6.62930105222698,8.71390724201155,9.86416538968431,11.4592133034009,7.82230388993497,8.48838232988447,8.12124869927062,9.16424183696591,10.9458185666131,9.85694542695435,8.42655702764526,10.5469927087322,9.46026606674387,9.4093116772206,15.9136884678961,15.0835611740832,12.5920741144025
5.09749557783596,4.36801882914859,4.59349536504332,4.24683155088083,4.73013723706008,5.24661574414518,4.80944994936186,5.48848681201492,9.3353863915427,10.6256663098706,11.0235398854448,12.7040157253945,7.83809198349045,11.2798059761336,11.082918250621,10.4843096165801,11.5665411944454,8.93310839219357,11.2679511545806,9.41942873711562,11.6833224567608,15.9910150474691,13.9599148157779,12.1958138920308
5.18345608643072,5.22037183608728,5.04798878204766,5.28096788594279,6.04756315557328,5.5714397227772,5.75668736063256,8.06827032122929,6.92132370412579,10.6435897083648,7.95871208801704,8.81599669246748,11.051841039,11.3283492313367,10.6159616830735,12.2745951335622,10.9523538855778,9.36816561482549,10.5079258010515,9.69191626306769,10.4668292073708,17.01361164225,12.8308699494205,14.1705950832484
5.46644945478227,4.43344007960177,5.10255062841262,5.41219211161294,5.35383759340873,6.06709573620383,5.11490732704812,6.54416093854364,7.57604003351949,10.0269414503013,12.4718578818667,10.8218470448925,7.77940915929317,9.7187462307508,11.0059782626834,9.77029680992094,12.9916586498672,9.35726754849174,9.72794325040309,11.1703319893543,11.208084481749,16.275496954406,10.2937196143111,10.0809571300907
5.42104754348297,5.65299840412902,5.35747448804714,5.18154130562053,5.38431681667417,5.13649328454235,4.96310697726409,7.75879200713261,9.90105113235903,9.00082157768493,8.86993891158578,8.87766713840137,7.83355153323355,8.90536033418973,10.3047149211872,9.81131793778023,10.1443695647793,10.4139896517197,11.8684825292315,13.8814293755158,10.9952444011877,15.645139801971,11.5724739436783,12.7099100185713
4.45343726640472,4.75101436592878,4.91415482089087,5.57196608700344,5.11481563138215,5.44785021610079,4.80346034658126,5.89233575732278,8.15088282614743,12.0149686605806,8.86032322225957,11.6947741368051,10.9506039453376,10.7432618951552,10.4771862464365,11.0815480223061,11.0769204178283,11.3349299752086,14.8304704502346,10.8173272781945,11.7806971986978,15.2398246360163,12.9468483964278,11.6348908817997
4.71594638179229,4.34320482328596,4.84540775355495,5.53249667211935,5.41211244210142,5.51395885535586,5.92400231601643,7.18590850246626,7.77555022119797,9.02830190269228,9.12017110128684,10.7798484020658,9.41589122260006,9.82875592690806,10.0598932378433,10.6511835051692,10.572726640639,11.5899837817846,9.71016022952896,10.3644633125399,10.7088336292813,15.1374631940772,14.2506412526321,11.8050242123927
5.34032461927073,4.57978408302965,4.78858813630996,5.05393156198177,4.6579847255209,5.4456112025585,5.15104305528044,7.32932193515232,8.68227636057729,13.7535346196729,11.3506633395564,11.2862546934818,8.79784011529229,7.84071525130998,9.17292524050776,7.87066231696822,8.20799792861748,9.58432792035925,11.184001962062,12.0560051225035,12.9589784845401,15.7032098029126,11.8465506046605,12.1161229627224
4.95510093443907,5.28175387592465,5.0867272653108,4.87241221756733,5.0452204017115,4.50445709706235,4.95737620873483,6.8174523320031,7.54434744053159,9.7239282370438,8.85409178195588,8.97534241980114,8.48089758324832,10.3388822965486,9.45642804854164,8.82080491634978,9.91812400277679,8.78865801562855,8.7593577143801,11.404822427608,10.9133223905555,16.9317347248917,11.3497458522682,9.67095110684883
5.22895116666264,4.91012434295849,4.39637126123501,4.80941786159223,4.97165419630974,5.13924649890419,5.33972842046073,6.71259764025821,9.21730666909903,9.88920652363219,9.02563688928364,9.96711926627995,8.99854363575449,9.85629258009248,8.06141572385243,9.65815518856312,7.78707683250968,8.13867208915226,10.1653231068902,10.659989754641,9.54598443970655,16.0300887737026,11.9463880583208,9.07168780857054
4.77737253547776,5.36789479706951,4.40161220088277,4.64362779473283,4.32425030464971,4.38301163328386,4.3793446793538,6.01110834371775,8.50622395746303,9.5746212623633,7.27172850425986,8.21894832852376,10.3863793962331,10.3918456057623,8.66817553030678,9.89509224645676,10.0257800493367,9.2598413326763,13.7861140601841,10.4320964743094,10.1824692824512,16.2713086903985,11.2078104858378,10.2559730860732
4.59485464232814,4.5367392978335,4.83602212271298,5.02429868894156,5.52214806756828,4.80604466923369,5.00366079722414,7.92400870143618,8.51332515077578,13.5692828117282,9.53196128785192,12.4729835825508,10.7213386903783,7.8929785317987,9.32434414923657,12.8332942321863,9.95254275263144,9.20338497532315,13.685204832718,8.90457539630775,10.6210452125131,15.995420834699,15.4052210153614,11.9733586831343
5.55637430133188,4.51470582389341,4.63541688964589,4.52581517573813,4.7919503752013,4.31509303553854,5.41867326371703,7.89380702682715,8.36633216077958,8.88717354909063,8.78711017250479,9.54065049493224,8.69116178353393,8.38247876302792,8.70665830851787,9.06007746549282,8.80671195214776,10.6160722912977,12.014109473299,9.97282159868152,10.3618216140122,14.0807402376357,15.1272565664755,12.7833569409145
4.9236580708787,4.91988309365949,4.53599251620702,4.90913807151813,4.6649903793118,4.89060750055164,5.03789633484925,6.04216363076581,8.73438744039498,12.2224436651051,11.2703504528632,8.82068683272375,12.2805659655876,8.25606275503732,12.2537946941983,8.4212368536121,9.76571885484941,8.45560044544656,9.82769676485605,10.9382653519479,8.36487479648733,16.913666111176,10.8326615732513,13.4846492408817
5.34801377847351,5.88718599435161,5.57675525216483,5.71827832396999,5.77153498154084,4.9685219868538,5.08149931447393,6.83518828010554,10.0575068618667,11.1800566201686,9.00359443715602,8.39137860027453,11.4149461506327,8.81867655007051,8.95244162063551,10.9595493335563,9.43922379360985,10.4214547158133,11.6645765448355,10.7627519660655,11.4014698771688,14.6800026486024,11.8464501117098,13.0979212902707
4.88871258479305,5.72675815484878,5.46162564065637,4.56372655510104,5.06841072953453,4.79828448471364,5.39625321295663,5.81296212213971,9.58939761621425,11.3111701697395,9.41272632902439,9.06384493283116,11.2044617811291,8.84786070360134,7.42046498606045,10.9931326110324,12.8500345803425,9.92179351370561,9.81078757591417,9.79564643810488,13.9295550912801,15.0808705112908,13.6996278491124,12.4126333310332
5.88673898762642,5.2003518815234,5.05897858462234,4.99238519964577,5.2186849757321,5.03277913463677,4.11865668453079,6.5460888677364,6.8533050498213,11.4288839903358,11.3415116072109,10.3818863837736,10.4150803204632,9.58386214908982,9.12284772239462,9.03446107075034,9.3055560391708,10.0095911092618,11.7509513184118,9.09834696502289,10.4218061286401,14.99380126613,13.3633421859969,11.7416246588755
5.31733057101925,4.62206662891178,4.66014118684203,4.90699601021692,4.75195056922731,4.7638719476071,5.40638131390312,7.07215549689866,10.8912109925922,11.1692286619623,8.17689360681846,9.3791810032078,11.9240434322197,9.67143995158681,9.34587586900642,7.93146881446434,8.29748895175093,10.1686311545553,10.1118362929653,10.8729134472446,10.697732630551,16.2879475449167,11.6848786128538,13.1376225785779
4.70790930126235,4.77999748779909,5.06375517841087,4.60201056044636,4.88965590166357,5.1954107925871,4.80828929230193,5.90020927856754,8.26166420030331,11.1293519044876,7.53715278105571,9.51944977984268,10.3775474158447,9.21681420613853,9.44357430801699,8.76582924249289,8.93322316827162,9.6069671543192,10.6839733108449,10.7561555117533,13.5317621431301,16.0788216642214,12.5403144228461,10.9928140104529
5.02137882560989,5.09415512278306,4.98084290544355,5.08800050481736,5.09741690480842,4.9660035363474,4.82307002505166,7.52887948029692,8.12294724061885,12.9812166838889,9.90898979653913,8.12518560055303,9.9426322265249,9.70360340025231,8.79439265655176,8.58725665264399,10.9131456281475,9.18211622409959,12.1659000728981,10.4329453204334,11.7441982013719,15.2682829651538,14.4516375513497,11.99326506129
5.22217559827821,5.46369151974335,6.4980887154339,5.41797796191347,5.1641070388056,4.57090959235494,5.73868539767772,6.56068204024072,9.37956020499244,10.6931262915292,11.8214208165117,7.56541127015481,7.44155904598729,9.28939891438599,9.7722944038409,10.2094738583862,9.25876080757427,10.1742769412972,10.2471250844503,12.0887375173406,12.4288484625433,15.0614761322781,13.3497114814465,9.88470890501065
5.61188572160463,4.58664560815843,4.36362242520992,5.98427630787326,5.4939291422849,4.66764189646521,4.75282847303057,5.38441866843784,7.97224246777556,10.0724963495738,9.73538030983697,9.60793779592594,9.08215808948622,8.88779091885475,9.67721522312136,8.53746250218293,10.7118733273978,10.1993492174346,9.03886196026193,13.958875286073,10.1014271749861,14.7699218758584,11.7071486798915,11.4536641205195
5.11034106749197,4.66559351093098,5.2022875595657,4.77075996375546,5.08624211716815,4.82425932331447,4.59331420927431,6.43604413509601,8.94088857206991,12.1245294201545,11.3348759767365,11.5433327973387,11.4158996352418,10.6245974574705,10.130882088347,11.2788421797812,7.88833761075848,10.5441852017511,9.70933529118859,9.00236077523032,9.39368510685536,14.4036794862747,11.8556987796112,13.4468286154268
5.87629597624492,4.95317801194561,4.88043801497567,5.33491373712751,5.55428854898973,5.61336637988598,5.58639623082897,6.58423615567491,9.6721097657608,9.35950771398375,9.93694785654174,10.3978425866821,10.923365838954,8.73651790415116,9.77164049055163,9.47062167668611,8.8768180087196,8.54472172368663,10.1135920934876,10.227730078731,10.8778557333703,16.0867648280772,15.631408608499,15.2368698891966
5.46010877563427,4.97225936705774,4.41559275412004,5.32436181090611,4.84215957381684,5.29539551877572,4.55247477092195,7.59209213280207,7.86532317776195,14.3222930276377,10.3946088838442,11.7352284846628,8.13530378049364,9.54232034819189,8.12014894607909,7.97054369375357,8.96540001608142,9.47791741998392,9.82633606497325,9.55235817839103,10.662359502655,14.9012791447546,12.0657977693014,13.7819502654595
4.49046600285176,4.46741285919112,4.55264118268625,4.44696045493257,5.79729538431054,6.07886980548184,5.49794480271908,6.6877876152306,6.56358561998352,8.80489575719531,8.54480911358818,7.79868328084176,11.3468026170968,11.3067503492925,9.89558491472156,8.60097587678718,10.9772590523343,10.645900801087,9.5944280888332,9.43253126945525,9.78661655973936,16.2955507959569,11.999910653901,12.284156826462
5.05662828031512,6.23271472386708,4.90175801259102,5.12174110407427,5.3201282661047,5.00491883142396,5.0107290362162,6.76382968413255,8.26376921652911,13.5536922850243,8.56574540919592,9.10330619600174,10.5377950190647,8.20275176717393,9.98435022980009,9.1123374325894,10.6081334823001,9.31956641557326,9.87023909412276,10.7992138360554,10.2092669636964,16.5137215676537,12.4100388348512,11.5569503702773
6.35719153472533,4.26069649929567,5.37380478025111,5.15166167903111,4.87892459891676,4.98138335927522,5.46302674049151,6.67948870119102,8.07619208705289,10.4208065087179,9.34721913522066,9.07891636765811,11.594791304914,10.2440019087909,10.0571712694841,9.6698961014324,10.0727971264543,10.9819259715078,11.2752907729334,10.5326445483548,10.9881975378727,14.7053554169037,12.2634639701849,13.9948827959341
5.10502869790733,4.55827498761955,4.96195854871873,5.49386591529535,5.1239160269327,5.39673066675548,5.14511506048683,6.09104043014942,7.72203553079317,11.9897359050475,8.35225338061809,10.4768537363149,9.82812140441033,9.99469627500208,8.39664268867262,12.9758900367223,10.9996389930764,10.3322416920732,11.877762388232,8.7680359334405,11.3915117773948,14.6417986359734,12.0276606453459,10.9305872806146
5.4617750193833,4.8755023402,5.25114357215329,5.55057034355045,4.7884010867966,4.7235201325782,4.93060201647377,7.06346031983807,8.70316103889114,11.2816873379652,6.5460427605487,7.72730749188018,9.77244673116962,7.54182493202465,10.9434363337173,10.6723507301997,8.70468383955225,9.77302214713183,11.9889562319305,12.1667032653366,11.5909394166252,15.7017433210083,13.7213277011049,10.4381635457127
4.35630074380896,4.35310788688007,4.92947132456382,5.23089410735906,4.863259715651,4.97623748448846,4.82444331290417,7.10308480843192,9.67116741400102,11.3146080917405,12.208028307471,9.69925774929436,8.63119240535704,9.97773103134625,8.31700137561188,8.58095811430304,8.39035556185022,9.28210230479391,8.52021807575897,10.2463483595132,10.7842495518538,16.8078047388658,14.1170607548285,14.3791717473249
4.50212394663571,4.49990218485104,4.7801630990533,5.16395619395933,6.05495857544581,4.94244457669433,4.76543073897018,6.33815457000979,6.51663169260489,9.88943986660622,9.31069369425625,8.16597645841765,8.99947056479695,8.71493874835356,9.29135295742444,6.80357616335278,10.0535864563397,10.289612046462,10.8995633761332,13.6641536345584,12.0447776271874,16.0595954096253,10.1520065639138,10.7117383310918
4.53622121347013,5.19383113820127,4.66459472739418,4.78907869452234,5.35630908737108,5.61568712989572,4.85289133190879,6.94611595442281,10.1186700961843,11.7359947466025,9.38828795054549,9.9899451027752,8.1053255334901,9.59220285015626,9.98516852236669,9.26053782222301,9.24234537817903,7.97376989743253,10.6762294337425,8.9160834522897,12.1871261584166,14.8432542891591,13.9246447005161,13.3759580732012
4.93871204117135,5.32242549820807,5.11680344864002,4.22711225011989,5.09201862858526,5.00198373254078,5.74571034915748,6.56387660200165,9.00934840643283,10.7037900142316,9.40335936418437,9.11781476872061,8.98938002904689,7.61952888576656,9.539648397301,9.06167966058533,9.83497701045454,8.93002890336712,10.6155044713641,9.80503231108577,9.9608584642819,15.1630669362358,10.338847737631,12.7898616721707
4.66119375112083,4.36862162633939,4.55036116717796,5.77409484522717,5.01974722958557,5.81780609233358,4.674821444375,6.23665898039661,9.33618602584771,13.8676011686803,9.30285459942961,10.234035353071,7.99935323930121,7.53614431098596,8.8008088573253,7.96040294699151,8.82729397074108,8.97493162734881,10.2853186178668,10.3424790392667,10.7663342732287,14.0543194081488,12.6438951672908,11.7644039651046
5.2130404622732,5.08092247973915,5.24804911007288,4.88799963153211,4.60746483794136,4.96635222269063,5.1774776291421,7.81129904751279,10.5557817787393,12.1454398489656,8.22095530493852,8.57333927830126,11.0237895707007,9.49210990582382,7.93201054746043,9.15729725370992,9.03121836235529,8.92707268836725,9.54340145189594,10.4984352507005,11.1793858696568,16.6661505428594,12.6861437685627,12.5617723141368
5.45627135891682,5.16780480504508,4.6242354886438,4.55691831417714,5.28139978548746,5.02638416976841,4.85946754463363,7.35055644759457,9.3494622227425,13.2119693470217,9.23794404116259,7.52465839733197,9.98097141298157,9.81007216524378,8.8280011715386,10.3004363195586,11.4943972798647,9.61850692455812,9.64756776966339,11.0281907007176,11.4276555243414,13.9454418949358,12.0083680325684,13.2724849130052
5.1454289143553,4.46534229935782,4.79158563221954,5.94399495085739,5.60461212925142,5.2626677880201,4.75151437252911,6.7471384081278,7.47347255130866,9.01213208816982,11.8897478932939,7.76814443591411,10.0818644246831,10.611457838738,9.16484589094872,7.7110252315932,12.5199846810568,9.02283379922082,10.7771917940613,8.74259031149143,10.4215881561221,15.4231026614307,11.2764294209424,13.8880983722642
5.13161082085245,4.53594175041004,5.59595972895261,5.57451963990352,5.46445684756797,4.59182492604302,4.87136769277077,5.67711038633557,7.27876437948231,10.2632293032108,8.28258231678258,10.4340131422977,9.46543239255016,9.20519315885526,7.52702281864197,9.50977943350698,8.09491425838118,10.3805023232262,11.0266797819208,9.82473111042308,9.57361587963265,19.5145378821083,12.2166362877225,11.3946882154883
5.35002702110527,5.1668884498218,5.21371563275973,4.7682176727279,4.56355301399349,4.76219465769075,4.61803222491885,6.65528428624507,7.80373359298676,9.28790414331455,10.5906933251891,9.49169822015137,10.3140646909266,9.18468949189183,9.07253612005758,8.50720683641168,10.8395436850371,8.45908311309683,11.1211318991945,9.92054441365409,10.6547182907641,16.8981773200559,11.8656027509796,12.4252549589458
5.59584229886046,4.69904206813713,5.36286280534835,5.40839315532734,6.20925601977371,4.27187427100335,5.82031706617368,6.28637617301368,7.644666566751,12.9193726746765,9.5521725892586,8.06060434205231,8.14966859200969,10.0147503458084,8.24162950822492,10.2530394752806,13.7343584066084,11.9832927027561,12.0226054679558,10.4964257864219,10.937811353438,15.3729352845395,12.1166809482008,11.9986428873975
5.16491272305047,4.82985102606119,4.4256447538419,4.76752394230249,4.80197350544189,5.30741338319144,5.29861101692697,6.80180981770945,7.09976727989282,10.2209373901835,9.24979260951224,9.89533197498609,8.82746109312632,8.04526202111757,7.59780286897889,8.3714998477119,7.86859285741686,10.2431484956786,10.3124737426638,10.4855960232883,11.1269639271128,17.4159459429324,12.6388877505662,15.047047366244
4.91834841570721,4.67984915165106,4.60506911808457,5.43048177062694,4.6315952334285,4.54253269894983,4.50281762432823,6.46982090206037,9.36938637678056,10.0881749097253,10.8083063548532,9.37038931765058,8.84881769607405,10.4736514070793,10.0129908353227,8.57744500576849,10.2851601593393,10.4421507372981,12.0802749678302,9.54491279024482,10.0114968666304,16.5802448777496,12.4425281287872,10.9140227642964
5.55588667799342,4.66152718101707,4.99780212352254,4.64694727155453,4.97144349128048,5.64715634796725,4.98623633884447,7.03149144679684,6.97502781749979,8.88279787998948,9.12607496475543,8.85796929737298,10.1859166522179,10.0825321856342,8.02770866123578,8.73959706690653,10.4227688350609,10.4597468588685,10.3375602109058,13.1263884816778,13.0364042453983,16.4516322252022,12.6206859225693,11.4701857239969
5.19454474682519,4.08007719987401,4.89399227237498,5.18592202615851,5.57308959612534,4.41809849113378,4.81211936598442,7.03698633452085,7.44554456467305,10.9796841928204,11.3532415373504,7.89858986978494,10.5313651069451,7.63043546382913,7.35700447031693,9.83971285291764,11.925861102983,10.9812565304929,11.2203388761498,9.65755832784051,10.5143535107588,15.0311439180754,12.3175613582161,11.0954266992349
4.63346625155802,5.03625244289696,4.79172972844012,5.34679931533463,4.89738264979117,4.97874469876874,4.75448377678297,6.99473096083244,9.50790478218481,11.7381095297929,7.51879418538404,8.57769398069535,9.38372281877605,8.70581381177943,9.04535089820011,9.94985801925026,9.41192999882399,10.2134943586559,10.7121233346892,10.9707884233762,10.545050974902,13.9502920298293,13.1776441743339,10.046210467825
4.6445562856649,4.90609389356775,4.22466426307502,4.80531665061024,5.45188920445247,5.5411805130606,5.40509038656467,7.23808524405557,7.72862854112546,12.6588032459774,8.92226433855781,8.45449647503424,8.93773827112685,8.82260123335963,9.20234865944435,9.83836484931106,9.68904292731446,8.62862031036953,10.6055559300807,8.68051624589692,11.2958773315499,13.4982898894379,13.3617427080735,12.5506525445936
5.25174603652544,5.48765763647854,4.40686914377827,5.11740916847749,4.76998420403095,4.77636385773187,4.81153539182215,6.36863940004918,8.64376193065673,11.7878755527222,8.30906775962111,10.1103991089703,11.5925661761851,11.8099953615003,9.8061259321508,8.99930314838796,8.92590621519681,9.33258719745755,10.7685107218026,12.3847714607063,12.7583405046365,15.4313948690537,13.4191364475866,8.63230497788441
4.6611443772743,5.11998941781604,5.19656877268425,4.5127631633211,4.34333441104029,5.42308935997664,5.44333837560427,7.24715123885767,10.1658402079518,11.3350805713182,11.3985767813728,9.62203047489179,8.50469767294807,9.99183115163986,11.2330968243229,12.185078922088,10.9759852031845,12.9244023163621,10.7229218733261,9.87301167704855,9.45505099757516,16.6553471098108,12.5328232600396,10.2174702678242
4.48947673570676,5.43520895628689,5.33523573635683,5.4921479142591,5.32209422071047,5.88947959599727,5.67178087924512,7.42463718455092,7.01047759371662,9.55240877264885,10.3964878692152,11.6159129266894,9.63742744497478,11.3012388175448,10.0300228266307,10.775781470669,10.724775188463,9.46572440186329,11.2227487911188,11.9920994742438,8.97398990934878,17.0120450015173,12.2329039738884,12.2942088451736
5.06384516191682,4.51381905785955,5.1701573955161,5.23961959048059,5.16028731415553,5.2503918762293,4.50758771770484,6.10426397114804,8.32092807100888,13.5114861660591,12.4893355561799,8.70192922893025,11.1055511403913,8.61294063641967,11.519985913755,9.93221032585779,9.4801279227486,8.72310342973757,11.4894914773956,9.27313822490362,12.1831591643744,14.7349383641972,12.2781647911623,12.8723994963497
5.61374544867714,5.58449580394272,4.54887917673458,4.8965144592923,4.60692961549483,4.92133857534594,5.09344525318437,8.73814994811288,9.83434048515938,9.94685473832015,9.36461371188499,7.98780482700207,9.87007881746609,10.1506046271192,8.73467452847485,9.61806634276817,8.78220707620949,9.67553079483793,10.3517851097936,10.3498115187098,9.38444798926771,15.1050061932696,13.1750898517116,12.754569221546
5.18382111512037,4.33805891822739,5.30010396320703,4.99835159819743,4.98966595709449,5.43752793434559,4.58540829353145,6.53868153687411,7.76092692770278,10.7485337098928,11.2474936175686,9.54986707380213,10.2750081664099,11.7320094578066,10.1560291671047,10.3425431831879,8.43005390986992,9.48367190665521,9.44697664712534,11.292946905532,10.4104966787396,13.7505475329121,13.6069264133631,12.9880357643719
4.58275333817877,5.13490171294587,5.91524869403562,4.73202672685539,6.15704457673724,4.83497976470351,5.301923086332,6.17461824320151,8.92433727851093,11.2420489737312,8.46966998703784,9.49427039669039,13.6208134733281,9.13321460445652,7.83411222273631,10.6493390263516,9.95477213476611,11.7705132658354,11.7395962747012,10.2398545634262,10.8285927695485,15.2890712230187,11.4654372249903,11.2905397249108
4.59675025020392,4.09744322750118,4.49385880836426,4.73434329413602,5.19528899108755,5.70407418206412,5.04038368000711,6.67200906902729,7.47720475830426,10.0356328358877,10.5567528129737,9.0860572944632,9.98525126037765,9.78677986289654,10.316188619149,10.6552162245947,10.9990486813305,10.2405562567885,9.39933143420167,8.40507506756763,10.6816775277139,16.3336878143052,11.6601256663145,9.95059735390007
4.30109133200317,4.58541715095264,4.31908533234418,4.57017908944784,4.79542103215818,5.3875835890449,4.66314476585419,6.20631454390822,6.46838079911475,9.94237864645909,8.29741901495193,8.60009799162196,10.0567757769061,8.79136041711963,8.61332671852302,9.86556080674687,8.83339428345061,8.50955206965872,7.96480160601591,7.65330559493712,9.01502573973757,14.312296503807,10.3447131732289,10.6180580664464
4.52903969515761,4.44724077249471,4.40150216101976,4.61091879282129,4.71635779608266,5.6466451090009,5.07853944566461,5.5460230399127,7.56426749232162,7.22635129036914,7.64555521950136,7.20949010019489,10.7375178007734,9.91801000066609,9.62290361722101,8.75396267998455,9.51786827901647,10.4935963366609,11.3035265663506,8.74345471083652,10.5817024177456,15.1130243110175,11.385805118785,11.5743346420887
4.94283519531911,5.09267783010793,4.46620013141826,5.20499138301739,4.48789258456059,4.37641725178989,4.54196908541262,6.74813388754499,7.37367426442065,8.95297046683276,8.65139072285053,9.20729689066591,8.84389552371137,8.12634133399547,8.58916390802002,7.74977007525953,8.04384103733267,9.53040567975595,8.40478090053488,9.91133470930969,13.1462877004778,13.8938394140688,11.9378831920186,10.9500201970152
4.35854347898872,4.14811747585106,4.08943908107031,3.90796075424669,4.40428609476309,4.9893569581665,4.2050232514301,6.00319408791197,6.73362110462453,10.3185754109101,8.74210713462459,8.27431304888583,10.7961233144454,8.53976044170064,6.10708867547564,8.44350707538067,10.6887160615951,10.9636937307176,11.8738594718802,9.33498273247032,9.60322510187645,15.3308960101425,10.2424263913568,11.0825775611388
4.5702844744246,4.40983826770019,4.59285336857886,4.59607858115699,4.21851855031738,4.23518060360786,3.62037460178632,6.36499683993779,7.30705079686051,10.1217625304165,8.24261387200506,7.90916392339386,7.43212803027458,7.80590215154073,9.51157085341811,12.0224247255119,8.30662678425226,8.84366982312567,10.1649299112231,8.99588107098266,10.0935675578081,16.6825506575188,12.3056491285168,10.662656169102
4.98851331603829,4.55406922118703,4.57572193266284,5.18874408113741,4.77129492920328,4.9733709248947,4.69689662344554,7.41673621936279,9.31691389178382,10.443125399374,8.53036753785158,11.0537425833149,8.22206626012525,10.0586241351842,7.78903026106508,8.26254727037923,10.3066957827947,9.98282771872176,8.38959829492568,8.14036916250748,9.5100429577813,13.2366865511785,13.6150970464494,10.5301666130264
4.98936670099023,4.55733520985425,4.28817516540343,4.27514949340935,4.68980579052503,5.35631710986863,5.15463538509076,5.97706350742505,7.57745436370286,9.52953253452465,10.1334793306136,6.87484282617704,8.76662364631233,7.97745247942561,9.60475600403695,6.53363045481116,8.41898727585344,10.4462484050604,8.75256948178676,8.24178057781833,13.5896362893776,13.6203254794167,14.8910144262829,12.1222989293342
4.4458882641638,5.55841943757085,5.41702386012973,5.42360697222059,5.39712349154198,5.76656526679758,4.82969361430722,6.26872266139131,8.05305147362191,11.5430148755727,7.67497303811446,8.74314691754607,10.2022015856832,9.70770151209743,9.33063694610396,8.30442809753541,7.85737709655491,7.68631488049796,11.96153352298,9.70875786474251,10.1134686526875,16.4257076019143,12.2867969023917,10.6591014915943
4.66555939828849,5.52299881179635,4.36895237894398,5.00470768853033,5.0285556814891,4.27459042483249,4.87677403195174,5.66353930045974,8.79889479656205,10.1072379984913,8.296709534127,8.08125157522697,10.1147161056529,8.39019526089789,9.18232238152731,10.0942757779207,10.1999476643482,11.1377706658916,9.18820826138981,11.0374577187829,10.4023431436558,13.2539174404784,11.3963596160404,11.7025705919874
4.89763310882061,4.76262640776728,5.06143419585183,4.53776306370486,4.76542924587496,5.49143393101813,5.01430044010874,5.29963764452217,6.76214018900791,11.109978577413,9.72761105831526,7.88961051616812,11.2983148338518,9.0390883393053,8.7236305989768,9.53330670534219,10.771829269855,10.844579973471,8.32245983062514,11.8057264727883,9.1311842532431,12.694134984795,9.37770556335923,11.2679738396422
4.72408661561694,4.22302165387745,4.50930452667679,4.46936429765356,4.39166737329339,4.3873990487475,4.60600847527693,7.53263404777428,8.81246790333262,8.92504367376612,10.0805208350547,9.87848896249882,7.3581139523965,7.18982872471669,10.4946310087623,9.08860476254863,9.91759838806805,7.86303178725422,8.94361959959714,9.95543891391961,8.79660269070431,14.5111685942409,13.4118957751465,10.7761295579331
5.24385108237479,4.77055899316279,5.28047740756999,5.03087799701897,4.35350736043501,4.27640064703034,4.35523771963971,6.54385370491004,7.71042117361391,8.97050229219133,7.95872860130831,8.59991996709055,11.0391735362194,9.56614035986102,11.4256060415048,8.41739378580359,10.1644725455617,7.92575837818661,8.28662238336523,11.2687603316743,10.0638767884124,12.5568148889967,10.7623133340247,13.560685415431
4.68921202974103,4.30379234371621,4.2605005224443,4.81122173202531,4.4400914831041,4.52120425880318,4.31430626785372,6.91948726649712,8.6424506889595,10.3024539032565,10.8172179343396,8.16633823242901,8.46789297723937,8.35368237866465,9.10242717141878,9.20312683029595,9.35527186115795,8.82760277305345,9.42152177913,9.73849881808601,10.3628600930137,14.0243924300925,11.0877401426406,10.0397978415535
5.21353095425847,4.45849467906344,4.68623201054484,5.4925433588462,4.6634057922986,4.62489656709794,5.37301659047446,6.35820120911901,8.85843967083709,8.21958284550602,8.15929740552311,7.95140956418967,9.20142664944731,7.30352947423153,7.03794910305948,8.14865720468461,9.35849867453426,9.61338188132108,11.0943501257064,9.83146610112939,12.0292976699824,15.2496745798529,13.1246566416249,11.8958162944858
4.67322493323183,4.2314835648732,5.13220756435858,5.18168096169678,3.85844546604924,4.36772857376682,3.73209269719708,5.8135246540436,6.96085252186298,12.0221649051209,8.82001451969683,9.03429116698035,7.95478922527574,10.0651381996561,9.67650108228584,9.11347184981546,11.065151233917,9.04192296513764,11.3783381282907,10.4285972335412,8.87083868631597,12.6046296351545,11.5717464417629,8.53506918487638
4.35611139632751,4.14056703830006,4.89001005229644,4.37307717265077,4.23541711139587,4.47954378886002,3.83359927438083,5.44449633418511,5.14831181000351,6.40881021733703,7.99800754806062,8.86082661830859,8.0587755446531,9.40890152912947,6.92789911687493,8.14742063683018,9.09396366123872,9.50065752507269,11.5418209038475,8.53918383452018,10.9158151098271,14.5926215498382,12.4967981237066,9.1577644381404
4.56200721275366,5.04588095931605,5.25998112841865,5.56340641045074,5.08687529118358,4.45009200108184,3.84213387036483,6.39458282865199,8.14376576131257,9.703855860645,7.71154273074985,7.72225811246244,10.7046251512072,8.51186436774579,9.0992662578614,9.02466669145889,11.1421337370704,11.4196602375491,10.8176475657533,9.005449123028,10.3875460777675,15.3799376366321,13.0553471732507,10.7221190140037
4.04257614060852,4.62428422845028,5.16026932185371,4.75478288027569,4.51680026711914,4.62284374696343,3.69502138259591,6.08810374765333,7.22739664269997,11.6313509339297,8.95298103819926,9.35507823850275,11.2191542222562,7.1964466462716,7.86615130981032,8.3405600996914,9.24125777994212,8.54278409688684,8.88014593310787,11.1176774813201,8.59554443199798,13.3549797034064,11.5542981001495,10.2209694800484
4.78801441474937,4.56021925825123,4.6020328402386,4.7309330806488,4.31055290650531,4.37991906832679,5.27596236321875,6.71428142416186,8.21401430531243,8.39979981748742,8.51416407217028,9.8129167625821,8.52431144063086,8.47298042632769,11.5825582354938,10.4693401043202,10.2853609223896,8.1125915625927,10.4755168251288,11.6104901815947,8.17265516105859,13.0429557500766,10.3711849527989,10.1419190718917
4.96278798653128,4.8966047027184,4.81372278195481,4.86234700626846,5.27792471837048,5.08817765244209,4.19376807280327,6.77553622155153,6.40167316168994,9.00517837556351,9.13107819749061,9.0378314617124,9.00116570312333,11.3457169061392,8.05467083529982,7.71194113252532,11.3010534102416,9.53911285087071,11.2689084051869,11.9840318071274,10.0510823703199,14.9778846091386,11.6410228430008,11.3924664157365
4.08343344262073,4.45095438173195,4.37326661751564,4.81141008951874,4.70585324123827,4.32046790206299,4.46396951478416,5.82293786323597,8.40301259985708,10.0840795291274,10.9741843538725,9.33588649476117,10.5561847405748,7.68393549853598,10.6173972142971,9.00558814806765,9.40821406108972,10.6159024045075,8.47934112382328,9.16127709199491,8.77333397361725,12.8207301139726,11.1102962392724,12.5218471997525
4.77163192406686,4.96921755634946,5.4629957113561,4.91059960254198,5.17598726358827,4.90296398600238,4.08299386470823,6.58896422683523,8.89601547366541,8.55054961043926,7.51292674159806,9.40644384285853,10.0664467340109,10.5765547528942,9.31901277588115,7.51060269118048,9.15399477246463,9.38010485772734,9.16594878578573,10.315558662362,11.0226051845986,15.2881617911025,11.0767809827305,12.0395305400265
4.80055599139686,4.7836576914558,5.42277805469976,4.65930852481235,4.82176202967241,4.70757600657132,4.16324024898557,6.8591023030575,10.7618302826123,9.62964928243039,10.5761437281,10.9224508789177,9.10235538366229,8.34257743066995,8.44069639877125,9.11521512121641,9.57938471336723,8.12801311391851,9.40927058237662,8.65441768322193,8.58985195830189,16.6869533588581,12.6259131237571,11.4931075416065
4.33225086791352,4.37351270785243,4.25334470084772,3.96840199410783,5.43570469975821,5.06600989044776,5.09122928062967,5.98828470526429,7.05846578684106,10.5964275278541,7.29224217603424,9.4721538430306,8.71979260651675,8.33656167930955,9.47878776880543,9.85256594145579,9.66255121926596,9.2763304532267,11.1341944800168,11.9755180400843,9.31041139046097,18.0699934862433,10.8069024403069,12.148953635799
4.49179796559682,4.65893339966809,4.22790309674104,4.27393750756504,4.71425445750052,4.89908523241532,4.0012681034475,5.48504791570399,5.71188428443465,8.79571378617736,6.20348546033318,6.0058002842695,5.98574983563197,8.47778851826366,8.03691542168263,6.93527745103417,9.20474641210794,9.65556021485096,8.64258446539002,10.3291184492634,9.48960848043308,15.0815711685377,11.3787109487592,10.7562158268272
5.08199371969431,4.13554527300047,4.54940126732496,5.05580830503741,4.72277744308903,4.64294302365012,4.33749546047442,6.67512738713804,9.03361646220681,9.57916163280704,7.1377779387679,8.95750950498683,11.6730682616882,6.96865373919439,7.11214493560315,8.58299487048551,8.63538225391785,10.0559652219684,8.61354885617572,11.0147088246768,11.9938781008751,13.7031546906216,10.2023377442859,10.2497663618699
4.95948637117333,4.5146268989819,5.1699803246932,4.94628485074189,4.92173984032278,5.03957071749384,4.38454820725687,5.75596668205529,8.68077212083904,10.0366262205981,7.53798997482901,8.40365716731307,7.82661290261898,7.1404942738738,7.01270433209209,8.00705242446675,7.66148608389669,9.3956226022085,10.274645172487,8.74196190906728,8.43497615498607,14.7633769352718,12.6186044288741,11.8420894087743
4.5437776208655,4.9120273566261,4.98812562795621,4.25000028944245,4.90468862045704,4.78833028652229,4.4949643355283,7.18269112453948,8.89665195727033,8.82937484342617,10.3969527290802,7.40743589548925,8.58162208183901,8.97758375193908,8.52636977479862,9.93026266995223,10.0553146839702,7.61758978052835,9.60767435545073,10.1886161628035,9.91681770892099,14.892115846441,12.0301888533084,11.8345632883449
4.62369877204811,4.5243747445663,4.46477528613164,3.80829222009955,4.3454973117489,4.76129527676775,4.95405443778505,6.60172642273567,6.87108047576022,11.0695668108563,9.03158103993754,8.67790289884754,11.856707824981,10.5394791622273,11.7948560747658,7.31255919992482,8.8051689593551,9.28461653076523,7.29402320533842,10.6916208529428,8.00804910255822,13.5810755899551,11.6663143631918,11.9478315017491
5.3616770888714,4.50270360408585,5.09173998182392,4.32588883293989,4.17410013812175,4.79194569982913,4.64219714830819,6.1669493606983,8.45110426242309,8.42317031081942,10.3517953777061,8.23066205082665,10.996723207373,9.42253394966879,9.95893939735388,8.64357799019014,8.92474318612286,10.4940564586136,9.06757938526727,10.881976835909,11.3002304518715,14.7901362323505,10.9951759705735,13.7093908138285
4.96463264891157,5.22094222385405,5.32005116150465,4.38604273743395,4.6656682018229,4.60480167523376,4.86380104123168,5.67156221591379,8.06216662631573,13.436829942338,8.86192553010203,9.72265733339108,9.45309418764565,9.91380206638341,9.58293851984778,9.47562079717918,8.4597591078176,9.83657617021481,9.07302686787146,9.04620401507813,9.40360179878874,14.1383044294803,13.8274996121003,11.7514353826063
4.03177715239285,4.22895466781078,4.11397003260341,4.2733328430979,4.30995263356783,4.58576213252816,4.73349153039985,5.11902782303782,8.2948018214334,10.9019911606975,9.28581688995024,9.10939334805279,8.67875533274369,9.81452669871569,8.25900492572195,7.16506580132574,7.85630575882843,8.73338435126835,9.58528214364537,11.8045721054013,9.55193965870954,12.8783510886567,13.0145744796041,13.7228755924171
4.55554654871671,5.33857417257007,4.60207655828854,4.64766115859478,4.56891256287885,4.59114417062653,4.63177067613446,6.05779553408298,7.49789654018745,10.5848408415019,8.92177079646392,8.08495053045023,9.89818139229379,13.0901536648708,10.4141745085752,9.117890994649,8.94770678795621,10.1705266937591,9.97740164738435,9.44908621497085,7.70450261616971,13.4276337095942,11.1668987487657,10.7196973070195
4.65588758953946,5.23939917198556,4.56782466955674,5.46086514086785,5.7024333017983,4.98353741502769,4.52213727257885,6.0887615277295,7.86021290781808,10.5004977417899,8.0435682157928,9.14107185031293,7.66086808069237,9.13057976496534,9.25948326962109,9.37329804647652,8.48110532103738,8.97020938529271,9.97713616839302,10.4916069911709,9.85107768163105,15.804314367,10.4154307966628,11.2818704073559
4.95587707265436,4.06107289003932,4.26769902904785,4.43301716967129,5.21123549652484,5.89520950233078,4.68494245840294,6.3750255300667,8.13248237481624,11.0007573440348,7.17481704748519,7.99032051086903,8.99331542080537,8.48253947251638,10.8088398496252,9.10272516967259,9.75947142283845,10.5931744104508,10.3717986024078,9.45556951670091,9.99478981988212,12.8264179293979,12.9170393068687,12.0549291463877
4.08106852826874,4.67110608029897,4.71994268354385,4.90337268628036,4.06658789661006,3.8552206921715,4.88906595119606,7.2861734793444,8.61482198667398,10.0080218928529,9.45283803262656,7.30279263554617,7.81534206342472,8.77499462048169,7.84460717244045,6.6869792183313,8.22750069094375,7.77831255749279,9.48696926251702,10.6029082340958,9.6833476454898,15.0265363281038,12.68720479778,9.78606831932453
4.82285878757666,5.08897067074272,4.2066682741873,4.34390921655984,4.07348160581411,4.88715572220061,4.22628346170273,6.57927230882127,7.77086302341953,8.4975419044361,8.89545730781481,5.74469103563244,8.3774399993345,9.08598407260286,9.27683096231529,9.08330180144198,9.54354758734242,7.67519843203292,10.8002618355212,10.7737415983151,12.7642266160542,15.0838310057513,10.0971816410711,10.1318828795627
4.68864568120734,4.10680201633996,4.6817010099702,4.48842099257951,4.48325679447889,4.883692011778,5.76563130868053,6.0116576451111,8.05419543323448,9.0721459849267,9.98166866738887,7.21963946171382,10.2492986972798,8.68758715202583,9.24725424709955,10.4613800372423,9.72722587004927,11.6342303619397,9.70348006940036,9.66832238705067,9.48300740258401,13.7322329989752,10.8876452741171,9.74723428587519
4.70750972422943,4.85136040914454,3.97026226575778,3.59100000632815,4.87812363671313,5.3461214381688,4.56500957576708,6.43951985836525,8.27313195901069,11.9372281738335,8.07396506844041,6.74211351353532,7.34514597920555,8.78580590672137,9.83342853236189,9.50782629893778,8.68604285008492,10.7023819997173,9.58973762284711,10.8969105399894,10.3760586451263,14.8891068538019,12.3927770386347,9.95825840543394
4.52807265054499,4.51350367756805,4.27501974897804,3.80189932884778,3.91731838804141,4.48065800244182,4.60756320074113,6.87889195140572,8.1883360501013,9.25885096052138,7.10648593613924,7.90656608707993,7.80831662554158,8.80236069366509,9.60977239271162,8.96417867350336,8.86586519321737,10.3252162294311,10.3754929987231,10.5667300092495,11.8401417087691,14.8744346709226,13.3172039909081,12.1144802809253
4.06859819137206,4.77149332151651,5.12664595614246,4.90437963726624,5.04384243460835,5.20216391806562,5.58173234060017,6.61749231507581,7.93439742532822,10.6339052403148,11.2324695172914,8.00354919374969,8.96999754524016,10.0998452916601,9.71274270543194,8.381615554824,8.16824351793384,9.74561083818054,8.86679137336049,11.7672519397699,10.1871216567177,13.895085183007,13.6106459747847,11.4358788532886
4.60620956433121,4.93986931565616,4.65583393096608,4.03126660004927,3.96346434584431,4.58490330623852,5.17458053554601,6.27466529629572,8.79478560309587,8.40286055730373,8.57964045444506,7.94054603791113,8.16836963862796,7.45226079599729,8.81948239354833,7.98440084263765,7.10669114613549,7.05911388772757,8.4974836660288,10.1119466127007,8.77116178885162,12.6526289040361,9.54138562620646,11.2944434706183
4.06828241394482,5.1959370965447,4.80586087412504,4.94163941903242,5.01497301817133,5.22227771733058,4.57559585644599,5.53461531599112,8.67458641330747,10.0337112738912,11.6021090955395,8.66880226749421,10.7783058051213,9.54746272435935,8.8630550706035,7.15762440841329,9.14889621517032,8.06846309199407,10.0247548337118,9.84907822535535,10.2480358030019,13.4955239408601,11.9776736038617,11.4719377782324
4.50809359089771,4.97157326704902,4.46146053477484,4.62855024587404,4.67843888432513,4.62340695712138,4.66180865234544,5.14597246945337,8.49329140068144,11.8422011815598,7.63780918007035,7.44548480808322,9.02323291156695,9.24588193999579,9.61383343050717,7.93755701031267,8.76452844811238,8.69078638275302,8.13257540604185,9.25653164654724,9.78382046044235,14.7070022635101,9.50846198050598,12.6410717329184
4.45976871131317,4.47576104727659,4.81955260410173,4.50870752305503,4.12572608954566,4.26313850394882,5.0440293338055,6.48072325411257,7.29611979531374,9.583706946777,9.53819730744828,7.84774497744568,8.27758035923641,9.39261577250357,6.70325161908552,8.42888534778298,7.47489687123857,9.08744619561673,9.87586727138082,8.86603335628283,10.2909170607861,12.3907019264804,11.4538279473336,9.99160823599668
4.74021232755171,4.25456653351016,4.24448285541465,4.38065704934708,4.0309892914633,5.10624900224902,4.74444383855872,6.50736690742593,9.68515629609176,11.5035415329876,8.22407298012912,10.3757716883501,10.7029066033368,8.17997801687505,9.42154316274332,7.25917015749433,9.37059796284864,6.61675276566478,9.05597204298365,10.1824703681617,10.5411282088854,14.9853586515118,11.4957026989581,11.5297237747056
5.63842732517713,4.70831547062971,4.50350455879336,4.46090940207488,4.18401052926894,4.0383053473058,4.4841714180454,6.7518622649606,8.58538654629289,8.768346808753,9.02422922033714,9.87618694266442,7.43545333427394,8.43077182779888,10.0550291934525,10.5366518462246,9.37234055000072,9.48146131292109,10.1577325861075,9.02688285887042,8.31685054581849,14.0195882994584,12.9085925618724,13.3555041968463
5.30036454828472,4.36124744367736,4.6354271137052,4.36927688148018,4.84268098171329,5.10748767135025,5.25971351006323,6.94975589293264,6.43280693574196,8.66782050796224,8.53341278982859,9.96078164199009,8.37112796363675,8.09340927780744,8.64683465144312,7.23105807576732,9.97803949336369,8.76960671204682,9.53408042228193,10.4597712212026,11.2569141578403,14.6175233179944,11.9409422732891,10.6393759624335
4.8730581862294,4.0551371977945,4.3295408635992,4.54867198699919,5.77903420640333,5.19393818680457,4.96321397490284,6.85739208056907,8.97758909418657,9.18682567441716,9.29244429656608,8.69896512263526,8.2878407402769,6.63680729681511,7.69163664785086,8.96567054497431,8.460741232053,9.3649929063679,10.5643646534334,9.9634853406644,12.2647398486828,15.1953566034504,13.0412782838137,10.5803794815208
4.43929548498845,5.79971663480627,5.90943346516197,5.17880903188421,5.12497180433716,3.98994190594778,4.72742730223373,5.97939896516873,6.61537829388991,8.88561490728584,9.39182515957361,8.41386737997786,8.74568708750948,8.29840683235395,8.82969584728858,8.50346023194865,8.46669915094563,7.382085702137,9.97414170631694,10.3911727710408,9.56540338947537,13.9222020467092,12.0307201018119,10.0715031808342
5.02971230382357,4.57605683588184,3.96072160694007,4.41172730944468,4.2213100475147,5.12064250435827,4.53965768408967,6.12336133752267,6.1467402387567,10.6242128375535,9.46653291077391,8.32265649763359,8.89924199146211,8.59035647160989,8.79320052789129,7.20920228645618,7.85815707098228,10.3193840314517,10.1616485939095,8.76185121421925,10.3299723020683,14.3764813222689,13.4719017485838,9.85236790678198
4.59461195258372,4.13269324841651,3.99909995423467,4.60484174249737,4.63920715019571,4.85765523648308,4.92253101775901,5.53611397238853,6.43083174333125,9.64409514422673,7.96288597443258,8.82661963150745,10.8014966657995,9.20785441843873,8.86374278280032,8.56179837339107,9.60853381205022,9.30771891330378,7.39501705551963,11.5234815280268,10.3222368087659,13.8921419516537,11.8044860843097,9.74425749070697
5.09872821160255,4.39895803770184,4.35430523850649,4.29278342645487,4.31116849087406,5.80221555945385,4.84251926189296,6.55298688048347,6.55440882278313,7.71470415479985,7.85478642870281,7.53305633652876,9.90056506740531,8.02516498275734,6.54795471573759,6.75939499935753,10.7017723268736,8.67926991911544,7.40428239406525,9.79955433559575,9.1890920956506,16.3363320607279,10.9287131575449,12.0653196341818
4.71847371160533,4.37885576362369,4.37353907698823,5.19878098850465,4.44470376786551,4.44196016679507,4.58392962591097,6.25619509503937,7.89379045163409,8.73721556850041,9.5667643685255,8.8635685840748,6.51358946318117,8.15663031550409,9.34647791481205,7.83151245861613,8.57795907613217,8.52822352901878,7.0637024237967,8.72579732212979,9.74839571969893,15.2101841445484,10.1073735615041,10.5823758389988
4.60914725622569,5.0083616218672,4.52123692342567,4.54858360863278,4.30731378007323,4.66961225540755,4.4809088632998,5.65956416599009,8.41469620974142,10.79160588228,7.13433822809281,7.78801462318144,8.65531607154287,8.04475302006878,7.58200634998612,5.98634221748677,8.45654816412423,10.2790356058292,9.25345870193451,11.0591410036435,9.73903142411949,15.7735686479386,10.8826072538582,13.7637642969353
5.16801236340725,5.23273854334865,4.75182939469482,4.88727500212954,5.87075632171926,5.81069486739692,5.91824811665736,6.42635207479854,7.54740616938438,9.95222149083266,9.18018289422404,7.98549715317941,10.7132806480584,9.11116979487397,10.9141713587063,8.01154566972859,8.74888556073709,9.85855476385098,10.9481021700462,10.3600855220215,11.3873605184006,14.6085814225415,13.4455057332001,11.4246319779179
5.01496755586195,4.73121308817788,4.64864553924612,4.67796808161998,4.73220282739099,5.47443239556969,4.61589415004229,6.7587440200618,7.24556861691099,8.87436645017723,9.1107513009862,8.15227131663404,10.1317571712684,6.62217060233529,10.9405099873805,10.7604823627616,9.26240394654478,8.74635679744818,7.14122023679184,9.19164088527456,12.3278035225965,15.1609656633434,12.052053526999,10.4224341009277
4.34830543327559,4.50203409729121,5.79796740935336,4.26731707549392,4.69874838669527,4.57620896786542,4.85597716194957,5.09227447802083,6.58983060300769,9.49231720004017,9.7957521241447,10.3968413279935,8.46013945257315,9.37405505267191,8.85494022632366,9.05938459660146,7.93514620720061,8.28691209786309,9.02858149100247,9.63177138618439,8.59411172994004,13.2682387667514,11.9665199710278,12.0510444332777
4.63188194112479,4.27471503408507,4.31817857730578,4.7995342771531,5.94953382254889,4.6167811447154,4.09413268458464,6.23295576753617,5.98985004552952,11.8486503698917,7.81832561618976,10.0261046895848,10.7165804777192,9.1131926482638,8.11763727043396,8.39698291548401,9.95793458244073,9.45653098462078,11.7493581669871,9.55753553025944,11.0584912620083,14.3209093842779,12.3103910112001,11.5718065506777
4.76214252689695,5.03993067667268,4.45851295540553,4.53365511441824,4.81784656866094,4.30596351935746,4.65634544857343,6.21240187729737,8.22611635433703,9.27422428070738,7.33789195918183,7.73397091328781,9.09302758370707,7.89895679877379,8.40507038968254,8.52336093472515,8.3866821278324,9.56512874405056,9.75180794868386,9.60984161832163,8.81435702872399,13.360311335435,12.214299364094,9.137940997722
4.27768310008338,4.16677831170791,4.38950929402357,5.07819377014645,5.19333510673367,4.80433056000046,4.58734291193543,5.4695556219102,9.17993365795666,8.89650190279997,8.97484360425509,8.27953016740453,8.22891786176371,7.92698189056488,7.98278205382653,9.62630704388165,10.6888718361978,8.93229738215901,10.3371141036018,11.5654222163381,9.41609897185451,14.0218177711559,12.5512933124193,12.057844064663
5.00784297886756,4.42216524473103,4.257718872558,4.90689962673156,4.85707584944716,5.22975633305489,4.71629670198513,6.69025022356817,7.45001780238617,10.2458520902949,9.65024211487578,9.22373457305705,6.71696297772174,8.18493589038794,11.1517343332341,8.83555544728093,8.61725398667833,9.49933816833181,7.88762336013121,11.7294746108939,10.2206355937807,13.8699727124704,12.1515206280175,11.2261845012781
4.46352273317258,4.6116177101801,4.8482717835075,5.07926906859909,5.08016409101674,4.67619531696905,4.42997946757168,6.20157268111009,9.73777818751501,7.55504734978952,6.09796261320362,8.54892214087125,8.0939792857567,9.15849123054884,7.72361341587827,11.0824337120343,9.48034527244397,9.02842751366229,9.01692688927089,10.446251858166,11.1039706843394,15.2613632889546,12.285037882967,10.7716329433773
4.23197496897931,4.53576013378637,4.41730154437089,4.77861584418059,4.67428960387705,4.50042260298265,3.91263222412925,7.38967906638566,8.84374247628416,10.59570342288,9.77553548638217,8.33637255977864,9.48462820361642,10.5895334246732,11.1690578151216,8.60982734347446,10.2643757690081,10.922178359295,10.4572489979816,9.34913022825574,11.0149153558159,14.5685059772138,10.0226909658011,11.4619666359827
4.53780873590399,4.57511741315894,5.03753550929095,4.69314028127323,4.98547885009508,4.6236225645869,5.22241289638889,5.91363329717896,6.42974698527279,11.2648385619952,8.94670911437274,8.97235332842326,7.78683167925131,8.86402421094619,9.21848447164545,8.15368254290263,11.7094764473696,8.0882826513678,11.6641470761239,11.9757376093622,8.65989647370832,14.7899024971942,8.30327779314866,10.0878497086153
5.27329232556564,4.54054785331307,4.46177901945312,4.38833145682632,3.67188399695609,4.03857945069274,4.57615375290411,6.61823891511848,8.94130512881298,9.17099536811405,9.91998930881082,9.32303777782329,9.30310384294995,7.10680806475907,7.93721560142618,11.0212965253514,10.0279805154727,11.0002935252492,9.28160169811225,8.41930206826888,8.98405134925249,15.8446456317481,12.4528829392177,10.2751649875552
5.10029671832783,4.83863573867325,6.54926928119458,5.41689977081707,4.49302724694003,4.8808937185794,4.07660925168619,5.34354912763879,6.74419354347645,11.3277669768821,9.880432811689,8.08245486547691,7.14134189026472,6.24255295963933,8.07759662786638,10.3367591825016,8.32364476550383,8.92202461590151,10.8999635828429,11.2277115821188,11.0945020928971,15.526919546019,12.0659342473709,12.767242255915
4.24919294696503,4.28813186659648,4.44176251512078,4.58009327583037,4.13175564895392,5.01443006345086,4.29329941221958,7.6108045016482,8.02036956109036,9.9496224070242,8.01072246383676,6.30462233246668,7.67406987395607,12.1354282001427,8.39431625008868,8.46530334691562,9.76724041826247,9.19609110630776,9.50435013508679,12.7835931909847,8.92775062744543,14.6209115261685,11.723624498762,12.1387990103198
4.83355852825567,5.03724134732603,5.18222709539366,4.61490410093844,4.5520768605025,4.9313422311815,4.76915017319635,5.02110190719571,9.13850319754832,9.51633880032789,9.0698461153514,7.82742209266974,8.36524017720174,8.30538595205164,9.66827249707939,11.6130807695757,9.95293155629152,10.5095790266752,9.16000523944249,8.92548797252586,11.7864719154728,15.8798547393415,12.7918780741288,10.7301301507374
5.20643230429999,5.10837396138074,5.1833694586728,4.74103447975903,4.67909727939483,4.50197851268012,5.22832348476043,6.42572001405661,7.1558981145784,9.2910220814316,8.98328707007751,8.58080346889772,9.05306727785944,7.65903080578323,9.97848561572776,8.5033915565902,10.0608551567641,9.56267361193495,10.3578210717562,9.56774071501959,10.9902125839168,14.6575297865727,11.1187702050994,10.919772684315
4.78325181839768,4.32136454520714,4.46371121398741,5.01075317604401,4.72640190241559,4.91172937981497,4.48578362286289,6.22902133813691,6.82230338478228,8.83254997918232,10.1276836377278,9.85745993001226,11.3342531976632,9.49800083416313,8.35178864288411,8.44714818389265,7.45988549881514,7.46414584545031,9.66742607887924,10.0442540128563,9.33964345552993,14.6871745685436,9.88662073469043,13.3059307266838
4.55963237001508,5.64853709840674,4.9985790423552,5.05924093708218,4.05825439295156,4.65713608099815,5.30457245376819,6.23901824792333,7.63997476776723,8.18449991772955,9.21765514020363,7.98629886659934,9.71438480666127,11.5710565574125,10.1906727769556,7.21561649279436,11.172983344558,10.0126405399339,10.7630192189915,8.83082743332947,11.1713560207134,14.1847124995099,11.9990594679107,12.3681056426008
4.37561636180815,5.04637815578373,4.50617466307978,4.2690105874457,4.23442107647745,3.94921469653319,4.57627010951342,5.88469087818003,6.72006284666033,11.1918495066461,9.54213919377777,10.4834602342778,9.14007793298859,8.81006669286679,7.89067102122541,8.34354070264111,8.83737553370642,8.75889755770414,8.76661655591566,8.73461999781971,8.34628434785661,15.772063680516,11.650528986804,11.9268892410182
4.05263152588791,4.34180814775213,5.14952266089113,4.12297687268213,4.65115216319036,4.32248434240481,4.05354952546342,5.79304892127597,7.44977121334269,10.6804314083813,11.9151100655843,8.16326301478671,7.48708152884531,9.89232834364939,9.69395991655045,8.77464686022303,10.6063483054274,10.0208981867212,12.1642005917164,9.82542705525431,9.96009563607337,12.9455413190605,13.7075272030222,10.4327580224801
5.43517518615603,5.67615512132636,4.9746889912556,5.48403169482826,4.8507795471312,5.40542082672649,4.83063639626967,6.4413836903059,7.77426068157322,9.62230370962091,9.68089048882406,10.6404243182418,8.35746655266927,8.82367635001283,6.58734633879593,6.38721961379386,8.78418650380035,9.70432658167643,10.1976551591944,11.8476848126524,10.4958800130344,13.5912397234887,11.895638865806,10.6713596594632
4.6488118973252,4.87574212085876,4.29417198896168,4.84367338340913,5.20812693523051,4.15073781908231,3.81984637529925,5.65475880528233,7.62199377345619,8.08491922461636,9.37877152476761,7.15771092658056,8.39373909167855,8.45655042652904,8.67748374485364,8.25033872092492,8.43081349667194,8.32425788168315,7.81660009693567,11.5908674827868,10.4758278508991,14.8376697964461,10.7206991908085,9.80409710861658
4.17294728585397,4.6411029600483,4.82299161550074,3.50158133889136,4.0350418913662,3.77462784474483,4.48871191946629,6.76025009345245,8.45448084866537,8.92147929475116,9.10405903819742,8.4952749649481,8.71584444771636,10.3803135194987,10.3682445454669,8.70485431838138,8.57816468339973,9.35369660393351,10.0829449108052,10.7001748459614,12.0206381067286,14.7289715508366,11.3214016204971,9.86867305645646
4.34517224371614,4.51821055595558,4.76580742738429,4.81213557438974,5.34298473151728,4.94577974547235,5.21927527489752,7.61936841862671,8.59485386003432,9.12977513238115,7.49937386775948,8.32679312787326,9.40317441089963,8.87809739171818,8.44012451637734,8.39715894269936,9.10791980382192,8.45602224524877,10.2841677935265,10.0949729564491,8.9221425263144,14.5786102497921,13.7616001640231,12.2891308236743
4.73546680223672,5.01099377990176,5.09812299710758,5.10578428717549,4.65740794755441,4.39944086169561,3.95003052686542,5.93010008973789,6.19053499235694,11.026426441181,8.27041441953641,8.80472698158122,9.59922633756786,9.94825595124165,7.78965197050764,9.71521488887838,10.4137170446934,10.4968103891172,9.23799292105015,9.93013043293061,7.71717522452616,13.4115026126067,10.5304037365665,10.6507242824134
4.15845127844008,4.13921668788423,4.05643048818662,4.10440369734791,4.56897852364526,4.76804828762643,4.38882786536512,7.13732457626845,8.29519856474405,11.0191751355595,8.70934493778733,8.77610080543709,9.34769515688244,8.35155164779539,9.48741798914019,9.02428287519182,9.94786472249029,8.82413403554508,9.52925136849388,10.3046400395778,9.04038877132538,14.2802538716783,11.1276444909987,13.8104301276724
4.42630511554012,4.29923449915405,4.25700707776674,4.69862536483485,4.48054923022153,5.15969298444402,4.40176605980967,6.81783930522895,8.20281504677626,12.1079828207263,10.3568648515542,9.75547827273465,8.0552757528196,9.73175296253892,7.53134267034446,8.01613349941085,11.0521364388362,8.00280917678229,9.29135094903807,11.241262901655,10.9486475544438,14.5992076764398,12.9642855050373,10.975351413414
4.597049836171,4.26902478932663,5.02734489676008,4.72227880711557,5.07740032300249,4.47106780275134,4.62646664277897,6.11436259961924,6.18884998201912,9.03991292778556,9.4630474089493,7.51228338471016,7.45385494609943,7.1016305298577,8.80052625097959,8.73013367416389,7.72384992608588,10.0067412282183,10.213757716616,10.7424524802607,9.27505193791183,14.1363153692673,10.0135041442692,10.7509607448063
4.86866286110128,4.37353760605415,4.21977610017839,4.48727642207391,3.82805248921141,3.8030270179419,3.900436690524,7.09243042790122,8.13838870283579,10.5549355321385,9.9399316817448,9.0544560101874,9.25692158685913,10.6571060458907,8.28253104733635,7.59953252967774,8.75140499175277,8.37330840462704,8.84316760422665,10.7248602958411,8.22977028044066,13.8598902485323,11.6557595523379,9.71409368366905
5.22770644526841,4.44671738251957,4.23956352204,4.40596129707216,4.33417405296986,4.85232407828509,5.31853150074468,6.12842340171497,8.04847233487624,12.981675200462,8.40944737779673,8.09812412036101,7.7748444972452,9.34885674102459,7.65301804731701,9.49686047167999,10.08955264391,10.1249891668153,10.5638671677888,10.4656553239372,12.4182573784847,15.2547226028862,12.2872809034218,11.7785205626513
5.59068256708402,4.5288214163526,4.53506707763001,4.52510734293489,4.54904733763459,4.06052180281033,4.2478825613449,5.9926458835677,9.62783470329257,9.96955081162636,9.10238589765372,8.88880225286383,9.24584952753009,10.1855325837163,10.49541559212,11.1577990300259,14.2305153882816,10.4942019489538,9.91366643699427,10.1804505027501,9.98981488516817,14.0176069306825,13.924903996291,9.16662159826559
5.1670505798614,5.05869518418054,4.69254730728608,4.45360174733442,4.8514207960218,5.34819934626731,4.86058269428988,6.58748432813583,8.98505183282364,11.2951320640667,9.09378274017925,7.74393201706941,8.5143224137039,10.615734153698,11.3099706251892,9.33472603850152,9.95129151042688,11.8758906525584,9.10049326148026,10.4031863378525,10.5803987914187,14.8594844826907,11.7815148065302,9.75481652272569
4.2565933046334,5.06067933624996,5.30602798162024,4.80539151601068,4.46069880419116,4.19187631527295,4.54116796928281,6.52255437195897,10.021553450655,10.5500363753188,9.31506853730405,8.98074001832442,10.8534580198557,9.8637130131648,9.45686001464163,8.55053933091052,9.46598929985309,11.021763881071,9.84451323348355,8.43210672516418,8.89688975301949,14.5544768309528,10.5139651149098,9.30093460966717
