train/ent_coef,train/learning_rate,train/critic_loss,rollout/ep_len_mean,time/time_elapsed,rollout/ep_rew_mean,train/actor_loss,time/total_timesteps,train/n_updates,train/ent_coef_loss,time/fps,time/episodes
0.43497657775878906,0.0003,0.7174881100654602,288.0,20,33.0479117,-9.989141464233398,2880,2779,-2.4964637756347656,138,10
0.18778569996356964,0.0003,0.4621313810348511,288.0,41,56.299851750000016,-13.704251289367676,5760,5659,-4.271763324737549,137,20
0.08299961686134338,0.0003,0.8222770690917969,288.0,63,68.59523173333334,-17.48168182373047,8640,8539,-5.0924177169799805,136,30
0.03785179182887077,0.0003,0.28037095069885254,288.0,84,73.353303575,-19.37225341796875,11520,11419,-4.830124855041504,136,40
0.018086906522512436,0.0003,1.1069624423980713,288.0,105,78.97871512,-19.116308212280273,14400,14299,-4.4820780754089355,136,50
0.01061958447098732,0.0003,0.3589329123497009,288.0,126,81.78195056666667,-19.783056259155273,17280,17179,-0.7491787075996399,136,60
0.009126972407102585,0.0003,0.6317174434661865,288.0,147,81.3190329285714,-21.02703094482422,20160,20059,0.731897234916687,136,70
0.007761906832456589,0.0003,0.2830411195755005,288.0,168,81.29686655,-21.030872344970703,23040,22939,-1.3077178001403809,136,80
0.007516615558415651,0.0003,0.7769005298614502,288.0,189,83.33854687777777,-22.9343204498291,25920,25819,0.32550859451293945,136,90
0.006927728187292814,0.0003,0.7204931974411011,288.0,210,84.72548353999998,-23.332836151123047,28800,28699,0.06865274906158447,136,100
0.006484261713922024,0.0003,0.17002634704113007,288.0,232,89.71215054,-22.94532585144043,31680,31579,0.6063694953918457,136,110
0.0064743258990347385,0.0003,0.1450059711933136,288.0,253,92.69612696000002,-23.611459732055664,34560,34459,0.3772464990615845,136,120
0.006388650741428137,0.0003,0.17925937473773956,288.0,274,90.90602519,-24.91680145263672,37440,37339,-1.1521742343902588,136,130
0.006981051526963711,0.0003,2.517683506011963,288.0,296,91.98134704999998,-22.77252960205078,40320,40219,0.9501786231994629,136,140
0.007315820548683405,0.0003,0.5856151580810547,288.0,317,93.34490176000001,-23.825664520263672,43200,43099,-0.1940757930278778,136,150
0.006272825412452221,0.0003,0.18407078087329865,288.0,338,95.404503,-24.952133178710938,46080,45979,-1.7480976581573486,136,160
0.006463403347879648,0.0003,1.2392265796661377,288.0,360,99.05737509000001,-22.854976654052734,48960,48859,-1.0833768844604492,135,170
0.00722070038318634,0.0003,1.1433686017990112,288.0,380,102.02642154000002,-23.454723358154297,51840,51739,2.0982460975646973,136,180
0.0076734391041100025,0.0003,0.16764035820960999,288.0,401,103.59145854000002,-24.53183364868164,54720,54619,0.9994013905525208,136,190
0.007244618143886328,0.0003,1.9336652755737305,288.0,423,104.59897758999999,-24.019207000732422,57600,57499,0.38054031133651733,136,200
0.007111907005310059,0.0003,0.47306448221206665,288.0,444,106.55884594999998,-24.673980712890625,60480,60379,0.3015233278274536,136,210
0.007553724572062492,0.0003,0.12782998383045197,288.0,465,106.80678273000001,-24.129417419433594,63360,63259,-0.8724440336227417,136,220
0.00709515018388629,0.0003,0.4422767162322998,288.0,486,109.15406446000001,-24.126863479614258,66240,66139,0.5435701608657837,136,230
0.007086139637976885,0.0003,0.39578813314437866,288.0,508,110.74930748999999,-25.587692260742188,69120,69019,0.8134518265724182,136,240
0.007067856378853321,0.0003,2.248403549194336,288.0,529,110.46717222,-24.1717586517334,72000,71899,0.745230495929718,135,250
0.006892317906022072,0.0003,0.20389175415039062,288.0,550,109.38449506,-25.935291290283203,74880,74779,0.3771718740463257,135,260
0.006851080805063248,0.0003,0.30006861686706543,288.0,572,108.47578008999999,-23.83447265625,77760,77659,1.0826643705368042,135,270
0.007289474364370108,0.0003,0.14720416069030762,288.0,593,106.7999684,-24.809715270996094,80640,80539,0.4118838310241699,135,280
0.006886483170092106,0.0003,1.213991641998291,288.0,615,106.1971326,-26.426067352294922,83520,83419,2.3310251235961914,135,290
0.006334498059004545,0.0003,0.11575907468795776,288.0,636,107.50619943999999,-25.17491340637207,86400,86299,-0.1893538236618042,135,300
0.006827512290328741,0.0003,0.9400489330291748,288.0,657,107.61243103999999,-26.564350128173828,89280,89179,0.9689488410949707,135,310
0.006820997688919306,0.0003,1.2269325256347656,288.0,678,107.81372499999999,-25.725486755371094,92160,92059,-0.36580154299736023,135,320
0.006618713494390249,0.0003,0.1521373689174652,288.0,700,109.41997571999998,-24.43134117126465,95040,94939,0.49996355175971985,135,330
0.0069078439846634865,0.0003,1.47274649143219,288.0,721,108.79769037000001,-25.510751724243164,97920,97819,-0.1660681515932083,135,340
0.0073089622892439365,0.0003,0.8482869863510132,288.0,742,108.60365013,-27.283267974853516,100800,100699,0.23281434178352356,135,350
0.006752781569957733,0.0003,0.35267287492752075,288.0,763,108.06892493,-25.050582885742188,103680,103579,1.1784954071044922,135,360
0.006455511786043644,0.0003,0.10689608007669449,288.0,784,108.24223908,-28.27117347717285,106560,106459,0.09867122769355774,135,370
0.00708445068448782,0.0003,0.2395697981119156,288.0,806,110.31807891,-27.075220108032227,109440,109339,-0.7389228343963623,135,380
0.006606117356568575,0.0003,0.22455081343650818,288.0,827,111.81711672,-25.674972534179688,112320,112219,-1.0714555978775024,135,390
0.00649303337559104,0.0003,0.8287457823753357,288.0,848,112.04804092,-26.4227294921875,115200,115099,-0.07220292091369629,135,400
0.006631400901824236,0.0003,0.23444435000419617,288.0,870,111.70627076,-27.776514053344727,118080,117979,-0.45780280232429504,135,410
0.006643829867243767,0.0003,1.615347146987915,288.0,891,112.72951852999999,-26.506439208984375,120960,120859,0.22783373296260834,135,420
0.006682362873107195,0.0003,0.2823689579963684,288.0,912,113.22267370000002,-27.567941665649414,123840,123739,0.08275938034057617,135,430
0.006203932221978903,0.0003,0.24779586493968964,288.0,934,113.94286050999999,-27.29442024230957,126720,126619,-0.5564916133880615,135,440
0.0064005423337221146,0.0003,0.1544436812400818,288.0,955,114.74925504000001,-28.54051399230957,129600,129499,0.7260371446609497,135,450
0.005982244852930307,0.0003,0.6051101684570312,288.0,976,116.41344626,-27.49510955810547,132480,132379,-0.6615775227546692,135,460
0.006078256759792566,0.0003,0.32930776476860046,288.0,997,117.39760883000001,-26.78241729736328,135360,135259,1.339341402053833,135,470
0.005764664616435766,0.0003,0.08654206991195679,288.0,1018,117.84012256000001,-27.78595733642578,138240,138139,-0.30062419176101685,135,480
0.0064080581068992615,0.0003,1.0698680877685547,288.0,1040,115.57002592999999,-27.251127243041992,141120,141019,-0.2174190878868103,135,490
0.006232209503650665,0.0003,1.2181028127670288,288.0,1061,112.26318801,-28.128952026367188,144000,143899,-1.3476241827011108,135,500
0.0054974909871816635,0.0003,1.4221744537353516,288.0,1083,113.78261071999998,-27.369264602661133,146880,146779,1.4748058319091797,135,510
0.005518549587577581,0.0003,0.25858134031295776,288.0,1104,111.74511751999998,-28.047405242919922,149760,149659,-1.4220647811889648,135,520
0.005257369019091129,0.0003,0.17053645849227905,288.0,1126,111.40891294000001,-28.50798988342285,152640,152539,-0.022494196891784668,135,530
0.005273799877613783,0.0003,1.1683558225631714,288.0,1147,112.51134044,-28.567424774169922,155520,155419,1.2130844593048096,135,540
0.005688025616109371,0.0003,3.827800989151001,288.0,1169,112.46589723000002,-28.762744903564453,158400,158299,0.18194979429244995,135,550
0.005631983280181885,0.0003,0.13925178349018097,288.0,1190,112.69397378000002,-26.571075439453125,161280,161179,0.2500777840614319,135,560
0.005727899260818958,0.0003,1.197058916091919,288.0,1211,112.17265890999997,-27.573734283447266,164160,164059,-1.454557180404663,135,570
0.005738531239330769,0.0003,0.1234784722328186,288.0,1232,113.25221793,-28.47528076171875,167040,166939,-0.8846215605735779,135,580
0.005515295080840588,0.0003,1.0607881546020508,288.0,1253,115.59619365,-28.141620635986328,169920,169819,-0.2588498294353485,135,590
0.005311301443725824,0.0003,0.9074559807777405,288.0,1275,117.72828951,-29.934621810913086,172800,172699,-1.8968517780303955,135,600
0.005746710579842329,0.0003,0.45356106758117676,288.0,1296,117.86274155,-27.832792282104492,175680,175579,0.0756981372833252,135,610
0.005395714193582535,0.0003,0.5250563621520996,288.0,1317,119.76880478000001,-28.665193557739258,178560,178459,-0.39347928762435913,135,620
0.005451577715575695,0.0003,0.3963281512260437,288.0,1338,120.89369064000002,-27.530128479003906,181440,181339,-0.36251717805862427,135,630
0.005416256375610828,0.0003,0.15195514261722565,288.0,1360,119.19364980999998,-29.19869613647461,184320,184219,-0.6916008591651917,135,640
0.0052132452838122845,0.0003,0.11623524129390717,288.0,1381,120.29678617000002,-28.852815628051758,187200,187099,-1.1490756273269653,135,650
0.005418810993432999,0.0003,0.7346524000167847,288.0,1402,120.22652858,-30.119897842407227,190080,189979,-1.3709994554519653,135,660
0.005863170139491558,0.0003,1.6310474872589111,288.0,1424,120.94563925999996,-28.696842193603516,192960,192859,-0.056625694036483765,135,670
0.005994406063109636,0.0003,2.1590378284454346,288.0,1445,120.62755565999998,-29.801584243774414,195840,195739,0.141523540019989,135,680
0.005577506497502327,0.0003,0.3507866859436035,288.0,1466,120.02901410999999,-29.466941833496094,198720,198619,0.5757822394371033,135,690
0.005730994511395693,0.0003,1.2011795043945312,288.0,1487,121.15891458,-28.298362731933594,201600,201499,0.6248762011528015,135,700
0.005447389092296362,0.0003,0.6071462631225586,288.0,1508,121.89999018,-28.788883209228516,204480,204379,2.4429192543029785,135,710
0.005757588427513838,0.0003,2.128885269165039,288.0,1529,120.86511096999999,-29.254619598388672,207360,207259,-1.1886025667190552,135,720
0.005597518291324377,0.0003,0.13277997076511383,288.0,1551,119.85022549999998,-28.431291580200195,210240,210139,-0.054586261510849,135,730
0.005866632796823978,0.0003,0.13980591297149658,288.0,1572,119.54885728999997,-30.047941207885742,213120,213019,-0.0619339793920517,135,740
0.005739406682550907,0.0003,0.15380063652992249,288.0,1594,118.66569899,-29.579261779785156,216000,215899,1.4231314659118652,135,750
0.005726460367441177,0.0003,0.08724585175514221,288.0,1615,118.05496657000002,-30.18592071533203,218880,218779,-2.1148226261138916,135,760
0.005858441814780235,0.0003,0.1291060894727707,288.0,1636,117.50270133,-30.599519729614258,221760,221659,0.1675974726676941,135,770
0.005971474573016167,0.0003,1.1638107299804688,288.0,1658,116.66351576999999,-29.187206268310547,224640,224539,1.0712517499923706,135,780
0.0066359685733914375,0.0003,2.0873336791992188,288.0,1679,117.07849861999999,-30.33814811706543,227520,227419,-0.16866245865821838,135,790
0.005519401747733355,0.0003,0.08044604957103729,288.0,1701,116.28324898,-30.26604461669922,230400,230299,1.2875648736953735,135,800
0.005518173333257437,0.0003,0.3002813160419464,288.0,1722,116.51113106000001,-29.96468734741211,233280,233179,0.7192157506942749,135,810
0.005317089147865772,0.0003,0.38379353284835815,288.0,1743,117.66911123,-29.67928695678711,236160,236059,0.6162998676300049,135,820
0.005170024931430817,0.0003,1.114424467086792,288.0,1765,118.39086772,-29.623451232910156,239040,238939,0.5700812339782715,135,830
0.005142891779541969,0.0003,0.08055895566940308,288.0,1786,118.26213926,-29.805347442626953,241920,241819,-0.0605037659406662,135,840
0.00539717823266983,0.0003,0.8727205991744995,288.0,1807,118.05662010999998,-30.194456100463867,244800,244699,-1.0689692497253418,135,850
0.006102762185037136,0.0003,3.080110549926758,288.0,1829,119.61529479999999,-29.022979736328125,247680,247579,0.761415958404541,135,860
0.005753650330007076,0.0003,0.07577353715896606,288.0,1850,120.3153273,-29.396196365356445,250560,250459,-0.2442951500415802,135,870
0.00547515694051981,0.0003,0.43823301792144775,288.0,1871,120.36720086999998,-29.417966842651367,253440,253339,-0.5891899466514587,135,880
0.005321187898516655,0.0003,0.07253558933734894,288.0,1892,120.26777452999998,-29.422021865844727,256320,256219,-0.24801281094551086,135,890
0.005595493130385876,0.0003,2.4272990226745605,288.0,1914,121.39110572999998,-28.15030288696289,259200,259099,-0.986925482749939,135,900
0.005036075599491596,0.0003,0.9865673780441284,288.0,1935,121.17514195999998,-29.92862319946289,262080,261979,-0.45928245782852173,135,910
0.005476956255733967,0.0003,0.09515570104122162,288.0,1956,121.09183902000001,-28.833370208740234,264960,264859,0.6946312189102173,135,920
0.005141114816069603,0.0003,0.9976168870925903,288.0,1977,120.42839371000002,-29.05898666381836,267840,267739,-0.8487876653671265,135,930
0.005715635139495134,0.0003,1.5974595546722412,288.0,1998,121.98931526,-30.395118713378906,270720,270619,-2.0301918983459473,135,940
0.005655460525304079,0.0003,0.15865175426006317,288.0,2020,122.54234786,-28.846059799194336,273600,273499,0.08778634667396545,135,950
0.005197449587285519,0.0003,0.9566740393638611,288.0,2041,122.11020638999999,-28.69745635986328,276480,276379,-0.6696852445602417,135,960
0.005131712183356285,0.0003,0.57017982006073,288.0,2063,121.63490876,-29.94072914123535,279360,279259,-0.35138368606567383,135,970
0.005477227736264467,0.0003,0.15570935606956482,288.0,2084,121.84679946,-30.142879486083984,282240,282139,-0.7831600904464722,135,980
0.00540466234087944,0.0003,0.14286400377750397,288.0,2105,121.32259954999999,-30.507266998291016,285120,285019,-1.2464863061904907,135,990
0.005181938409805298,0.0003,2.9390640258789062,288.0,2127,121.54542833,-30.32688331604004,288000,287899,-0.25722235441207886,135,1000
0.005043487064540386,0.0003,0.11969055235385895,288.0,2148,121.73489526000002,-30.53495979309082,290880,290779,1.008496642112732,135,1010
0.005537015851587057,0.0003,2.69626784324646,288.0,2170,122.39007464000001,-30.97845458984375,293760,293659,1.6486902236938477,135,1020
0.005068362224847078,0.0003,1.0681523084640503,288.0,2191,123.03192237999998,-28.536178588867188,296640,296539,1.7179818153381348,135,1030
0.005176309961825609,0.0003,0.11700433492660522,288.0,2212,123.63019155,-29.51266860961914,299520,299419,-0.34177786111831665,135,1040
0.005269569344818592,0.0003,0.06641550362110138,288.0,2233,122.94537176000001,-31.58905029296875,302400,302299,-1.0711467266082764,135,1050
0.005202641710639,0.0003,0.1518503874540329,288.0,2254,122.41292169000002,-30.5518798828125,305280,305179,0.1853388547897339,135,1060
0.005038777831941843,0.0003,1.8048899173736572,288.0,2276,122.94729191000002,-30.597000122070312,308160,308059,0.3447140157222748,135,1070
0.00564313679933548,0.0003,0.2527236342430115,288.0,2297,123.09314205999999,-29.877830505371094,311040,310939,-0.1551501750946045,135,1080
0.0049958317540585995,0.0003,0.111800916492939,288.0,2318,123.42719688,-29.75729751586914,313920,313819,-0.10724073648452759,135,1090
0.004987260792404413,0.0003,1.503267526626587,288.0,2340,122.55778429,-31.490833282470703,316800,316699,-1.5243098735809326,135,1100
0.0051231104880571365,0.0003,0.6925337314605713,288.0,2361,122.49782844999999,-30.80455207824707,319680,319579,0.08166065812110901,135,1110
0.005075477063655853,0.0003,1.850860595703125,288.0,2382,120.78290686999999,-30.314502716064453,322560,322459,-0.4554957151412964,135,1120
0.004717324394732714,0.0003,1.0592198371887207,288.0,2403,121.22387389000001,-29.497175216674805,325440,325339,-0.9891994595527649,135,1130
0.005300907418131828,0.0003,0.9957549571990967,288.0,2424,121.30867608999998,-30.873844146728516,328320,328219,-1.4727452993392944,135,1140
0.005380160175263882,0.0003,0.11294181644916534,288.0,2446,121.89432452999999,-30.056678771972656,331200,331099,-0.6738979816436768,135,1150
0.004671051166951656,0.0003,1.267298698425293,288.0,2467,120.98429709,-29.655420303344727,334080,333979,-0.13102421164512634,135,1160
0.0051699066534638405,0.0003,0.18626010417938232,288.0,2488,121.14650016999998,-28.489871978759766,336960,336859,0.4827209413051605,135,1170
0.004980962723493576,0.0003,0.07473580539226532,288.0,2509,121.24645354,-30.127912521362305,339840,339739,0.06058947741985321,135,1180
0.00542873702943325,0.0003,0.10852173715829849,288.0,2530,121.85547650999999,-28.652992248535156,342720,342619,0.8330913782119751,135,1190
0.004938530270010233,0.0003,0.12422333657741547,288.0,2552,121.90927344999999,-29.62063217163086,345600,345499,0.6682941913604736,135,1200
0.004781931638717651,0.0003,0.08316177874803543,288.0,2573,121.66192282999998,-28.815799713134766,348480,348379,-1.5010707378387451,135,1210
0.004892697092145681,0.0003,0.11140689253807068,288.0,2594,120.89555996000001,-29.141958236694336,351360,351259,-0.37729954719543457,135,1220
0.004995095543563366,0.0003,0.19346900284290314,288.0,2615,120.34066661999998,-30.285789489746094,354240,354139,-0.5258280038833618,135,1230
0.0047905403189361095,0.0003,1.201979637145996,288.0,2636,120.41058560000002,-27.933979034423828,357120,357019,1.6624287366867065,135,1240
0.004999690223485231,0.0003,1.384817361831665,288.0,2657,120.29332069999998,-29.409446716308594,360000,359899,1.1131244897842407,135,1250
0.004689881112426519,0.0003,0.5081040859222412,288.0,2678,122.10225756,-29.97970199584961,362880,362779,0.40671926736831665,135,1260
0.004775011446326971,0.0003,1.1951344013214111,288.0,2699,121.36587804000001,-29.844770431518555,365760,365659,-0.20198515057563782,135,1270
0.0048179361037909985,0.0003,0.07576777040958405,288.0,2720,122.17464595000001,-30.516145706176758,368640,368539,-0.8427597880363464,135,1280
0.004758566617965698,0.0003,0.6218110918998718,288.0,2741,122.52371706999999,-31.159255981445312,371520,371419,-0.4703556299209595,135,1290
0.004542641807347536,0.0003,1.011318564414978,288.0,2762,121.91009571999999,-29.703815460205078,374400,374299,-0.27605563402175903,135,1300
0.004504447802901268,0.0003,2.2506978511810303,288.0,2783,121.18847912,-31.194915771484375,377280,377179,-0.7972296476364136,135,1310
0.004458833951503038,0.0003,0.5604308843612671,288.0,2804,122.37214767000002,-29.736854553222656,380160,380059,-0.7843618392944336,135,1320
0.004417227115482092,0.0003,1.0989468097686768,288.0,2825,122.74633766000001,-30.035566329956055,383040,382939,1.3700186014175415,135,1330
0.004809975158423185,0.0003,0.06683096289634705,288.0,2846,122.45822501999999,-31.780797958374023,385920,385819,-0.041341960430145264,135,1340
0.004758249036967754,0.0003,0.48935699462890625,288.0,2867,122.69134786999999,-30.645462036132812,388800,388699,-0.7500311136245728,135,1350
0.0049302359111607075,0.0003,0.12629304826259613,288.0,2889,122.50265712000001,-30.30028533935547,391680,391579,0.1270090639591217,135,1360
0.004541084170341492,0.0003,1.2168948650360107,288.0,2910,123.88417271999998,-29.522815704345703,394560,394459,-1.2690576314926147,135,1370
0.004772821441292763,0.0003,0.13693569600582123,288.0,2932,123.41929062000001,-30.846437454223633,397440,397339,-0.615271806716919,135,1380
0.004658990073949099,0.0003,0.08329704403877258,288.0,2953,121.98755336,-32.373863220214844,400320,400219,1.8495659828186035,135,1390
0.0050184703432023525,0.0003,0.09126563370227814,288.0,2974,123.42837773000001,-31.26605224609375,403200,403099,-0.4653986096382141,135,1400
0.0045248279348015785,0.0003,0.06579673290252686,288.0,2995,124.04365713000001,-30.35641098022461,406080,405979,-0.27200183272361755,135,1410
0.004343730863183737,0.0003,1.911341667175293,288.0,3017,124.91778899,-31.511730194091797,408960,408859,0.1698220670223236,135,1420
0.005154777783900499,0.0003,0.7909066677093506,288.0,3038,124.44281550000001,-32.19345474243164,411840,411739,-0.2665364146232605,135,1430
0.004813577514141798,0.0003,1.5816307067871094,288.0,3059,124.00965779000002,-30.837772369384766,414720,414619,2.2386178970336914,135,1440
0.004779184702783823,0.0003,1.0387309789657593,288.0,3080,123.96094315,-29.155193328857422,417600,417499,0.6278665661811829,135,1450
0.004535473417490721,0.0003,0.7826534509658813,288.0,3102,124.31623032000002,-31.26017951965332,420480,420379,-0.3935184180736542,135,1460
0.00432016234844923,0.0003,0.060707394033670425,288.0,3122,124.20713545000001,-32.1885986328125,423360,423259,0.10636577010154724,135,1470
0.004929897375404835,0.0003,0.22617051005363464,288.0,3144,123.88452255000001,-29.39697265625,426240,426139,-0.8649452924728394,135,1480
0.004421205725520849,0.0003,0.08590611815452576,288.0,3165,124.92088281999999,-28.681819915771484,429120,429019,0.5833378434181213,135,1490
0.0047331685200333595,0.0003,1.4553687572479248,288.0,3186,124.7348552,-29.762508392333984,432000,431899,-0.3693326711654663,135,1500
0.004941887222230434,0.0003,1.5441088676452637,288.0,3207,125.16108166999999,-30.464736938476562,434880,434779,1.8364264965057373,135,1510
0.004696937277913094,0.0003,0.10759343206882477,288.0,3228,124.37502783000002,-29.7515926361084,437760,437659,1.1731464862823486,135,1520
0.004921996034681797,0.0003,1.5714197158813477,288.0,3249,124.3158225,-30.622838973999023,440640,440539,0.42141449451446533,135,1530
0.005062473472207785,0.0003,0.956710934638977,288.0,3271,124.69670758999999,-30.594562530517578,443520,443419,-0.6115929484367371,135,1540
0.004608126822859049,0.0003,0.8001075983047485,288.0,3292,125.19853654999999,-29.171613693237305,446400,446299,-0.248085618019104,135,1550
0.004397503565996885,0.0003,2.8876073360443115,288.0,3313,125.00558917999997,-32.218650817871094,449280,449179,-0.898399829864502,135,1560
0.00419448921456933,0.0003,1.3500008583068848,288.0,3335,124.39681857,-31.227195739746094,452160,452059,-0.050408005714416504,135,1570
0.004116246476769447,0.0003,1.5015214681625366,288.0,3356,123.79144652999997,-29.96910285949707,455040,454939,-0.2906612157821655,135,1580
0.004396379925310612,0.0003,1.4776558876037598,288.0,3378,122.35831917999998,-30.50298500061035,457920,457819,-0.7665622234344482,135,1590
0.004446042235940695,0.0003,0.13425546884536743,288.0,3399,122.64575257000003,-29.45745277404785,460800,460699,1.283271312713623,135,1600
0.004249997437000275,0.0003,2.153259754180908,288.0,3420,122.82840990999999,-30.8966121673584,463680,463579,-0.5057694911956787,135,1610
0.004453638568520546,0.0003,0.10482870042324066,288.0,3441,124.15275044,-30.46396255493164,466560,466459,-0.6945325136184692,135,1620
0.004347647540271282,0.0003,0.09858441352844238,288.0,3462,124.95102273,-31.25680160522461,469440,469339,-0.34124085307121277,135,1630
0.004461341071873903,0.0003,0.7988587617874146,288.0,3483,124.21582116000002,-30.728843688964844,472320,472219,-0.8267994523048401,135,1640
0.004230157472193241,0.0003,0.7663410305976868,288.0,3504,124.62771819999998,-29.517284393310547,475200,475099,2.1476142406463623,135,1650
0.004227822180837393,0.0003,1.560149908065796,288.0,3525,124.54020431999999,-30.80535125732422,478080,477979,-1.5183382034301758,135,1660
0.004638893064111471,0.0003,1.79929780960083,288.0,3547,124.46509826999998,-28.925731658935547,480960,480859,0.5085490345954895,135,1670
0.004506527446210384,0.0003,0.20645023882389069,288.0,3568,125.26422405000002,-30.50870132446289,483840,483739,0.37192875146865845,135,1680
0.004569151438772678,0.0003,1.0453903675079346,288.0,3589,126.12422570999999,-31.06064224243164,486720,486619,-1.2145990133285522,135,1690
0.004426668863743544,0.0003,0.08173691481351852,288.0,3611,125.94412453000001,-30.397140502929688,489600,489499,-0.6673141717910767,135,1700
0.004790199920535088,0.0003,1.5816963911056519,288.0,3632,125.73452073,-30.47431182861328,492480,492379,0.41787606477737427,135,1710
0.004450091626495123,0.0003,0.1040983572602272,288.0,3653,125.43763232,-29.75598907470703,495360,495259,-1.0219370126724243,135,1720
0.00433196360245347,0.0003,0.16550622880458832,288.0,3674,125.49157936999998,-30.85544204711914,498240,498139,-0.19051554799079895,135,1730
0.0045275152660906315,0.0003,0.09353819489479065,288.0,3695,126.01371766,-30.980173110961914,501120,501019,0.32358092069625854,135,1740
0.005027397535741329,0.0003,1.221993327140808,288.0,3716,125.70952099000002,-29.600255966186523,504000,503899,2.9923360347747803,135,1750
0.005114106927067041,0.0003,0.67915940284729,288.0,3738,126.05339631000002,-30.631675720214844,506880,506779,-0.5017673373222351,135,1760
0.00443727383390069,0.0003,0.10008099675178528,288.0,3759,125.54878125,-31.292415618896484,509760,509659,-0.5668193101882935,135,1770
0.004785656463354826,0.0003,1.1467951536178589,288.0,3780,125.54070667999999,-30.449983596801758,512640,512539,-0.9184311628341675,135,1780
0.004141174256801605,0.0003,0.34648922085762024,288.0,3801,126.75751005000001,-30.07562255859375,515520,515419,-0.23322850465774536,135,1790
0.004833180457353592,0.0003,0.12843984365463257,288.0,3823,127.30739070999999,-31.448143005371094,518400,518299,0.34390050172805786,135,1800
0.004017116501927376,0.0003,0.0944809541106224,288.0,3844,127.29330962000002,-30.82072639465332,521280,521179,-0.725551962852478,135,1810
0.004499534144997597,0.0003,1.1413073539733887,288.0,3865,126.77295236000002,-30.922534942626953,524160,524059,-1.1276295185089111,135,1820
0.004439962096512318,0.0003,0.2177061289548874,288.0,3886,126.58603208999999,-29.66623878479004,527040,526939,3.9470934867858887,135,1830
0.004592736251652241,0.0003,2.105924606323242,288.0,3907,126.48924816,-30.563989639282227,529920,529819,-0.9120824337005615,135,1840
0.004451341461390257,0.0003,2.0589547157287598,288.0,3929,125.63598015,-30.762001037597656,532800,532699,-0.5728847980499268,135,1850
0.004583678208291531,0.0003,1.4176198244094849,288.0,3950,124.92698373999998,-31.512889862060547,535680,535579,1.5765060186386108,135,1860
0.004399743862450123,0.0003,2.704681873321533,288.0,3971,125.13112911,-29.1801815032959,538560,538459,1.052311658859253,135,1870
0.004745736718177795,0.0003,3.797109603881836,288.0,3993,125.40428642,-30.69976234436035,541440,541339,-0.5295059084892273,135,1880
0.004486097488552332,0.0003,0.1889825165271759,288.0,4014,124.95065242999998,-31.33246421813965,544320,544219,0.4089233875274658,135,1890
0.004849661141633987,0.0003,0.10939297080039978,288.0,4035,124.00818299000001,-30.616565704345703,547200,547099,1.979508399963379,135,1900
0.00438772002235055,0.0003,0.22718726098537445,288.0,4057,124.06233368999996,-30.975383758544922,550080,549979,0.4285632371902466,135,1910
0.004356791265308857,0.0003,0.6324478387832642,288.0,4078,124.13602089999999,-31.52701187133789,552960,552859,0.792856752872467,135,1920
0.004546379670500755,0.0003,1.2940999269485474,288.0,4100,123.39495896,-30.043010711669922,555840,555739,0.24158719182014465,135,1930
0.004814247600734234,0.0003,0.12335765361785889,288.0,4121,123.78509677,-32.330360412597656,558720,558619,-1.1939284801483154,135,1940
0.004638824611902237,0.0003,1.4631574153900146,288.0,4142,124.57379823000001,-31.26605796813965,561600,561499,0.668544590473175,135,1950
0.004499313421547413,0.0003,1.3026833534240723,288.0,4163,125.05011099000001,-31.451454162597656,564480,564379,-1.4868875741958618,135,1960
0.0039915116503834724,0.0003,1.770267128944397,288.0,4184,125.56148754999998,-33.294410705566406,567360,567259,-2.636159896850586,135,1970
0.004512853920459747,0.0003,0.1237666979432106,288.0,4206,125.80809111,-31.075016021728516,570240,570139,0.2350921630859375,135,1980
0.00410239864140749,0.0003,1.4502058029174805,288.0,4227,125.11047255999998,-31.96484375,573120,573019,-1.692183017730713,135,1990
0.004505464341491461,0.0003,0.1533614993095398,288.0,4248,125.18022422000001,-30.87813949584961,576000,575899,0.16723847389221191,135,2000
0.004528851713985205,0.0003,0.1054544672369957,288.0,4270,123.96348158999999,-30.507160186767578,578880,578779,-0.4411203861236572,135,2010
0.004276000428944826,0.0003,0.11391091346740723,288.0,4291,124.1413888,-32.462059020996094,581760,581659,-1.2825655937194824,135,2020
0.00462141539901495,0.0003,1.86748206615448,288.0,4313,125.03424946000001,-30.411659240722656,584640,584539,0.0107785165309906,135,2030
0.00444543594494462,0.0003,0.12063723802566528,288.0,4334,124.30478065000001,-29.59319305419922,587520,587419,0.09038674831390381,135,2040
0.004695667419582605,0.0003,0.09224597364664078,288.0,4355,124.00041456,-30.774328231811523,590400,590299,-1.4155586957931519,135,2050
0.004534662235528231,0.0003,1.5406742095947266,288.0,4377,123.91043522,-29.793121337890625,593280,593179,-0.9017550945281982,135,2060
0.005057698115706444,0.0003,2.1066880226135254,288.0,4398,124.04197750000002,-31.93071746826172,596160,596059,-1.0612351894378662,135,2070
0.0043893479742109776,0.0003,0.08616990596055984,288.0,4420,123.22199234,-32.019676208496094,599040,598939,-2.2093448638916016,135,2080
0.004027293063700199,0.0003,0.20249271392822266,288.0,4441,122.73822756999998,-30.651561737060547,601920,601819,-0.30099689960479736,135,2090
0.004520697984844446,0.0003,1.2147122621536255,288.0,4462,122.93911428,-30.580982208251953,604800,604699,-0.10300102829933167,135,2100
0.005521397106349468,0.0003,0.12282536923885345,288.0,4484,121.74143416999999,-31.91655731201172,607680,607579,-1.4657038450241089,135,2110
0.004109021741896868,0.0003,0.2682825028896332,288.0,4505,120.92574637,-32.221561431884766,610560,610459,1.1934075355529785,135,2120
0.004418435972183943,0.0003,0.053102172911167145,288.0,4526,120.95304321999998,-31.463926315307617,613440,613339,-1.877129316329956,135,2130
0.004782296251505613,0.0003,0.09798896312713623,288.0,4547,120.84551517000001,-30.802852630615234,616320,616219,-0.783261239528656,135,2140
0.00439175171777606,0.0003,0.15830133855342865,288.0,4568,120.74228986,-30.705909729003906,619200,619099,-0.4855751097202301,135,2150
0.004990334156900644,0.0003,2.089601993560791,288.0,4588,120.9577383,-31.12802505493164,622080,621979,-2.1952552795410156,135,2160
0.004524333868175745,0.0003,4.8088507652282715,288.0,4610,120.93967299999998,-30.754533767700195,624960,624859,1.0106079578399658,135,2170
0.004157830961048603,0.0003,0.932736873626709,288.0,4631,121.4184776,-31.331886291503906,627840,627739,1.1235352754592896,135,2180
0.0044135297648608685,0.0003,0.08449885994195938,288.0,4653,122.60661984999999,-31.757532119750977,630720,630619,-1.5333341360092163,135,2190
0.004744211211800575,0.0003,1.466609001159668,288.0,4674,122.91056634,-30.754573822021484,633600,633499,-1.618914008140564,135,2200
0.00510635320097208,0.0003,0.0967991054058075,288.0,4696,125.10367519999998,-31.00545883178711,636480,636379,0.9950854778289795,135,2210
0.0045932745561003685,0.0003,0.25022968649864197,288.0,4717,125.94511307,-29.793472290039062,639360,639259,1.3810609579086304,135,2220
0.004208974540233612,0.0003,0.09617789089679718,288.0,4739,125.72032037000002,-33.02864456176758,642240,642139,-0.08194419741630554,135,2230
0.004509132821112871,0.0003,11.803089141845703,288.0,4760,126.64893291,-30.718534469604492,645120,645019,0.044056639075279236,135,2240
0.005224496126174927,0.0003,1.78206205368042,288.0,4781,125.88194907,-30.888431549072266,648000,647899,0.2802914083003998,135,2250
0.004570766352117062,0.0003,0.14108993113040924,288.0,4802,125.17721249999998,-30.833606719970703,650880,650779,1.155644416809082,135,2260
0.004688485991209745,0.0003,0.11157670617103577,288.0,4823,125.76947192000002,-31.921775817871094,653760,653659,-0.9276100993156433,135,2270
0.004841467831283808,0.0003,0.9360175132751465,288.0,4844,125.56578453999998,-31.03470230102539,656640,656539,-0.7652760148048401,135,2280
0.004457749426364899,0.0003,0.06509938836097717,288.0,4866,124.06556501000001,-31.97349739074707,659520,659419,-1.8899033069610596,135,2290
0.005197102203965187,0.0003,0.8006444573402405,288.0,4887,124.29868178000002,-31.1752872467041,662400,662299,-0.929734468460083,135,2300
0.0052437991835176945,0.0003,1.4512152671813965,288.0,4908,124.46168366,-30.14535903930664,665280,665179,0.45390784740448,135,2310
0.005461535416543484,0.0003,0.07895588874816895,288.0,4930,124.74028457000003,-31.04325294494629,668160,668059,-0.15509501099586487,135,2320
0.004677942954003811,0.0003,0.47724202275276184,288.0,4951,124.70260083,-30.97886848449707,671040,670939,0.10616284608840942,135,2330
0.004350447561591864,0.0003,1.4800466299057007,288.0,4972,125.04724852000001,-28.73976707458496,673920,673819,2.445657730102539,135,2340
0.0046776775270700455,0.0003,0.18131357431411743,288.0,4994,125.79321919000002,-31.28917694091797,676800,676699,-0.8828205466270447,135,2350
0.004753769841045141,0.0003,0.061543792486190796,288.0,5015,126.53905087000001,-31.965757369995117,679680,679579,-1.2754144668579102,135,2360
0.004844278562813997,0.0003,0.140446275472641,288.0,5036,126.207596,-30.70322608947754,682560,682459,0.5802010297775269,135,2370
0.0049455007538199425,0.0003,0.5825575590133667,288.0,5057,126.39743522,-31.28279685974121,685440,685339,-0.9878953695297241,135,2380
0.004809195641428232,0.0003,1.4416146278381348,288.0,5078,128.05743063,-30.509597778320312,688320,688219,-0.4208337366580963,135,2390
0.004112246446311474,0.0003,0.09745727479457855,288.0,5100,127.67191211,-32.37816619873047,691200,691099,-0.2725040912628174,135,2400
0.00472684670239687,0.0003,0.08690304309129715,288.0,5120,128.14879456000003,-30.660938262939453,694080,693979,0.516577959060669,135,2410
0.0052049667574465275,0.0003,0.8445384502410889,288.0,5142,127.76320846000003,-31.894149780273438,696960,696859,-0.07446146011352539,135,2420
0.00500163808465004,0.0003,0.9518880844116211,288.0,5163,127.68811004000001,-30.969646453857422,699840,699739,2.7391204833984375,135,2430
0.0048645902425050735,0.0003,1.6951202154159546,288.0,5185,127.51568719999999,-31.485570907592773,702720,702619,-0.11266621947288513,135,2440
0.004707994405180216,0.0003,1.4911409616470337,288.0,5206,127.57860603,-30.41541862487793,705600,705499,-1.286468505859375,135,2450
0.004815157037228346,0.0003,0.7916927337646484,288.0,5227,127.30554683,-30.633892059326172,708480,708379,-0.20205357670783997,135,2460
0.004652292467653751,0.0003,1.5585386753082275,288.0,5248,127.83348828000003,-30.87462043762207,711360,711259,1.4564917087554932,135,2470
0.0050567579455673695,0.0003,0.21487224102020264,288.0,5270,127.92813677,-30.193693161010742,714240,714139,2.1701245307922363,135,2480
0.004723512101918459,0.0003,0.10766420513391495,288.0,5291,126.60470618000004,-31.28363800048828,717120,717019,-0.8690604567527771,135,2490
0.004445397760719061,0.0003,1.4234232902526855,288.0,5312,127.11263342000001,-31.96381950378418,720000,719899,0.25787895917892456,135,2500
0.004797539673745632,0.0003,0.13471150398254395,288.0,5333,126.78227208999999,-32.35749053955078,722880,722779,0.6663579344749451,135,2510
0.004770209547132254,0.0003,0.05700495466589928,288.0,5355,126.88827982000002,-32.265907287597656,725760,725659,0.3468990623950958,135,2520
0.004639855120331049,0.0003,0.2156773805618286,288.0,5376,126.74969437,-30.840919494628906,728640,728539,1.0832985639572144,135,2530
0.004366705659776926,0.0003,1.6259174346923828,288.0,5398,126.75321648,-31.091157913208008,731520,731419,-0.1652745008468628,135,2540
0.004141245502978563,0.0003,0.07789154350757599,288.0,5419,126.84861629999999,-30.554258346557617,734400,734299,0.5262846350669861,135,2550
0.004514578264206648,0.0003,1.9263322353363037,288.0,5440,127.14268714999999,-31.11810302734375,737280,737179,1.7224833965301514,135,2560
0.004900353029370308,0.0003,0.05987253785133362,288.0,5461,126.03984319999998,-32.44697570800781,740160,740059,-1.8441792726516724,135,2570
0.004852390848100185,0.0003,0.06532374024391174,288.0,5482,124.97535302,-32.325557708740234,743040,742939,-0.33599916100502014,135,2580
0.004710733890533447,0.0003,1.235706090927124,288.0,5503,126.35505303,-31.147579193115234,745920,745819,0.5957260727882385,135,2590
0.004820647649466991,0.0003,0.10223057866096497,288.0,5524,124.68142954999999,-30.867507934570312,748800,748699,0.45274776220321655,135,2600
0.004926459863781929,0.0003,0.09176696091890335,288.0,5546,124.93689341,-30.95574951171875,751680,751579,-0.24670395255088806,135,2610
0.004692636895924807,0.0003,0.1382143199443817,288.0,5567,125.38992611000002,-31.19154167175293,754560,754459,0.06600135564804077,135,2620
0.00442614546045661,0.0003,0.0512458011507988,288.0,5588,125.56977036000002,-30.91220474243164,757440,757339,0.9643121957778931,135,2630
0.005208082031458616,0.0003,0.9294583797454834,288.0,5610,125.357254,-29.703929901123047,760320,760219,0.14206454157829285,135,2640
0.004447469487786293,0.0003,0.11017821729183197,288.0,5630,124.85517647,-31.621585845947266,763200,763099,-0.46798065304756165,135,2650
0.004701806697994471,0.0003,1.2269315719604492,288.0,5652,124.87162024000001,-31.34657096862793,766080,765979,0.5283017754554749,135,2660
0.004867405164986849,0.0003,1.43284010887146,288.0,5672,125.50793252,-30.513654708862305,768960,768859,1.6491432189941406,135,2670
0.0045942272990942,0.0003,0.10198104381561279,288.0,5693,126.56680078,-30.241735458374023,771840,771739,1.9797101020812988,135,2680
0.005163951776921749,0.0003,0.05464847385883331,288.0,5714,125.77441005,-32.45848083496094,774720,774619,-2.5282139778137207,135,2690
0.004486146382987499,0.0003,1.5652573108673096,288.0,5736,125.60231381999998,-31.680713653564453,777600,777499,-0.17271840572357178,135,2700
0.004930972121655941,0.0003,1.67246675491333,288.0,5757,125.31067681,-31.670089721679688,780480,780379,-0.907966136932373,135,2710
0.004915744997560978,0.0003,0.0873565524816513,288.0,5778,124.36192276,-31.987342834472656,783360,783259,-0.6198256611824036,135,2720
0.004670020192861557,0.0003,0.09643933922052383,288.0,5799,124.72723121000001,-29.934982299804688,786240,786139,2.5326688289642334,135,2730
0.004583068657666445,0.0003,2.955780506134033,288.0,5820,124.08095646999999,-30.50259780883789,789120,789019,-0.14941464364528656,135,2740
0.00456535117700696,0.0003,0.1548563688993454,288.0,5841,123.99686989,-30.85818862915039,792000,791899,-0.8193458914756775,135,2750
0.00446220301091671,0.0003,0.691356897354126,288.0,5862,124.04663595,-31.95429801940918,794880,794779,-0.3509569764137268,135,2760
0.004569375887513161,0.0003,0.1283564418554306,288.0,5883,123.32094229000002,-33.39327621459961,797760,797659,-0.2340451329946518,135,2770
0.004892057739198208,0.0003,0.7450697422027588,288.0,5904,122.28535327000002,-30.29203987121582,800640,800539,0.3785918354988098,135,2780
0.0051764827221632,0.0003,1.308077335357666,288.0,5926,121.46696438000001,-30.69904327392578,803520,803419,-0.810494065284729,135,2790
0.005297415424138308,0.0003,1.8134362697601318,288.0,5947,122.10803119000002,-31.404394149780273,806400,806299,-1.4340442419052124,135,2800
0.005026433616876602,0.0003,2.457350730895996,288.0,5968,121.57901605999997,-31.806167602539062,809280,809179,-1.8946926593780518,135,2810
0.004611028358340263,0.0003,1.390565037727356,288.0,5989,122.41234203000002,-32.2127685546875,812160,812059,0.14306512475013733,135,2820
0.0051331901922822,0.0003,0.05347193032503128,288.0,6010,122.51520011999999,-31.136842727661133,815040,814939,0.8434498310089111,135,2830
0.004843714646995068,0.0003,0.08544537425041199,288.0,6031,122.96919706999998,-31.625709533691406,817920,817819,-2.2166411876678467,135,2840
0.0056372759863734245,0.0003,1.2465907335281372,288.0,6052,123.76791272,-30.836181640625,820800,820699,0.4398409426212311,135,2850
0.00518775312229991,0.0003,4.657583713531494,288.0,6073,123.18733667999999,-32.120635986328125,823680,823579,0.42859703302383423,135,2860
0.005081548355519772,0.0003,1.4923046827316284,288.0,6094,124.31930930000003,-31.649587631225586,826560,826459,-0.16276389360427856,135,2870
0.0046631707809865475,0.0003,2.209780693054199,288.0,6116,125.50509772000001,-31.359298706054688,829440,829339,0.7757917642593384,135,2880
0.004858530592173338,0.0003,1.4172924757003784,288.0,6137,127.06702608000003,-30.66652488708496,832320,832219,-1.8863825798034668,135,2890
0.005425440147519112,0.0003,0.09054668247699738,288.0,6158,127.65382227999999,-31.318466186523438,835200,835099,-0.28759491443634033,135,2900
0.005572553724050522,0.0003,0.16009685397148132,288.0,6179,127.86646288,-30.199546813964844,838080,837979,-0.45631247758865356,135,2910
0.0047058104537427425,0.0003,0.09251609444618225,288.0,6201,127.23846509000003,-32.451969146728516,840960,840859,-0.7361074686050415,135,2920
0.0049987551756203175,0.0003,0.7350846529006958,288.0,6222,126.72263477,-30.176889419555664,843840,843739,0.46682798862457275,135,2930
0.005055289715528488,0.0003,0.27338066697120667,288.0,6243,126.33748763000003,-30.728736877441406,846720,846619,0.6175683736801147,135,2940
0.0047048344276845455,0.0003,1.3427071571350098,288.0,6264,126.74442979999999,-31.11896324157715,849600,849499,-0.15889838337898254,135,2950
0.004567413125187159,0.0003,1.2921059131622314,288.0,6286,126.78422163,-30.89883804321289,852480,852379,-0.9352493286132812,135,2960
0.0051162997260689735,0.0003,1.471323013305664,288.0,6307,125.60619075999999,-32.15410232543945,855360,855259,0.5958347916603088,135,2970
0.0046997335739433765,0.0003,0.12913720309734344,288.0,6329,125.71011653,-31.552886962890625,858240,858139,-1.0160592794418335,135,2980
0.005189101677387953,0.0003,0.056943584233522415,288.0,6349,125.82994825000002,-32.39094924926758,861120,861019,1.2617522478103638,135,2990
0.005334609653800726,0.0003,1.728115200996399,288.0,6371,126.20399844000002,-28.81438446044922,864000,863899,1.7767635583877563,135,3000
0.005167466588318348,0.0003,0.6988162994384766,288.0,6392,126.89392629999999,-31.96937370300293,866880,866779,-0.7119870781898499,135,3010
0.005224371328949928,0.0003,0.12145856022834778,288.0,6413,126.65252681999999,-31.4885311126709,869760,869659,1.573739767074585,135,3020
0.004967952147126198,0.0003,0.12238036841154099,288.0,6434,126.25334564,-31.076086044311523,872640,872539,1.9339125156402588,135,3030
0.005011509172618389,0.0003,0.5125200748443604,288.0,6455,126.81309753,-32.018898010253906,875520,875419,-0.30139821767807007,135,3040
0.005023702047765255,0.0003,0.10663869976997375,288.0,6476,125.23984295999999,-30.858440399169922,878400,878299,-0.07316607236862183,135,3050
0.005571034271270037,0.0003,0.07482649385929108,288.0,6497,125.58667650999998,-30.139312744140625,881280,881179,0.33176809549331665,135,3060
0.0051634665578603745,0.0003,1.2396305799484253,288.0,6519,126.24321018,-31.00126838684082,884160,884059,-0.49634045362472534,135,3070
0.0051595657132565975,0.0003,0.243551567196846,288.0,6540,125.99378478999999,-31.378826141357422,887040,886939,-0.2183130979537964,135,3080
0.005249235313385725,0.0003,1.4063999652862549,288.0,6561,125.80611239999996,-31.225250244140625,889920,889819,-0.12069639563560486,135,3090
0.005005183629691601,0.0003,3.427711009979248,288.0,6582,124.40530693999999,-31.71321678161621,892800,892699,0.16220688819885254,135,3100
0.005427218042314053,0.0003,2.9770708084106445,288.0,6604,124.90916738,-28.99993896484375,895680,895579,0.862866222858429,135,3110
0.0050260405987501144,0.0003,0.17266538739204407,288.0,6625,125.16581754999999,-30.463016510009766,898560,898459,0.7945128679275513,135,3120
0.0060013472102582455,0.0003,0.09047729521989822,288.0,6646,125.81740093,-31.973621368408203,901440,901339,-2.237442970275879,135,3130
0.005275779403746128,0.0003,0.09888939559459686,288.0,6667,125.79346693000001,-31.057273864746094,904320,904219,-0.41912221908569336,135,3140
0.005381279159337282,0.0003,1.9684537649154663,288.0,6688,127.31570809,-30.490161895751953,907200,907099,-0.18309305608272552,135,3150
0.004976017866283655,0.0003,0.09093442559242249,288.0,6709,126.92577870999999,-31.617450714111328,910080,909979,0.4302992522716522,135,3160
0.004854417871683836,0.0003,0.14958271384239197,288.0,6730,126.67636670999998,-31.55437660217285,912960,912859,-0.3086138665676117,135,3170
0.004666627384722233,0.0003,0.08761323243379593,288.0,6752,126.95188753999999,-31.517742156982422,915840,915739,-0.7347875237464905,135,3180
0.004762779455631971,0.0003,0.9209310412406921,288.0,6773,126.77554898,-31.09385108947754,918720,918619,-1.2976815700531006,135,3190
0.004775227978825569,0.0003,1.252800464630127,288.0,6794,127.93606624,-31.53948402404785,921600,921499,-1.526423454284668,135,3200
0.005217318888753653,0.0003,0.14754773676395416,288.0,6815,126.33844028,-29.975263595581055,924480,924379,-0.41460883617401123,135,3210
0.004985128063708544,0.0003,0.804467499256134,288.0,6837,125.95017485,-30.788230895996094,927360,927259,0.15743979811668396,135,3220
0.005675730295479298,0.0003,0.15837979316711426,288.0,6858,125.71900032000002,-30.0452938079834,930240,930139,-0.23477624356746674,135,3230
0.005214132834225893,0.0003,0.07975438237190247,288.0,6879,125.51145757,-32.63372802734375,933120,933019,-0.542792022228241,135,3240
0.005072380416095257,0.0003,5.232874393463135,288.0,6900,125.22861041999998,-30.33635711669922,936000,935899,-0.4619573950767517,135,3250
0.004780508577823639,0.0003,0.07062073796987534,288.0,6921,125.03109794000002,-31.543724060058594,938880,938779,0.553693950176239,135,3260
0.005296516232192516,0.0003,0.07512982189655304,288.0,6943,124.74744806000001,-30.16838836669922,941760,941659,0.7979607582092285,135,3270
0.005175076425075531,0.0003,0.11249682307243347,288.0,6964,124.55122804000001,-30.18899154663086,944640,944539,-0.5309848785400391,135,3280
0.004991607274860144,0.0003,0.18964442610740662,288.0,6985,125.3261917,-31.01889419555664,947520,947419,0.6113157272338867,135,3290
0.005303812678903341,0.0003,1.3751308917999268,288.0,7007,125.78026503000001,-30.816650390625,950400,950299,1.0683610439300537,135,3300
0.004515669774264097,0.0003,0.09186600893735886,288.0,7028,127.04886812999999,-31.630775451660156,953280,953179,-1.3278695344924927,135,3310
0.005037468858063221,0.0003,0.06616386026144028,288.0,7050,127.99144373999997,-32.13311004638672,956160,956059,-1.5507500171661377,135,3320
0.005514082964509726,0.0003,0.08548805117607117,288.0,7071,128.39805487,-31.04254150390625,959040,958939,-1.6094756126403809,135,3330
0.005778893828392029,0.0003,0.07423403859138489,288.0,7092,127.32903715,-31.456924438476562,961920,961819,-0.9754511117935181,135,3340
0.005537132266908884,0.0003,1.3532121181488037,288.0,7113,127.33753648000001,-30.357961654663086,964800,964699,0.6878511905670166,135,3350
0.005690320394933224,0.0003,0.7734533548355103,288.0,7135,128.09582329,-32.57430648803711,967680,967579,-1.4636093378067017,135,3360
0.005543723702430725,0.0003,0.14242124557495117,288.0,7156,128.90129887000003,-31.10276222229004,970560,970459,-1.2683756351470947,135,3370
0.005251541268080473,0.0003,0.776355504989624,288.0,7177,129.25608551,-31.591257095336914,973440,973339,-1.4595084190368652,135,3380
0.0051578436978161335,0.0003,2.7900803089141846,288.0,7198,128.45725072,-32.511837005615234,976320,976219,0.3515956401824951,135,3390
0.0050164177082479,0.0003,0.08836701512336731,288.0,7220,128.82624154999996,-30.917875289916992,979200,979099,-0.16948768496513367,135,3400
0.0052086361683905125,0.0003,2.169290542602539,288.0,7241,128.56131657000003,-30.83940887451172,982080,981979,1.3557379245758057,135,3410
0.005301198456436396,0.0003,0.2595747709274292,288.0,7262,128.57053026,-31.70478057861328,984960,984859,1.301154613494873,135,3420
0.005516052711755037,0.0003,0.09918580949306488,288.0,7283,128.89151892,-30.825809478759766,987840,987739,-1.0131515264511108,135,3430
0.00511256093159318,0.0003,0.1221606507897377,288.0,7305,130.82473275,-31.01845932006836,990720,990619,1.9383513927459717,135,3440
0.004589487332850695,0.0003,0.6179062724113464,288.0,7326,130.98874267,-32.36640930175781,993600,993499,-0.7829940915107727,135,3450
0.0049624876119196415,0.0003,0.1098238080739975,288.0,7347,131.17057964000003,-31.69664192199707,996480,996379,-0.7381178140640259,135,3460
0.005132757127285004,0.0003,0.14187929034233093,288.0,7369,131.53414032999999,-32.2178955078125,999360,999259,-2.431065320968628,135,3470
0.005502756685018539,0.0003,0.6910590529441833,288.0,7390,131.22262308,-32.166656494140625,1002240,1002139,-0.8641303777694702,135,3480
0.0053176721557974815,0.0003,1.3577687740325928,288.0,7411,131.38412624,-30.03697967529297,1005120,1005019,0.4953553080558777,135,3490
0.0046138279139995575,0.0003,0.8189214468002319,288.0,7432,131.14530251999997,-31.157520294189453,1008000,1007899,-1.0683724880218506,135,3500
0.005041498225182295,0.0003,2.811783790588379,288.0,7454,130.64010993000002,-31.057645797729492,1010880,1010779,-0.6391589045524597,135,3510
0.0053748139180243015,0.0003,2.9334423542022705,288.0,7475,131.11468035000001,-30.896759033203125,1013760,1013659,0.35590553283691406,135,3520
0.0049561928026378155,0.0003,0.18402346968650818,288.0,7496,129.93905647999998,-30.110736846923828,1016640,1016539,1.100017786026001,135,3530
0.005588395055383444,0.0003,0.047160372138023376,288.0,7517,129.12535117999997,-32.33082962036133,1019520,1019419,-0.051986634731292725,135,3540
0.004991062451153994,0.0003,0.18016937375068665,288.0,7538,128.58754458,-31.770187377929688,1022400,1022299,0.4805765450000763,135,3550
0.005879548843950033,0.0003,1.5799763202667236,288.0,7560,127.60507478,-31.57544708251953,1025280,1025179,-0.08676695823669434,135,3560
0.005440787877887487,0.0003,0.053487375378608704,288.0,7581,127.43323452000003,-30.79527473449707,1028160,1028059,1.177673101425171,135,3570
0.005791707895696163,0.0003,0.9445184469223022,288.0,7602,127.57286755,-30.97381019592285,1031040,1030939,-0.6779933571815491,135,3580
0.005481005646288395,0.0003,1.4371395111083984,288.0,7623,127.98523291,-32.74805450439453,1033920,1033819,0.44862744212150574,135,3590
0.00553540326654911,0.0003,0.0929679423570633,288.0,7645,127.75600979000001,-31.40148162841797,1036800,1036699,0.45833730697631836,135,3600
0.0053119957447052,0.0003,1.4549660682678223,288.0,7666,128.23786475999998,-32.20281982421875,1039680,1039579,0.6658456325531006,135,3610
0.004978801589459181,0.0003,1.0155808925628662,288.0,7688,128.04828824,-31.665943145751953,1042560,1042459,-0.07851526141166687,135,3620
0.005751477554440498,0.0003,0.14931511878967285,288.0,7709,128.99691191,-32.1248893737793,1045440,1045339,0.7430557608604431,135,3630
0.0055714938789606094,0.0003,0.08160969614982605,288.0,7730,129.89504616,-31.123184204101562,1048320,1048219,0.09920632839202881,135,3640
0.0054905773140490055,0.0003,0.10757027566432953,288.0,7751,130.97684245,-31.704029083251953,1051200,1051099,0.8014968037605286,135,3650
0.005111059173941612,0.0003,1.005190372467041,288.0,7772,132.07521635999998,-31.514026641845703,1054080,1053979,-0.1406223326921463,135,3660
0.0061264135874807835,0.0003,0.7709894180297852,288.0,7793,132.28650015,-31.68708610534668,1056960,1056859,-1.5338298082351685,135,3670
0.0053454977460205555,0.0003,0.11794702708721161,288.0,7814,131.94032886000002,-32.21831512451172,1059840,1059739,1.8116381168365479,135,3680
0.006140522193163633,0.0003,3.4212026596069336,288.0,7835,130.57981594,-31.65160369873047,1062720,1062619,0.8140175342559814,135,3690
0.005879940930753946,0.0003,1.2540783882141113,288.0,7856,130.78614849,-32.207481384277344,1065600,1065499,0.4533795118331909,135,3700
0.005396159365773201,0.0003,0.2220819592475891,288.0,7877,131.30583583,-30.953472137451172,1068480,1068379,1.6644692420959473,135,3710
0.005386033561080694,0.0003,2.116281270980835,288.0,7899,131.3630817,-30.852588653564453,1071360,1071259,0.6160619258880615,135,3720
0.005634398199617863,0.0003,0.06418727338314056,288.0,7920,131.37037626,-31.844810485839844,1074240,1074139,-1.8364222049713135,135,3730
0.005782551597803831,0.0003,0.12766827642917633,288.0,7941,131.49667201,-32.10841751098633,1077120,1077019,-0.5250070095062256,135,3740
0.00624848622828722,0.0003,0.19548755884170532,288.0,7962,130.94287321,-33.02198791503906,1080000,1079899,-0.2698470950126648,135,3750
0.005112851038575172,0.0003,0.06689883023500443,288.0,7984,130.91819263000002,-33.802955627441406,1082880,1082779,-0.20483121275901794,135,3760
0.005893136374652386,0.0003,0.1004646047949791,288.0,8004,130.90251848999998,-32.25970458984375,1085760,1085659,0.6134549379348755,135,3770
0.005722070578485727,0.0003,0.08859782665967941,288.0,8025,131.2165071,-32.13198471069336,1088640,1088539,-0.9314669370651245,135,3780
0.006160324439406395,0.0003,1.1778135299682617,288.0,8047,131.66290425,-31.50548553466797,1091520,1091419,-1.5123943090438843,135,3790
0.005727563053369522,0.0003,2.7247958183288574,288.0,8068,131.65953857,-30.93755340576172,1094400,1094299,0.9389601349830627,135,3800
0.0053219846449792385,0.0003,0.11756925284862518,288.0,8090,131.76821909999998,-30.562734603881836,1097280,1097179,-0.38169384002685547,135,3810
0.005817270837724209,0.0003,2.2755753993988037,288.0,8111,132.00037523999998,-30.848342895507812,1100160,1100059,-0.337493896484375,135,3820
0.005994020029902458,0.0003,1.2849490642547607,288.0,8132,131.14638321,-31.40241241455078,1103040,1102939,0.17273467779159546,135,3830
0.005910556297749281,0.0003,1.5664246082305908,288.0,8153,130.59627104,-32.093101501464844,1105920,1105819,-0.48412251472473145,135,3840
0.006079450715333223,0.0003,1.8536529541015625,288.0,8175,130.54930396,-32.132408142089844,1108800,1108699,1.2586944103240967,135,3850
0.005930433981120586,0.0003,1.3113939762115479,288.0,8196,130.8186977,-31.21124267578125,1111680,1111579,0.3264737129211426,135,3860
0.005792898125946522,0.0003,1.4728198051452637,288.0,8217,130.78240544000002,-32.26660919189453,1114560,1114459,0.755950927734375,135,3870
0.006004685070365667,0.0003,3.9575908184051514,288.0,8239,131.11389812000002,-31.413862228393555,1117440,1117339,-0.6355360746383667,135,3880
0.00552826514467597,0.0003,2.0193724632263184,288.0,8260,131.70561682,-30.588611602783203,1120320,1120219,-0.35505297780036926,135,3890
0.005779535975307226,0.0003,0.4111188054084778,288.0,8281,131.27165757,-31.683223724365234,1123200,1123099,1.9603490829467773,135,3900
0.005745436064898968,0.0003,2.0941572189331055,288.0,8302,130.6951597,-31.79229736328125,1126080,1125979,0.10527658462524414,135,3910
0.00592057267203927,0.0003,0.09861332178115845,288.0,8323,130.93981223999998,-31.496580123901367,1128960,1128859,1.546275019645691,135,3920
0.0055137332528829575,0.0003,0.11297258734703064,288.0,8344,131.88095238000002,-30.89605712890625,1131840,1131739,-0.07975491881370544,135,3930
0.005561208818107843,0.0003,0.05870281159877777,288.0,8365,132.42028165000002,-32.44133758544922,1134720,1134619,-0.16699393093585968,135,3940
0.005338592454791069,0.0003,0.9721179008483887,288.0,8387,132.63512428,-33.49653244018555,1137600,1137499,1.1683720350265503,135,3950
0.005113660823553801,0.0003,0.886070728302002,288.0,8408,132.51361343,-31.456069946289062,1140480,1140379,-0.030282974243164062,135,3960
0.0058851949870586395,0.0003,3.880289316177368,288.0,8429,132.71105619999997,-31.761945724487305,1143360,1143259,-0.8391410708427429,135,3970
0.005564885213971138,0.0003,2.2601318359375,288.0,8449,132.16331595,-29.974321365356445,1146240,1146139,-0.561558723449707,135,3980
0.005285110790282488,0.0003,1.93492591381073,288.0,8471,132.64154373000002,-31.039306640625,1149120,1149019,0.249794602394104,135,3990
0.005528547335416079,0.0003,0.056651316583156586,288.0,8492,133.21685988,-32.22924041748047,1152000,1151899,-0.4480661153793335,135,4000
0.005791202187538147,0.0003,1.2508422136306763,288.0,8513,133.06615289,-32.692955017089844,1154880,1154779,0.9480651617050171,135,4010
0.0053247264586389065,0.0003,0.04485154151916504,288.0,8535,132.64818513,-33.90093231201172,1157760,1157659,-0.42022258043289185,135,4020
0.005918038077652454,0.0003,0.21023112535476685,288.0,8557,132.44122001,-31.524534225463867,1160640,1160539,0.9314088821411133,135,4030
0.0064891488291323185,0.0003,0.058306410908699036,288.0,8578,132.0116848,-31.361125946044922,1163520,1163419,-0.7062869071960449,135,4040
0.006240690592676401,0.0003,1.8112938404083252,288.0,8599,131.75263987999998,-30.49890899658203,1166400,1166299,0.8189539909362793,135,4050
0.005802773404866457,0.0003,0.08323515951633453,288.0,8621,131.72762384,-31.232091903686523,1169280,1169179,0.47437453269958496,135,4060
0.005710916593670845,0.0003,0.07388688623905182,288.0,8642,130.786949,-32.21182632446289,1172160,1172059,1.3899922370910645,135,4070
0.006050228141248226,0.0003,4.408883571624756,288.0,8663,130.93388769,-32.21549606323242,1175040,1174939,0.7520859241485596,135,4080
0.005701649002730846,0.0003,0.9489260911941528,288.0,8685,129.37394211999998,-32.580806732177734,1177920,1177819,0.9608976244926453,135,4090
0.006400090642273426,0.0003,0.04357694834470749,288.0,8706,128.92200529000004,-33.00531005859375,1180800,1180699,-0.21342948079109192,135,4100
0.005750813987106085,0.0003,4.298549652099609,288.0,8727,129.1976491,-31.55217742919922,1183680,1183579,0.34603917598724365,135,4110
0.006648659240454435,0.0003,1.9441115856170654,288.0,8749,128.85016376,-32.60114288330078,1186560,1186459,-1.0088527202606201,135,4120
0.005633764434605837,0.0003,0.1017732322216034,288.0,8770,128.68790006999998,-30.511699676513672,1189440,1189339,0.005868285894393921,135,4130
0.005512941628694534,0.0003,0.0564495325088501,288.0,8792,129.35536187000002,-32.08039855957031,1192320,1192219,0.7633830308914185,135,4140
0.005593297071754932,0.0003,1.252509355545044,288.0,8813,128.46319963000002,-32.48792266845703,1195200,1195099,-0.8515853881835938,135,4150
0.00570509722456336,0.0003,0.13002578914165497,288.0,8835,127.7911798,-33.07786560058594,1198080,1197979,-0.6160017251968384,135,4160
0.005167032591998577,0.0003,2.1605684757232666,288.0,8855,128.53953296,-31.387006759643555,1200960,1200859,1.8805820941925049,135,4170
0.005472181830555201,0.0003,3.8442466259002686,288.0,8877,128.21322382,-32.60349655151367,1203840,1203739,-0.737356424331665,135,4180
0.005234373267740011,0.0003,0.13278205692768097,288.0,8898,129.66612573,-32.67621994018555,1206720,1206619,0.5040672421455383,135,4190
0.005466199479997158,0.0003,1.5189017057418823,288.0,8920,130.31634961,-32.32452392578125,1209600,1209499,-0.7070909142494202,135,4200
0.005340659525245428,0.0003,1.2664713859558105,288.0,8941,130.32588248,-32.150367736816406,1212480,1212379,1.0946009159088135,135,4210
0.005353787913918495,0.0003,0.07175743579864502,288.0,8962,130.56243081,-33.046504974365234,1215360,1215259,-1.7136681079864502,135,4220
0.005337892100214958,0.0003,1.8072736263275146,288.0,8984,130.09731614999998,-32.99907684326172,1218240,1218139,-0.05346423387527466,135,4230
0.005801945924758911,0.0003,2.5043082237243652,288.0,9006,129.97983255,-33.114742279052734,1221120,1221019,-0.728029727935791,135,4240
0.0054550026543438435,0.0003,1.4386310577392578,288.0,9027,131.30108737,-33.456932067871094,1224000,1223899,-1.559875726699829,135,4250
0.005664218217134476,0.0003,2.4076356887817383,288.0,9049,132.20115114,-32.597633361816406,1226880,1226779,-0.09207344055175781,135,4260
0.005214394070208073,0.0003,2.096231460571289,288.0,9070,132.01981607000002,-32.105377197265625,1229760,1229659,-1.001705288887024,135,4270
0.005411178804934025,0.0003,0.07091712951660156,288.0,9091,132.62641401,-32.10334777832031,1232640,1232539,-0.7305533289909363,135,4280
0.00550116179510951,0.0003,0.06520016491413116,288.0,9112,133.05416606,-34.27064895629883,1235520,1235419,-0.013697028160095215,135,4290
0.005693243350833654,0.0003,1.4818663597106934,288.0,9133,133.01771818999998,-33.408355712890625,1238400,1238299,-0.6281133890151978,135,4300
0.005607095547020435,0.0003,1.9708735942840576,288.0,9155,132.77201154,-32.35001754760742,1241280,1241179,-0.8058037161827087,135,4310
0.0061286198906600475,0.0003,2.819267988204956,288.0,9176,133.00516853,-31.986515045166016,1244160,1244059,0.519171416759491,135,4320
0.006652369629591703,0.0003,1.4693459272384644,288.0,9197,133.54438826999998,-31.249624252319336,1247040,1246939,-0.8098406195640564,135,4330
0.005437169689685106,0.0003,0.08591900765895844,288.0,9218,133.10827625000002,-32.233551025390625,1249920,1249819,1.1608892679214478,135,4340
0.005442707799375057,0.0003,0.13894705474376678,288.0,9239,132.72323176,-32.34868240356445,1252800,1252699,0.32009199261665344,135,4350
0.005241741891950369,0.0003,0.06947764754295349,288.0,9261,132.55843276,-33.12923812866211,1255680,1255579,-0.6239588260650635,135,4360
0.005458085797727108,0.0003,0.09551487118005753,288.0,9282,132.74180474000002,-32.14296340942383,1258560,1258459,3.8258094787597656,135,4370
0.005250957794487476,0.0003,0.04598156735301018,288.0,9303,131.85705139,-34.5141487121582,1261440,1261339,-2.818990707397461,135,4380
0.0054314169101417065,0.0003,2.0435948371887207,288.0,9324,130.84387008,-32.418556213378906,1264320,1264219,-0.42933210730552673,135,4390
0.005728401709347963,0.0003,0.047731027007102966,288.0,9345,130.63528601,-33.5623779296875,1267200,1267099,-0.32067781686782837,135,4400
0.0056068627163767815,0.0003,1.3841105699539185,288.0,9367,131.28629628000002,-32.87785339355469,1270080,1269979,0.1862952709197998,135,4410
0.006724430713802576,0.0003,2.6633830070495605,288.0,9388,131.30551128000002,-32.19050598144531,1272960,1272859,-0.5296218395233154,135,4420
0.005593676120042801,0.0003,0.267797589302063,288.0,9409,131.23605097,-32.89325714111328,1275840,1275739,0.698939859867096,135,4430
0.005472481716424227,0.0003,1.1452962160110474,288.0,9430,131.55134130000002,-32.629417419433594,1278720,1278619,-2.186861515045166,135,4440
0.006159854121506214,0.0003,0.0804850161075592,288.0,9451,131.58704000999998,-34.13471221923828,1281600,1281499,-1.8082547187805176,135,4450
0.005140612367540598,0.0003,0.9129303693771362,288.0,9472,131.65975719999997,-31.859657287597656,1284480,1284379,-0.6429173946380615,135,4460
0.0057702199555933475,0.0003,1.4170702695846558,288.0,9494,131.19741373,-32.931854248046875,1287360,1287259,0.9976438283920288,135,4470
0.005065382923930883,0.0003,0.10443895310163498,288.0,9515,131.80958069,-31.02691650390625,1290240,1290139,0.6690996289253235,135,4480
0.005429407581686974,0.0003,0.11430954933166504,288.0,9536,132.67744061000002,-33.20221710205078,1293120,1293019,1.5953195095062256,135,4490
0.005706792697310448,0.0003,0.11478723585605621,288.0,9557,131.77696506,-32.43952560424805,1296000,1295899,-0.8548181653022766,135,4500
0.005869344342499971,0.0003,0.06779421865940094,288.0,9578,131.73790972999998,-31.288415908813477,1298880,1298779,0.1291501522064209,135,4510
0.005634997505694628,0.0003,0.5603102445602417,288.0,9600,131.58233847999998,-33.60210418701172,1301760,1301659,0.3696582317352295,135,4520
0.005623921751976013,0.0003,1.6000382900238037,288.0,9621,132.28959167,-32.63370895385742,1304640,1304539,1.377505898475647,135,4530
0.005676653236150742,0.0003,0.07576850801706314,288.0,9642,132.41467794,-33.076194763183594,1307520,1307419,-0.8918058276176453,135,4540
0.00606281403452158,0.0003,1.285556674003601,288.0,9663,132.60364054,-30.818958282470703,1310400,1310299,0.6879223585128784,135,4550
0.005608381703495979,0.0003,0.46243059635162354,288.0,9685,132.36827681,-32.34042739868164,1313280,1313179,1.6406532526016235,135,4560
0.006398205179721117,0.0003,1.6173323392868042,288.0,9706,132.71284900999999,-32.35806655883789,1316160,1316059,-0.07740819454193115,135,4570
0.006089054048061371,0.0003,0.02867785468697548,288.0,9727,132.81641195,-33.37602615356445,1319040,1318939,-0.37109601497650146,135,4580
0.005419351160526276,0.0003,0.05324246734380722,288.0,9749,132.89193675,-33.06916427612305,1321920,1321819,0.16616103053092957,135,4590
0.00583721324801445,0.0003,2.7743825912475586,288.0,9770,133.60887319,-33.415504455566406,1324800,1324699,0.8379634618759155,135,4600
0.0053945486433804035,0.0003,0.8917582035064697,288.0,9791,133.07045513000003,-32.25708770751953,1327680,1327579,-0.6975507736206055,135,4610
0.006093210075050592,0.0003,2.204634666442871,288.0,9811,132.71469254,-31.743316650390625,1330560,1330459,-0.4058694541454315,135,4620
0.00606644619256258,0.0003,1.9813064336776733,288.0,9833,132.54619369000002,-33.37987518310547,1333440,1333339,-2.179054021835327,135,4630
0.00534063158556819,0.0003,1.2060177326202393,288.0,9854,132.15527805999997,-31.639562606811523,1336320,1336219,-0.22816583514213562,135,4640
0.005765415728092194,0.0003,0.5251114368438721,288.0,9875,132.26566711,-32.36427307128906,1339200,1339099,0.3513486683368683,135,4650
0.005780522711575031,0.0003,2.52707576751709,288.0,9897,131.98045543,-33.125221252441406,1342080,1341979,0.6523786783218384,135,4660
0.005142764654010534,0.0003,1.3088831901550293,288.0,9917,130.66568835,-32.34931564331055,1344960,1344859,-0.4245157241821289,135,4670
0.005081928800791502,0.0003,1.6672712564468384,288.0,9939,130.16864604999998,-32.286155700683594,1347840,1347739,1.0585343837738037,135,4680
0.00570125225931406,0.0003,0.051949355751276016,288.0,9960,129.50638224,-33.724876403808594,1350720,1350619,-0.19944989681243896,135,4690
0.0056549240835011005,0.0003,0.5708890557289124,288.0,9981,129.94537678999998,-32.54861068725586,1353600,1353499,0.8391605615615845,135,4700
0.005595612805336714,0.0003,0.08834144473075867,288.0,10003,130.30889967000002,-33.378807067871094,1356480,1356379,-1.6859443187713623,135,4710
0.00611875019967556,0.0003,0.3353379964828491,288.0,10024,130.7294683,-31.997940063476562,1359360,1359259,-0.37651827931404114,135,4720
0.006001656409353018,0.0003,3.054255962371826,288.0,10044,130.28556959,-32.488624572753906,1362240,1362139,-0.48943740129470825,135,4730
0.005952867213636637,0.0003,0.06745143234729767,288.0,10066,130.91650604999998,-32.17927932739258,1365120,1365019,0.23145735263824463,135,4740
0.005913888569921255,0.0003,0.099632129073143,288.0,10087,130.92896312000002,-33.5211181640625,1368000,1367899,1.165761113166809,135,4750
0.006298754829913378,0.0003,0.05372338742017746,288.0,10108,131.35272537999998,-33.157283782958984,1370880,1370779,0.06378942728042603,135,4760
0.0051096361130476,0.0003,0.10653327405452728,288.0,10129,132.98471199999997,-33.222923278808594,1373760,1373659,-0.0026783347129821777,135,4770
0.005791986361145973,0.0003,0.05399934947490692,288.0,10150,133.68049154,-31.990264892578125,1376640,1376539,-0.6460555791854858,135,4780
0.005812421441078186,0.0003,0.08870688080787659,288.0,10171,134.09502434,-33.20092010498047,1379520,1379419,0.8477926254272461,135,4790
0.006691450253129005,0.0003,0.07379558682441711,288.0,10192,133.7405082,-33.868709564208984,1382400,1382299,-0.08290377259254456,135,4800
0.00601158058270812,0.0003,2.5228371620178223,288.0,10214,133.80314199,-32.83892059326172,1385280,1385179,0.35195523500442505,135,4810
0.005859416909515858,0.0003,0.05907738208770752,288.0,10235,133.75924718,-32.53082275390625,1388160,1388059,-1.1173702478408813,135,4820
0.006132498849183321,0.0003,0.08883603662252426,288.0,10257,134.28983874,-32.58776092529297,1391040,1390939,-0.0343288779258728,135,4830
0.005678410176187754,0.0003,1.6533825397491455,288.0,10278,133.65234046,-31.75021743774414,1393920,1393819,1.1795969009399414,135,4840
0.0061072129756212234,0.0003,1.8453160524368286,288.0,10299,133.50894567,-32.47723388671875,1396800,1396699,1.9125365018844604,135,4850
0.005729688797146082,0.0003,2.711806535720825,288.0,10321,133.64554161,-32.61955642700195,1399680,1399579,0.45497554540634155,135,4860
0.006264138966798782,0.0003,0.09101846814155579,288.0,10342,133.58637063,-33.23865509033203,1402560,1402459,1.0917364358901978,135,4870
0.006311890669167042,0.0003,1.6051108837127686,288.0,10364,133.52891175000002,-33.55535888671875,1405440,1405339,-1.6317551136016846,135,4880
0.005473376717418432,0.0003,1.201291799545288,288.0,10385,133.34193296,-32.50629806518555,1408320,1408219,-1.3909046649932861,135,4890
0.005457343999296427,0.0003,1.1515921354293823,288.0,10406,133.28457477,-34.54304504394531,1411200,1411099,-0.5874432921409607,135,4900
0.005589418113231659,0.0003,2.0378198623657227,288.0,10426,132.57319235,-31.62600326538086,1414080,1413979,0.3624274730682373,135,4910
0.006001936737447977,0.0003,0.07208551466464996,288.0,10448,132.37951240999996,-32.45687484741211,1416960,1416859,0.17392393946647644,135,4920
0.00526840565726161,0.0003,0.06664332747459412,288.0,10469,131.92043110999998,-32.75669860839844,1419840,1419739,-0.6114912033081055,135,4930
0.005588757339864969,0.0003,0.06747621297836304,288.0,10490,132.21258154,-33.13463592529297,1422720,1422619,-2.011146068572998,135,4940
0.005539611913263798,0.0003,2.6946940422058105,288.0,10511,131.76089102,-31.735490798950195,1425600,1425499,0.39502453804016113,135,4950
0.0061137075535953045,0.0003,0.06425422430038452,288.0,10532,131.3480795,-33.220619201660156,1428480,1428379,1.8043408393859863,135,4960
0.006530906539410353,0.0003,1.464709758758545,288.0,10554,130.99052478,-33.14006042480469,1431360,1431259,-0.8249574899673462,135,4970
0.006077914964407682,0.0003,0.05937670171260834,288.0,10575,130.88880179,-33.73832702636719,1434240,1434139,-0.3487430214881897,135,4980
0.005682394839823246,0.0003,1.540137529373169,288.0,10596,131.07321618999998,-32.965309143066406,1437120,1437019,-0.6402437686920166,135,4990
0.00529124028980732,0.0003,1.1779694557189941,288.0,10617,130.84359867999999,-33.50394058227539,1440000,1439899,2.351442337036133,135,5000
0.006138159893453121,0.0003,0.05610965937376022,288.0,10639,131.73422745,-31.969457626342773,1442880,1442779,-1.3271658420562744,135,5010
0.006585591938346624,0.0003,0.07875257730484009,288.0,10660,131.61164813000002,-33.82440948486328,1445760,1445659,-1.0067552328109741,135,5020
0.006894842255860567,0.0003,0.04381232708692551,288.0,10682,131.24003851999998,-32.2138671875,1448640,1448539,0.029671818017959595,135,5030
0.005894077941775322,0.0003,1.1349440813064575,288.0,10703,130.79221236,-32.3197021484375,1451520,1451419,-0.2711610794067383,135,5040
0.006309137213975191,0.0003,1.2566492557525635,288.0,10724,130.79620968,-31.000572204589844,1454400,1454299,0.4081428349018097,135,5050
0.0053696115501224995,0.0003,0.06341049075126648,288.0,10745,129.71407071,-33.308509826660156,1457280,1457179,-0.7155587673187256,135,5060
0.005241026636213064,0.0003,3.0524187088012695,288.0,10766,129.57201257999998,-32.345008850097656,1460160,1460059,0.24567687511444092,135,5070
0.005285193677991629,0.0003,0.3054869771003723,288.0,10788,129.85045051999998,-33.19462585449219,1463040,1462939,-0.5375317335128784,135,5080
0.006793802138417959,0.0003,0.05347371846437454,288.0,10809,129.70226878000003,-32.301910400390625,1465920,1465819,-1.0076076984405518,135,5090
0.005815149284899235,0.0003,0.1977827250957489,288.0,10830,129.89498808,-32.18874740600586,1468800,1468699,1.0547964572906494,135,5100
0.0061899879947304726,0.0003,0.07530428469181061,288.0,10852,129.80706973,-32.724674224853516,1471680,1471579,1.5486522912979126,135,5110
0.005149178672581911,0.0003,0.7453939914703369,288.0,10873,129.84912896,-33.47955322265625,1474560,1474459,0.9271613359451294,135,5120
0.004865915048867464,0.0003,2.0967037677764893,288.0,10894,130.26030726,-32.36980056762695,1477440,1477339,0.6084706783294678,135,5130
0.0055821919813752174,0.0003,0.6493977308273315,288.0,10915,130.57488745,-32.65960693359375,1480320,1480219,-0.6010380983352661,135,5140
0.005303430836647749,0.0003,0.13866819441318512,288.0,10936,130.80522253999996,-33.25770568847656,1483200,1483099,0.5752722024917603,135,5150
0.006500121206045151,0.0003,1.344089388847351,288.0,10958,132.30857004,-33.354103088378906,1486080,1485979,-0.3166528046131134,135,5160
0.006500579882413149,0.0003,0.060559265315532684,288.0,10979,132.29248672,-34.19329071044922,1488960,1488859,0.8988946676254272,135,5170
0.005820814520120621,0.0003,2.3592066764831543,288.0,11000,131.73413648000002,-32.99446105957031,1491840,1491739,-0.44983619451522827,135,5180
0.006136524491012096,0.0003,0.050335854291915894,288.0,11022,129.97032473,-32.03461456298828,1494720,1494619,-0.2356754094362259,135,5190
0.006592045072466135,0.0003,0.6136523485183716,288.0,11043,129.39468004,-33.595184326171875,1497600,1497499,-0.30021238327026367,135,5200
0.0055489069782197475,0.0003,0.07325568795204163,288.0,11065,129.25755279999998,-34.2509880065918,1500480,1500379,-0.4990978240966797,135,5210
0.006059045437723398,0.0003,0.0438200905919075,288.0,11086,129.69380962999998,-34.017005920410156,1503360,1503259,-0.5846349000930786,135,5220
0.00634036073461175,0.0003,0.11535664647817612,288.0,11107,129.35502428,-32.634361267089844,1506240,1506139,-1.2852630615234375,135,5230
0.005972050130367279,0.0003,0.08810433745384216,288.0,11128,128.92428918000002,-32.36671829223633,1509120,1509019,0.45318472385406494,135,5240
0.005953202024102211,0.0003,0.06249723955988884,288.0,11150,129.04694967999998,-32.463714599609375,1512000,1511899,-0.3818765878677368,135,5250
0.005693737883120775,0.0003,0.09652459621429443,288.0,11171,129.21298941999999,-32.291961669921875,1514880,1514779,-0.011952072381973267,135,5260
0.005987884011119604,0.0003,0.06941787898540497,288.0,11192,128.92985358999996,-33.85768127441406,1517760,1517659,0.3685135841369629,135,5270
0.005966348573565483,0.0003,0.12383165955543518,288.0,11213,128.4347823,-32.55757141113281,1520640,1520539,0.31658151745796204,135,5280
0.0055192201398313046,0.0003,0.2116885483264923,288.0,11235,130.0830979,-31.32558250427246,1523520,1523419,-0.08859553933143616,135,5290
0.006332843564450741,0.0003,0.8939262628555298,288.0,11256,130.62618663000003,-32.74375915527344,1526400,1526299,-0.2900189459323883,135,5300
0.005363659001886845,0.0003,1.1520493030548096,288.0,11277,130.64963343,-32.80394744873047,1529280,1529179,0.5381432175636292,135,5310
0.005792723968625069,0.0003,0.6935523748397827,288.0,11298,129.85160909,-31.639545440673828,1532160,1532059,0.11744573712348938,135,5320
0.005183977074921131,0.0003,1.1768615245819092,288.0,11320,130.50891813,-31.493289947509766,1535040,1534939,2.3714706897735596,135,5330
0.005867063067853451,0.0003,1.1380071640014648,288.0,11341,130.90043245999996,-33.065650939941406,1537920,1537819,0.11916083097457886,135,5340
0.006455392111092806,0.0003,0.8632150888442993,288.0,11362,130.87499885,-33.1529541015625,1540800,1540699,-1.2408702373504639,135,5350
0.0062398784793913364,0.0003,1.6978528499603271,288.0,11383,130.43172329,-32.53075408935547,1543680,1543579,1.617458462715149,135,5360
0.006251937709748745,0.0003,0.8087082505226135,288.0,11404,131.45579021,-31.538715362548828,1546560,1546459,-0.47878384590148926,135,5370
0.00665329908952117,0.0003,0.04961053654551506,288.0,11426,131.96164665000003,-33.87617492675781,1549440,1549339,-1.3892550468444824,135,5380
0.006104153115302324,0.0003,0.0734386071562767,288.0,11447,131.94603415,-33.067970275878906,1552320,1552219,-0.15887555480003357,135,5390
0.006236362271010876,0.0003,1.5154117345809937,288.0,11468,132.23924302,-33.63555908203125,1555200,1555099,-1.772146224975586,135,5400
0.005706318654119968,0.0003,2.421865940093994,288.0,11489,130.34794433,-32.09351348876953,1558080,1557979,0.7212101221084595,135,5410
0.006241505965590477,0.0003,0.07683195173740387,288.0,11511,131.09179351,-33.10540771484375,1560960,1560859,-2.00911021232605,135,5420
0.0057748002000153065,0.0003,2.2320151329040527,288.0,11532,131.02189652000004,-33.37310028076172,1563840,1563739,1.6376444101333618,135,5430
0.006059143226593733,0.0003,2.5242908000946045,288.0,11553,130.40909255999998,-32.397483825683594,1566720,1566619,-1.4895873069763184,135,5440
0.0054861148819327354,0.0003,0.1387210637331009,288.0,11575,130.40591748,-33.01862335205078,1569600,1569499,-1.3214280605316162,135,5450
0.005508763715624809,0.0003,0.09841630607843399,288.0,11596,130.0162122,-31.951976776123047,1572480,1572379,-0.1457633674144745,135,5460
0.006021168082952499,0.0003,2.943018913269043,288.0,11617,129.36130576,-31.609333038330078,1575360,1575259,0.48055797815322876,135,5470
0.0052626789547502995,0.0003,0.05847110226750374,288.0,11639,130.18492093999998,-33.046653747558594,1578240,1578139,-0.5336642265319824,135,5480
0.006494299508631229,0.0003,0.6164137125015259,288.0,11659,130.14984549000002,-33.379058837890625,1581120,1581019,1.3079028129577637,135,5490
0.005675473250448704,0.0003,0.06958262622356415,288.0,11681,129.76295592999998,-32.504486083984375,1584000,1583899,-1.508297085762024,135,5500
0.00685433205217123,0.0003,3.3294811248779297,288.0,11702,131.09535696999998,-31.454940795898438,1586880,1586779,1.6633855104446411,135,5510
0.005920516327023506,0.0003,0.6277984976768494,288.0,11723,131.03344052000003,-34.05276107788086,1589760,1589659,0.23773598670959473,135,5520
0.0067874654196202755,0.0003,0.11278556287288666,288.0,11744,131.39051561,-33.55032730102539,1592640,1592539,-1.1927012205123901,135,5530
0.005688527598977089,0.0003,0.13092240691184998,288.0,11765,131.77789791,-32.2812614440918,1595520,1595419,1.1714810132980347,135,5540
0.005759164225310087,0.0003,0.07436340302228928,288.0,11787,131.65918033,-32.41867446899414,1598400,1598299,1.3959949016571045,135,5550
0.0057113333605229855,0.0003,0.06596080958843231,288.0,11808,132.04575749000003,-33.309539794921875,1601280,1601179,-0.12442532181739807,135,5560
0.00581158185377717,0.0003,2.8400073051452637,288.0,11829,132.50676346999998,-33.06352996826172,1604160,1604059,1.436356782913208,135,5570
0.006578514818102121,0.0003,0.07430877536535263,288.0,11850,131.60924355,-33.082420349121094,1607040,1606939,-0.7898862361907959,135,5580
0.0064169252291321754,0.0003,0.8967498540878296,288.0,11872,132.16308939,-32.78289794921875,1609920,1609819,-1.115130066871643,135,5590
0.00563846156001091,0.0003,0.05363373085856438,288.0,11893,132.15677663,-33.40367126464844,1612800,1612699,-0.7256795167922974,135,5600
0.006136793177574873,0.0003,0.33010706305503845,288.0,11914,132.93034809,-33.56309509277344,1615680,1615579,0.7440063953399658,135,5610
0.0057752905413508415,0.0003,0.12758474051952362,288.0,11935,132.88629124999997,-31.05529022216797,1618560,1618459,3.365633964538574,135,5620
0.00590760912746191,0.0003,0.06937257945537567,288.0,11956,132.53880518000003,-33.40104675292969,1621440,1621339,-1.0185532569885254,135,5630
0.006410142406821251,0.0003,0.10688399523496628,288.0,11977,131.92833514,-32.468345642089844,1624320,1624219,-0.787838339805603,135,5640
0.0064293937757611275,0.0003,1.162736177444458,288.0,11999,131.74106866,-31.953279495239258,1627200,1627099,0.5021438598632812,135,5650
0.006344192661345005,0.0003,3.3164050579071045,288.0,12020,131.42847159000002,-32.51848602294922,1630080,1629979,0.28350964188575745,135,5660
0.006665457971394062,0.0003,0.05018415302038193,288.0,12042,131.37377202,-33.95273971557617,1632960,1632859,0.047170840203762054,135,5670
0.005654236301779747,0.0003,2.7313246726989746,288.0,12063,131.47445456999995,-31.45172119140625,1635840,1635739,0.5310623645782471,135,5680
0.006443512160331011,0.0003,2.9650912284851074,288.0,12084,131.11474206,-32.517417907714844,1638720,1638619,1.384413242340088,135,5690
0.0062416368164122105,0.0003,0.06047689914703369,288.0,12106,131.39421553,-34.10110092163086,1641600,1641499,-0.019781410694122314,135,5700
0.006578044034540653,0.0003,0.7200342416763306,288.0,12127,130.70762499,-33.02046203613281,1644480,1644379,-1.1545552015304565,135,5710
0.0062531656585633755,0.0003,0.07892189919948578,288.0,12148,130.75203303,-32.88505554199219,1647360,1647259,0.46242427825927734,135,5720
0.007593919523060322,0.0003,0.1129450798034668,288.0,12169,130.59408963,-34.58427429199219,1650240,1650139,0.307074636220932,135,5730
0.006168769672513008,0.0003,0.06747397780418396,288.0,12190,131.57004150999998,-33.52058029174805,1653120,1653019,1.4404125213623047,135,5740
0.006002179812639952,0.0003,0.12538570165634155,288.0,12211,131.51221817,-32.75206756591797,1656000,1655899,2.329507827758789,135,5750
0.005895351059734821,0.0003,1.4607958793640137,288.0,12233,132.21869662,-33.00782775878906,1658880,1658779,-0.9097706079483032,135,5760
0.005841933190822601,0.0003,1.8267803192138672,288.0,12254,130.45901066,-32.684608459472656,1661760,1661659,-0.05408275127410889,135,5770
0.005641589872539043,0.0003,1.1847182512283325,288.0,12276,130.67899982,-33.2255973815918,1664640,1664539,-1.1471296548843384,135,5780
0.006001590751111507,0.0003,2.664016008377075,288.0,12297,130.95521609,-32.737979888916016,1667520,1667419,1.9036844968795776,135,5790
0.005902050994336605,0.0003,0.07916643470525742,288.0,12319,130.92961573,-33.03341293334961,1670400,1670299,1.1608830690383911,135,5800
0.005073630716651678,0.0003,1.5535554885864258,288.0,12340,131.27749143,-32.577354431152344,1673280,1673179,0.6406502723693848,135,5810
0.0054710181429982185,0.0003,1.5201706886291504,288.0,12361,131.19333494,-32.8680419921875,1676160,1676059,0.47341033816337585,135,5820
0.005867440719157457,0.0003,0.06816768646240234,288.0,12382,130.69119025000003,-32.48447036743164,1679040,1678939,-1.1849946975708008,135,5830
0.0058931587263941765,0.0003,0.04449453577399254,288.0,12403,130.55183925,-32.516380310058594,1681920,1681819,0.5931825041770935,135,5840
0.00535427825525403,0.0003,0.059658147394657135,288.0,12424,131.17650788999998,-32.413692474365234,1684800,1684699,0.9997107982635498,135,5850
0.005644379649311304,0.0003,2.5101914405822754,288.0,12446,130.91591767,-32.874267578125,1687680,1687579,-0.8946146368980408,135,5860
0.006497508846223354,0.0003,2.6351723670959473,288.0,12467,132.18676216000003,-31.825672149658203,1690560,1690459,0.6836808323860168,135,5870
0.006313157733529806,0.0003,0.052736472338438034,288.0,12488,132.46112422,-34.14635467529297,1693440,1693339,-0.40905100107192993,135,5880
0.006575155537575483,0.0003,1.2118228673934937,288.0,12510,131.92911129,-32.78887939453125,1696320,1696219,-0.6821079254150391,135,5890
0.0061565362848341465,0.0003,0.1297127902507782,288.0,12531,131.98177193,-33.09181213378906,1699200,1699099,-0.10311758518218994,135,5900
0.00574267003685236,0.0003,1.817143201828003,288.0,12552,131.80880556999998,-33.698219299316406,1702080,1701979,-1.6701316833496094,135,5910
0.005473034922033548,0.0003,0.06665147840976715,288.0,12574,132.18478139,-32.721134185791016,1704960,1704859,0.030611246824264526,135,5920
0.006345647852867842,0.0003,1.070336103439331,288.0,12595,132.65483066,-33.665550231933594,1707840,1707739,-2.194525718688965,135,5930
0.005873045418411493,0.0003,1.2248671054840088,288.0,12617,132.47390169,-32.2393684387207,1710720,1710619,1.254799485206604,135,5940
0.006471103988587856,0.0003,3.401397466659546,288.0,12638,132.51774449,-31.963455200195312,1713600,1713499,0.6313323974609375,135,5950
0.006677801255136728,0.0003,0.03509863466024399,288.0,12659,131.92763777,-33.312156677246094,1716480,1716379,-1.3872344493865967,135,5960
0.007048363331705332,0.0003,0.9313669204711914,288.0,12681,132.33790138000003,-31.803625106811523,1719360,1719259,1.0967602729797363,135,5970
0.005614155437797308,0.0003,3.332489490509033,288.0,12702,132.619376,-32.7882080078125,1722240,1722139,0.48263663053512573,135,5980
0.005346142686903477,0.0003,1.3386205434799194,288.0,12724,131.7294018,-33.08174514770508,1725120,1725019,-0.7701543569564819,135,5990
0.005921247415244579,0.0003,2.011950969696045,288.0,12745,131.74851562,-32.167625427246094,1728000,1727899,0.5599649548530579,135,6000
0.005792662966996431,0.0003,0.04022665321826935,288.0,12766,132.34427577,-33.06763458251953,1730880,1730779,-0.9586572051048279,135,6010
0.006601986009627581,0.0003,2.4722771644592285,288.0,12787,132.02633683,-31.74234390258789,1733760,1733659,-1.207667350769043,135,6020
0.0057357242330908775,0.0003,0.33029991388320923,288.0,12808,131.95697782,-32.815269470214844,1736640,1736539,0.3114367127418518,135,6030
0.005272583104670048,0.0003,0.06406287103891373,288.0,12830,132.18281892000002,-32.222572326660156,1739520,1739419,1.1283504962921143,135,6040
0.005603479221463203,0.0003,0.07400929927825928,288.0,12851,131.94755234000002,-33.009063720703125,1742400,1742299,0.9564188122749329,135,6050
0.005668220110237598,0.0003,0.07317999005317688,288.0,12872,132.51937492,-33.46904754638672,1745280,1745179,0.4972994923591614,135,6060
0.005576809402555227,0.0003,0.059893898665905,288.0,12893,132.20666251,-32.667476654052734,1748160,1748059,-0.31297796964645386,135,6070
0.00507598090916872,0.0003,0.15322540700435638,288.0,12915,131.77148144,-31.688831329345703,1751040,1750939,0.5312198996543884,135,6080
0.005408367142081261,0.0003,1.5522725582122803,288.0,12936,132.72787444,-32.557106018066406,1753920,1753819,1.9461886882781982,135,6090
0.005721907131373882,0.0003,1.7387521266937256,288.0,12957,132.72868733000004,-31.974668502807617,1756800,1756699,0.26556259393692017,135,6100
0.006153401918709278,0.0003,0.9610130190849304,288.0,12978,132.08827634,-33.266902923583984,1759680,1759579,-0.37874168157577515,135,6110
0.0055008442141115665,0.0003,0.14245232939720154,288.0,13000,132.14011816000001,-32.364627838134766,1762560,1762459,0.41658684611320496,135,6120
0.005538455210626125,0.0003,0.20015324652194977,288.0,13021,132.42223420000002,-32.200626373291016,1765440,1765339,0.6517086625099182,135,6130
0.005366744007915258,0.0003,2.593315601348877,288.0,13042,132.31267551000002,-31.661697387695312,1768320,1768219,0.8858833312988281,135,6140
0.005945160053670406,0.0003,1.2111023664474487,288.0,13063,132.27471445,-32.530731201171875,1771200,1771099,0.7861288189888,135,6150
0.006156777497380972,0.0003,1.380824089050293,288.0,13085,131.97123025000002,-32.36540985107422,1774080,1773979,0.5005759596824646,135,6160
0.0063809966668486595,0.0003,0.9139448404312134,288.0,13106,132.07120666999998,-32.5882568359375,1776960,1776859,-0.05093728005886078,135,6170
0.005707412958145142,0.0003,1.2318366765975952,288.0,13127,132.04550541999998,-31.813974380493164,1779840,1779739,-0.8957089781761169,135,6180
0.005994849372655153,0.0003,0.11987080425024033,288.0,13148,132.00986423,-32.45928955078125,1782720,1782619,0.03601706027984619,135,6190
0.005366066005080938,0.0003,1.46561861038208,288.0,13169,131.83766797,-32.662498474121094,1785600,1785499,-0.0862930417060852,135,6200
0.004926161374896765,0.0003,1.3181967735290527,288.0,13191,132.16380009,-32.424339294433594,1788480,1788379,-0.9450572729110718,135,6210
0.006154921837151051,0.0003,0.49217769503593445,288.0,13212,130.82811941,-32.16154479980469,1791360,1791259,2.059892177581787,135,6220
0.005789313465356827,0.0003,0.08474995195865631,288.0,13232,130.09629381000002,-32.499114990234375,1794240,1794139,-1.1093435287475586,135,6230
0.005501715000718832,0.0003,1.1731743812561035,288.0,13253,130.19428512000002,-32.613250732421875,1797120,1797019,0.0154799222946167,135,6240
0.005273065995424986,0.0003,0.48121264576911926,288.0,13274,129.83184577,-32.497276306152344,1800000,1799899,0.4752800166606903,135,6250
0.005281971301883459,0.0003,1.6981594562530518,288.0,13295,130.11998442,-33.512760162353516,1802880,1802779,-0.947999119758606,135,6260
0.005396864376962185,0.0003,0.27859532833099365,288.0,13317,130.63760001,-33.478240966796875,1805760,1805659,1.5655014514923096,135,6270
0.006199469789862633,0.0003,2.702995777130127,288.0,13338,130.06868392,-32.70366668701172,1808640,1808539,-1.0008366107940674,135,6280
0.0068116565234959126,0.0003,1.3784453868865967,288.0,13359,130.29162296,-32.57082748413086,1811520,1811419,-0.0932493507862091,135,6290
0.006734837777912617,0.0003,2.5015954971313477,288.0,13380,130.48692144999998,-32.533172607421875,1814400,1814299,-0.8359402418136597,135,6300
0.006483510602265596,0.0003,1.4730455875396729,288.0,13401,129.21437749999998,-30.501724243164062,1817280,1817179,-0.6631702780723572,135,6310
0.005767521448433399,0.0003,0.05086943879723549,288.0,13423,130.70387178000001,-33.205116271972656,1820160,1820059,0.5359381437301636,135,6320
0.006283794064074755,0.0003,0.9346131086349487,288.0,13444,131.58154707,-31.935928344726562,1823040,1822939,-0.39433586597442627,135,6330
0.005829675123095512,0.0003,0.743685245513916,288.0,13465,130.94536913,-33.303192138671875,1825920,1825819,-0.9492325186729431,135,6340
0.006530536338686943,0.0003,0.05983961373567581,288.0,13487,131.75350762,-33.095062255859375,1828800,1828699,-2.1333484649658203,135,6350
0.0056705959141254425,0.0003,4.748499393463135,288.0,13508,131.73872149,-32.19649124145508,1831680,1831579,1.0735578536987305,135,6360
0.006032433360815048,0.0003,0.8694074153900146,288.0,13529,130.99700941,-32.03403091430664,1834560,1834459,-0.0698833167552948,135,6370
0.00570902181789279,0.0003,3.290858268737793,288.0,13550,131.71284617,-33.493980407714844,1837440,1837339,2.1345934867858887,135,6380
0.006171808578073978,0.0003,0.32598400115966797,288.0,13571,131.68466388999997,-31.13270378112793,1840320,1840219,1.021227240562439,135,6390
0.005805933848023415,0.0003,0.07233184576034546,288.0,13592,131.20442526,-33.463462829589844,1843200,1843099,1.5159804821014404,135,6400
0.00795354600995779,0.0003,2.724839687347412,288.0,13614,131.86126058999997,-31.99506378173828,1846080,1845979,-1.8364689350128174,135,6410
0.006529075559228659,0.0003,0.07210060954093933,288.0,13635,131.71072392,-34.17814636230469,1848960,1848859,-0.471129447221756,135,6420
0.006308138836175203,0.0003,2.5938291549682617,288.0,13656,131.57810966,-32.41769027709961,1851840,1851739,0.46195316314697266,135,6430
0.0057084932923316956,0.0003,0.07074692845344543,288.0,13678,132.18602312000002,-31.413734436035156,1854720,1854619,-0.022317886352539062,135,6440
0.006241208408027887,0.0003,0.9825564026832581,288.0,13699,132.18600929000002,-31.61712646484375,1857600,1857499,1.022972583770752,135,6450
0.005025594960898161,0.0003,0.09120018035173416,288.0,13720,132.35533364,-31.533550262451172,1860480,1860379,-1.1246310472488403,135,6460
0.006262538488954306,0.0003,3.2840027809143066,288.0,13742,132.38902846,-32.2297477722168,1863360,1863259,0.21190162003040314,135,6470
0.005475010722875595,0.0003,0.10004296898841858,288.0,13763,131.24301074,-32.92036056518555,1866240,1866139,0.5121028423309326,135,6480
0.00585404084995389,0.0003,1.7170209884643555,288.0,13784,131.30766749999998,-31.696203231811523,1869120,1869019,0.9245754480361938,135,6490
0.005535339470952749,0.0003,1.4736013412475586,288.0,13805,130.91318574000002,-32.01165771484375,1872000,1871899,-0.2746453285217285,135,6500
0.005024346522986889,0.0003,0.08550937473773956,288.0,13826,131.32690914000005,-33.188690185546875,1874880,1874779,-0.8584023118019104,135,6510
0.005049067083746195,0.0003,1.3181304931640625,288.0,13847,131.27445744,-33.18954086303711,1877760,1877659,0.004738152027130127,135,6520
0.005228453781455755,0.0003,0.11172036826610565,288.0,13868,130.9509491,-32.24224853515625,1880640,1880539,0.48291873931884766,135,6530
0.00542820431292057,0.0003,0.08227337151765823,288.0,13890,130.81265161,-33.10771179199219,1883520,1883419,-0.21654361486434937,135,6540
0.0055703273974359035,0.0003,0.05566948652267456,288.0,13911,130.50080968999998,-31.1749267578125,1886400,1886299,0.004710376262664795,135,6550
0.0052652242593467236,0.0003,0.05190863087773323,288.0,13932,130.45242681,-31.015974044799805,1889280,1889179,-0.8378686308860779,135,6560
0.005653222557157278,0.0003,1.8240621089935303,288.0,13953,130.71726949,-31.350173950195312,1892160,1892059,0.3542410433292389,135,6570
0.005417315289378166,0.0003,0.13427433371543884,288.0,13974,131.89323846,-32.936004638671875,1895040,1894939,-0.1933801770210266,135,6580
0.005736722610890865,0.0003,2.443247079849243,288.0,13995,131.89001004000002,-33.17561340332031,1897920,1897819,1.0138908624649048,135,6590
0.005021348129957914,0.0003,2.5584850311279297,288.0,14017,132.82815261999997,-32.59581756591797,1900800,1900699,0.5143018364906311,135,6600
0.005544344894587994,0.0003,2.78717041015625,288.0,14037,132.93978363999997,-31.5230712890625,1903680,1903579,0.2916402816772461,135,6610
0.005540039855986834,0.0003,0.09943246841430664,288.0,14059,132.87816069000002,-31.890239715576172,1906560,1906459,-1.788777470588684,135,6620
0.004997869022190571,0.0003,0.09063662588596344,288.0,14080,132.72441539,-32.973548889160156,1909440,1909339,-1.4932279586791992,135,6630
0.005296846851706505,0.0003,2.7298922538757324,288.0,14101,132.88381214,-32.704368591308594,1912320,1912219,0.23501889407634735,135,6640
0.004509545862674713,0.0003,0.10305134952068329,288.0,14122,133.27007345,-31.166934967041016,1915200,1915099,1.6536824703216553,135,6650
0.005725908558815718,0.0003,0.08903081715106964,288.0,14143,133.18319884999997,-32.01554870605469,1918080,1917979,0.15523383021354675,135,6660
0.005582455545663834,0.0003,0.17004498839378357,288.0,14164,132.31914341000004,-32.26322555541992,1920960,1920859,1.7159907817840576,135,6670
0.006282991264015436,0.0003,0.17017900943756104,288.0,14185,131.86507458,-32.370033264160156,1923840,1923739,0.9712400436401367,135,6680
0.006364972796291113,0.0003,0.9674721360206604,288.0,14206,131.72851987,-32.46321105957031,1926720,1926619,-0.2795490622520447,135,6690
0.00563775235787034,0.0003,0.12465666979551315,288.0,14227,131.50702444,-32.566444396972656,1929600,1929499,0.008304640650749207,135,6700
0.0059133246541023254,0.0003,2.4309287071228027,288.0,14248,131.35915678,-30.83727264404297,1932480,1932379,2.4493565559387207,135,6710
0.006592868827283382,0.0003,0.11376567929983139,288.0,14269,131.56413816,-32.502437591552734,1935360,1935259,-0.6224258542060852,135,6720
0.006264629308134317,0.0003,0.09139411151409149,288.0,14290,130.0172301,-32.077903747558594,1938240,1938139,-0.8090065717697144,135,6730
0.005533618852496147,0.0003,1.6036581993103027,288.0,14312,129.89555734,-31.66611099243164,1941120,1941019,0.44882428646087646,135,6740
0.005695863626897335,0.0003,1.3022488355636597,288.0,14333,129.01600749999997,-32.4013557434082,1944000,1943899,-1.2314293384552002,135,6750
0.005730051547288895,0.0003,0.051704611629247665,288.0,14354,128.61383428,-33.273921966552734,1946880,1946779,0.2746347188949585,135,6760
0.006050934549421072,0.0003,1.0783079862594604,288.0,14375,129.04522309,-31.771902084350586,1949760,1949659,-1.800119161605835,135,6770
0.006566232535988092,0.0003,0.05123312398791313,288.0,14397,129.17984278,-34.01910400390625,1952640,1952539,-0.4937317669391632,135,6780
0.005750221665948629,0.0003,1.845766305923462,288.0,14418,127.93742140999998,-32.12406921386719,1955520,1955419,-0.021649017930030823,135,6790
0.005865491461008787,0.0003,0.6090748310089111,288.0,14439,127.71600176,-30.905654907226562,1958400,1958299,2.145287036895752,135,6800
0.005950503051280975,0.0003,0.07428349554538727,288.0,14461,127.91269418,-31.275726318359375,1961280,1961179,-0.2640807330608368,135,6810
0.0059053050354123116,0.0003,0.05996263772249222,288.0,14482,127.73399154999998,-32.75421142578125,1964160,1964059,0.5728724598884583,135,6820
0.005121754948049784,0.0003,0.09154166281223297,288.0,14503,129.60268987999999,-32.570518493652344,1967040,1966939,-0.4378078579902649,135,6830
0.0060650198720395565,0.0003,2.031604290008545,288.0,14524,129.03921198999998,-31.79409408569336,1969920,1969819,1.592223882675171,135,6840
0.006110670510679483,0.0003,0.08915191888809204,288.0,14545,129.03494886000001,-31.861013412475586,1972800,1972699,-0.5706615447998047,135,6850
0.006021857261657715,0.0003,1.8859632015228271,288.0,14566,129.64725620999997,-32.36994934082031,1975680,1975579,0.5962784290313721,135,6860
0.006845138035714626,0.0003,0.12201011925935745,288.0,14587,128.24947233999998,-31.349668502807617,1978560,1978459,1.5639777183532715,135,6870
0.006324137095361948,0.0003,0.06907372176647186,288.0,14608,128.25873582,-32.75265121459961,1981440,1981339,-0.9138849973678589,135,6880
0.0058901868760585785,0.0003,0.3815884590148926,288.0,14629,129.71075053,-32.85593032836914,1984320,1984219,-1.754206657409668,135,6890
0.006175397429615259,0.0003,0.057089827954769135,288.0,14650,130.07640372000003,-33.803871154785156,1987200,1987099,0.37590768933296204,135,6900
0.006811899598687887,0.0003,1.5224418640136719,288.0,14671,129.83002721,-32.10128402709961,1990080,1989979,0.9641287922859192,135,6910
0.005896476097404957,0.0003,2.0089073181152344,288.0,14693,130.21128082,-31.965831756591797,1992960,1992859,1.0345633029937744,135,6920
0.0075095403008162975,0.0003,1.1551690101623535,288.0,14714,130.05389329,-30.756656646728516,1995840,1995739,2.112839937210083,135,6930
0.006431804038584232,0.0003,0.06751086562871933,288.0,14736,129.93548482,-31.808189392089844,1998720,1998619,0.03967772424221039,135,6940
