#{"t_start": 1743538177.8182206, "env_id": "None"}
r,l,t
-1244.611816,432,78845.385224
-1085.907202,432,78845.68306
-997.903559,432,78845.977283
-1074.466886,432,78846.272947
-1146.724698,432,78846.617084
-1155.955467,432,78846.91886
-1407.723224,432,78847.232012
-1167.18112,432,78847.543152
-1267.349652,432,78847.848813
-1007.990435,432,78848.146441
-1429.58521,432,78848.445995
-1212.880453,432,78848.798023
-1177.853985,432,78849.120679
-1086.722239,432,78849.488848
-1237.118215,432,78849.785601
-936.727608,432,78850.086212
-1188.89078,432,78850.384827
-925.113632,432,78850.678181
-1151.878508,432,78850.968713
-1139.013549,432,78851.279278
-1135.012522,432,78851.581767
-1346.891876,432,78851.885696
-1226.616999,432,78852.188772
-1140.469492,432,78852.494541
-1248.166263,432,78852.804484
-1228.000071,432,78853.110164
-1193.939532,432,78853.421556
-1303.460497,432,78853.736928
-963.595952,432,78854.04541
-1102.409046,432,78854.346177
-1109.630696,432,78854.648541
-1000.09358,432,78854.957928
-1013.514815,432,78855.972337
-981.38337,432,78856.390459
-1009.542327,432,78856.698643
-1095.434734,432,78857.004062
-987.235959,432,78857.312052
-1099.056841,432,78857.616456
-1096.477875,432,78857.929396
-949.344999,432,78858.237759
-854.014024,432,78858.534203
-999.649522,432,78858.831676
-1087.695978,432,78859.127999
-1176.191265,432,78859.427804
-949.769033,432,78859.723174
-919.571986,432,78860.018621
-931.375874,432,78860.315912
-954.217173,432,78860.617492
-1074.909191,432,78860.923259
-876.627144,432,78861.226264
-840.348841,432,78861.522774
-1131.578243,432,78861.821077
-896.104589,432,78862.116436
-959.849543,432,78862.421771
-1085.599304,432,78862.716208
-859.72785,432,78863.007074
-1041.877708,432,78863.30271
-1315.004593,432,78863.598361
-805.975219,432,78863.894664
-874.7922,432,78864.189277
-722.208928,432,78864.517009
-1001.942239,432,78864.81097
-1079.092054,432,78865.106755
-1003.349496,432,78865.406119
-41.694763,432,78865.65132
-30.482145,432,78865.883671
19.901332,432,78866.117886
-3.904888,432,78866.362254
28.19623,432,78866.612846
-655.322508,432,78867.417998
-933.017746,432,78867.712275
-885.298662,432,78868.037441
-891.931439,432,78868.333277
-884.942638,432,78868.628788
-833.0873,432,78868.923023
-797.741055,432,78869.21828
-692.702776,432,78869.516607
-911.641974,432,78869.81329
-912.401086,432,78870.110551
-995.341594,432,78870.408177
-907.773456,432,78870.702975
-785.959552,432,78870.9995
-967.547179,432,78871.296029
-800.430988,432,78871.602151
-832.815428,432,78871.900213
-932.592636,432,78872.207506
-991.990286,432,78872.502368
-996.512414,432,78872.811222
-1008.945292,432,78873.104627
-841.735736,432,78873.422632
-769.29757,432,78873.722781
-910.816287,432,78874.015801
-910.081583,432,78874.306425
-861.959196,432,78874.600609
-880.35295,432,78874.900793
-1045.097999,432,78875.20111
-881.690647,432,78875.503094
-1101.10769,432,78875.799
-733.638555,432,78876.096574
-984.708705,432,78876.393641
-993.87656,432,78876.689263
-669.611053,432,78877.481694
-482.740246,432,78877.784172
-810.187046,432,78878.117621
-1005.747645,432,78878.416672
-972.651862,432,78878.715023
-527.838644,432,78879.01624
-885.590496,432,78879.319441
-720.849012,432,78879.619652
-649.424836,432,78879.914592
-697.590944,432,78880.214555
-630.769394,432,78880.522331
-644.593882,432,78880.819093
-753.841649,432,78881.116752
-889.509043,432,78881.416986
-766.423228,432,78881.728294
-969.384008,432,78882.037973
-937.755885,432,78882.336536
-748.692257,432,78882.636454
-967.533525,432,78882.938821
-892.477569,432,78883.23705
-919.841703,432,78883.565048
-892.624867,432,78883.856152
-1085.669587,432,78884.148615
-948.29253,432,78884.448396
-779.50351,432,78884.753526
-668.270622,432,78885.051161
-780.499354,432,78885.347045
-539.343702,432,78885.647118
-975.606249,432,78885.939274
-777.683727,432,78886.241288
-680.244364,432,78886.541174
-728.796552,432,78886.836523
-3.460895,432,78887.081972
49.893208,432,78887.32351
30.566035,432,78887.557456
-95.44104,432,78887.795062
-15.186682,432,78888.032439
-907.36786,432,78888.828436
-769.046125,432,78889.12513
-488.952098,432,78889.473447
-756.42113,432,78889.766703
-636.613514,432,78890.064178
-1043.791689,432,78890.369474
-707.468407,432,78890.665592
-524.92243,432,78890.962641
-489.871189,432,78891.266453
-631.764012,432,78891.57315
-719.292677,432,78891.878659
-1035.178012,432,78892.170508
-819.144524,432,78892.46677
-475.734031,432,78892.774426
-531.0087,432,78893.087698
-787.699836,432,78893.401773
-574.857901,432,78893.740716
-590.149425,432,78894.076779
-850.106895,432,78894.439153
-625.825778,432,78894.754978
-599.163207,432,78895.056188
-804.116596,432,78895.356003
-837.536689,432,78895.673875
-623.594859,432,78896.007039
-816.398062,432,78896.317709
-581.315005,432,78896.636579
-458.652019,432,78896.932548
-863.243204,432,78897.241758
-568.930123,432,78897.556838
-779.942755,432,78897.854087
-823.368497,432,78898.163851
-632.982337,432,78898.468003
-490.43409,432,78899.298748
-532.110874,432,78899.619131
-538.341626,432,78899.970691
-628.47905,432,78900.286318
-797.275208,432,78900.591406
-615.711817,432,78900.895975
-741.757429,432,78901.190022
-629.181199,432,78901.505577
-747.662384,432,78901.807737
-561.205384,432,78902.119316
-497.77926,432,78902.419204
-430.421502,432,78902.721362
-399.672689,432,78903.030266
-676.920762,432,78903.337062
-940.715112,432,78903.641389
-593.059012,432,78903.9414
-509.845214,432,78904.237988
-671.334123,432,78904.533193
-584.63324,432,78904.82528
-584.947217,432,78905.12355
-698.606103,432,78905.424416
-380.610667,432,78905.727704
-595.278192,432,78906.018309
-820.343838,432,78906.315892
-599.899423,432,78906.618903
-484.552201,432,78906.919642
-578.116449,432,78907.21668
-423.004796,432,78907.512429
-616.460376,432,78907.806061
-437.980487,432,78908.106706
-526.092109,432,78908.408041
-733.915901,432,78908.741805
-37.359617,432,78908.986199
-10.331636,432,78909.252673
-22.34302,432,78909.533583
28.421143,432,78909.772779
-0.150681,432,78910.017478
-529.478214,432,78910.849786
-654.778095,432,78911.161438
-513.696924,432,78911.508452
-356.906078,432,78911.802925
-618.885152,432,78912.124528
-309.738307,432,78912.428309
-779.810939,432,78912.73222
-684.124607,432,78913.032338
-433.877277,432,78913.3286
-523.252019,432,78913.624598
-799.47495,432,78913.932321
-737.620275,432,78914.243645
-341.431319,432,78914.557206
-424.071629,432,78914.859103
-678.223767,432,78915.161787
-538.835423,432,78915.469293
-691.874538,432,78915.772253
-368.271141,432,78916.081257
-313.720004,432,78916.385843
-557.970908,432,78916.690069
-680.663826,432,78916.996691
-273.914255,432,78917.299076
-607.519565,432,78917.603022
-445.557999,432,78917.905765
-532.939936,432,78918.207435
-500.499576,432,78918.537447
-542.51108,432,78918.835196
-673.973909,432,78919.13435
-601.477969,432,78919.448502
-744.734346,432,78919.762898
-151.060286,432,78920.069078
-425.399633,432,78920.372064
-295.681462,432,78921.149797
-197.578427,432,78921.461536
-460.296214,432,78921.803541
-511.570033,432,78922.113497
-599.355525,432,78922.428914
-656.328068,432,78922.734992
-314.212241,432,78923.041993
-560.650388,432,78923.355957
-341.355731,432,78923.662171
-826.508917,432,78923.964727
-427.490278,432,78924.275821
-527.57429,432,78924.589924
-505.05615,432,78924.896346
-438.540408,432,78925.199935
-668.51523,432,78925.509697
-705.862435,432,78925.814345
-263.541038,432,78926.120606
-513.464345,432,78926.423359
-591.126008,432,78926.728743
-723.978386,432,78927.036834
-397.153466,432,78927.344503
-325.326962,432,78927.645107
-543.774537,432,78927.948788
-595.17233,432,78928.254189
-546.987944,432,78928.553516
-359.909329,432,78928.862911
-549.995944,432,78929.172081
-257.998037,432,78929.471002
-550.930892,432,78929.779779
-682.57887,432,78930.075606
-659.730256,432,78930.373875
-396.547509,432,78930.668338
-65.064714,432,78930.902416
4.475565,432,78931.15398
5.857681,432,78931.405723
-8.744576,432,78931.64586
-10.391854,432,78931.883117
-583.583153,432,78932.67223
-361.807531,432,78932.965684
-640.7233,432,78933.353568
-394.090073,432,78933.657048
-430.570856,432,78933.955816
-270.836272,432,78934.262162
-538.945252,432,78934.562721
-502.48432,432,78934.866758
-538.231635,432,78935.164264
-418.961471,432,78935.470896
-312.501544,432,78935.783779
-466.044151,432,78936.100016
-324.870056,432,78936.398698
-661.742909,432,78936.702064
-371.280754,432,78937.007323
-323.786838,432,78937.321609
-450.279375,432,78937.622228
-312.55181,432,78937.927782
-317.86809,432,78938.22198
-295.972521,432,78938.514018
-287.624918,432,78938.81789
-349.614568,432,78939.122465
-353.919223,432,78939.426412
-341.12884,432,78939.728944
-105.595135,432,78940.035698
-606.895641,432,78940.341198
-443.069934,432,78940.640562
-641.439383,432,78940.936068
-311.584184,432,78941.229405
-419.630974,432,78941.535743
-382.735272,432,78941.839212
-660.580706,432,78942.15072
-273.304623,432,78943.018077
-227.84024,432,78943.330754
-174.204002,432,78943.673699
-312.360352,432,78943.984619
-249.032585,432,78944.281846
-368.537333,432,78944.616219
-549.471769,432,78944.925887
-619.740149,432,78945.232621
-419.052552,432,78945.535563
-335.940233,432,78945.838251
-193.929744,432,78946.137986
-434.537111,432,78946.437318
-300.677212,432,78946.76194
-351.031114,432,78947.068922
-298.120082,432,78947.368214
-361.215228,432,78947.679003
-498.323529,432,78947.978674
-337.850615,432,78948.278348
-727.760256,432,78948.578273
-217.587696,432,78948.879933
-383.703209,432,78949.184357
-545.437181,432,78949.486274
-238.859763,432,78949.788942
-508.991058,432,78950.083984
-227.95922,432,78950.388362
-424.777854,432,78950.691892
-337.61718,432,78950.996641
-608.920378,432,78951.302398
-416.450896,432,78951.61614
-295.358706,432,78951.923959
-707.008785,432,78952.232844
-253.807544,432,78952.540279
-43.375315,432,78952.783291
-19.895602,432,78953.023508
-29.743654,432,78953.261363
-5.487718,432,78953.503319
-26.596756,432,78953.738038
-498.280413,432,78954.585928
-299.23376,432,78954.902321
-378.757674,432,78955.235719
-458.14217,432,78955.535073
-428.45048,432,78955.873941
-529.960473,432,78956.175753
-141.660308,432,78956.478987
-482.730241,432,78956.784129
-183.964623,432,78957.094042
-374.527686,432,78957.397969
-384.558284,432,78957.700073
-525.854156,432,78958.002635
-124.823468,432,78958.307642
-304.674066,432,78958.609068
-264.119084,432,78958.91024
-83.248679,432,78959.213223
-368.261895,432,78959.512643
-366.566833,432,78959.830624
-167.150625,432,78960.150637
-181.040247,432,78960.463173
-386.243649,432,78960.77689
-189.137323,432,78961.07377
-205.21209,432,78961.37797
-263.034201,432,78961.686669
-223.232551,432,78961.997058
-389.770616,432,78962.300651
-289.291072,432,78962.601239
-194.843646,432,78962.914457
-111.961073,432,78963.217373
-158.644686,432,78963.520038
-494.612777,432,78963.83319
-415.075756,432,78964.141633
-442.038793,432,78964.924172
-381.716833,432,78965.22214
-331.324456,432,78965.584315
-273.121016,432,78965.898019
-185.680203,432,78966.204744
-405.341011,432,78966.520412
-368.461712,432,78966.834782
-142.486583,432,78967.139838
-409.704647,432,78967.44974
-120.552623,432,78967.755071
-443.044548,432,78968.06366
-52.046884,432,78968.381371
-183.663035,432,78968.689357
-229.746579,432,78968.997963
-408.434869,432,78969.36445
-242.325081,432,78969.668195
-469.88536,432,78969.993938
-278.774598,432,78970.293857
-177.009582,432,78970.630856
-237.443438,432,78970.943737
-402.457755,432,78971.253402
-120.321094,432,78971.561045
-286.147488,432,78971.864922
-373.78543,432,78972.178116
-81.815309,432,78972.484168
-592.463598,432,78972.789908
-349.70584,432,78973.096624
-320.642814,432,78973.392231
-255.358988,432,78973.690858
-156.859991,432,78973.985865
-325.692545,432,78974.295346
-208.125052,432,78974.602515
-20.202306,432,78974.848983
-13.019362,432,78975.091809
-9.171443,432,78975.333667
-2.886748,432,78975.579367
-42.109125,432,78975.824191
-518.230572,432,78976.648417
-105.394282,432,78976.948767
-162.325907,432,78977.29112
-202.471446,432,78977.606758
-234.609748,432,78977.922943
-112.635323,432,78978.230366
-371.30683,432,78978.541122
-366.466963,432,78978.851861
-295.199244,432,78979.157871
-114.905794,432,78979.465568
-243.153591,432,78979.774104
-109.325126,432,78980.078038
-171.717263,432,78980.388484
-219.214596,432,78980.702715
-229.631296,432,78981.040221
-115.381895,432,78981.421797
-117.817382,432,78981.722351
-78.046961,432,78982.017121
-96.180559,432,78982.318709
-180.877174,432,78982.616043
-489.690227,432,78982.963625
-273.079508,432,78983.324247
-333.737449,432,78983.6963
-95.501033,432,78984.072332
-464.893145,432,78984.406382
-309.282202,432,78984.707259
-175.785373,432,78985.004234
-290.500105,432,78985.302995
-249.777059,432,78985.598872
-251.393902,432,78985.897465
-170.294536,432,78986.205818
-518.262685,432,78986.502503
-275.62627,432,78987.302869
-371.42571,432,78987.597331
-123.836957,432,78987.93955
-352.811202,432,78988.242032
-193.15191,432,78988.541522
-102.10518,432,78988.841375
-256.405915,432,78989.135392
-184.735976,432,78989.430492
-82.189744,432,78989.728306
-291.667662,432,78990.025043
-244.553898,432,78990.321575
-273.369768,432,78990.619698
-104.517719,432,78990.936085
-149.048512,432,78991.245116
-225.036882,432,78991.540643
-99.960492,432,78991.843549
-163.962429,432,78992.136119
-184.501809,432,78992.429397
-125.64156,432,78992.732908
-164.371344,432,78993.042341
-229.083784,432,78993.336415
-192.42795,432,78993.630085
-176.797012,432,78993.922016
-193.353937,432,78994.23068
-127.974552,432,78994.533472
-92.8715,432,78994.829762
-129.986662,432,78995.123897
-445.91972,432,78995.421664
-186.113085,432,78995.714811
-83.795968,432,78996.006687
-51.138258,432,78996.303816
-293.459776,432,78996.601497
-30.900454,432,78996.838122
-41.927402,432,78997.073678
-31.438956,432,78997.321523
-16.235188,432,78997.566178
-27.474355,432,78997.819602
-127.246365,432,78998.649773
-301.938026,432,78998.945864
-106.317369,432,78999.274665
-68.250554,432,78999.60685
-95.952679,432,78999.952336
-95.497105,432,79000.273004
-176.123638,432,79000.57938
-73.363044,432,79000.87499
-117.417323,432,79001.168927
-148.14378,432,79001.471712
-348.703601,432,79001.765662
-271.645514,432,79002.065479
-218.148693,432,79002.376784
-239.190234,432,79002.67982
-146.313356,432,79003.023212
-406.115751,432,79003.360299
-284.612193,432,79003.681045
-180.138929,432,79004.001595
-20.808775,432,79004.329343
-138.220278,432,79004.626886
-116.468372,432,79004.925453
-149.739148,432,79005.223157
-316.949069,432,79005.518704
-198.866506,432,79005.814925
-375.204092,432,79006.123507
-83.128056,432,79006.445875
-164.681713,432,79006.748116
-132.106655,432,79007.068258
-136.269959,432,79007.420342
-226.858588,432,79007.720479
-319.566176,432,79008.023283
-145.372975,432,79008.315829
-241.204179,432,79009.104686
-197.776142,432,79009.407045
-343.305629,432,79009.759321
-315.89713,432,79010.063912
-210.192067,432,79010.381413
-134.916442,432,79010.705799
-331.372299,432,79011.010694
-262.232465,432,79011.311327
-259.974169,432,79011.610476
-56.458621,432,79011.906415
-1.35723,432,79012.204314
-72.730411,432,79012.503702
-220.372013,432,79012.800545
-97.838266,432,79013.097863
-112.079927,432,79013.391449
-181.808694,432,79013.688826
-53.136317,432,79013.9861
-276.978764,432,79014.300982
-98.773837,432,79014.598803
-102.239505,432,79014.899699
-68.569527,432,79015.195148
-282.255351,432,79015.491162
-74.915324,432,79015.785642
-131.894391,432,79016.078799
-126.427147,432,79016.371098
-109.272199,432,79016.667535
-59.641813,432,79016.961377
-223.314141,432,79017.254933
-525.155318,432,79017.55219
-121.892395,432,79017.851489
-455.420013,432,79018.147521
-86.814576,432,79018.444969
-29.601818,432,79018.679846
-9.712743,432,79018.912626
-15.649727,432,79019.173679
-2.28253,432,79019.410708
-3.284918,432,79019.647926
-211.390698,432,79020.481946
-3.610223,432,79020.774853
-76.122,432,79021.105215
-125.508416,432,79021.401726
-202.654651,432,79021.711244
-209.363255,432,79022.029191
-99.69082,432,79022.329001
-288.635139,432,79022.631917
-105.211369,432,79022.929151
-105.682344,432,79023.223906
-115.114283,432,79023.517973
-272.489835,432,79023.828731
-42.047439,432,79024.134949
-0.562567,432,79024.42919
-147.813651,432,79024.789618
-326.984661,432,79025.109841
-74.085915,432,79025.418651
-318.825666,432,79025.712591
-46.354023,432,79026.006547
-211.912497,432,79026.302237
-218.300236,432,79026.603341
-105.145668,432,79026.900792
-97.821543,432,79027.195441
-59.762455,432,79027.490981
-406.150231,432,79027.784169
-32.302582,432,79028.080707
-96.752224,432,79028.379914
-113.563679,432,79028.671314
-106.823218,432,79028.96428
-18.66002,432,79029.263524
-76.978649,432,79029.555669
-46.009251,432,79029.850157
1.764937,432,79030.635405
-92.501665,432,79030.931789
-49.391554,432,79031.265181
-246.887387,432,79031.559126
-87.594698,432,79031.853124
5.566514,432,79032.147643
-147.275642,432,79032.441885
-379.205304,432,79032.740165
-79.090701,432,79033.038096
1.630053,432,79033.336058
-111.016217,432,79033.635503
-27.548163,432,79033.932234
-153.379326,432,79034.225447
-158.706814,432,79034.519352
-243.740389,432,79034.822413
-304.261205,432,79035.117344
-213.031698,432,79035.410778
-58.264283,432,79035.707154
-231.540213,432,79036.004415
-202.550243,432,79036.302924
-79.504605,432,79036.599821
-85.566302,432,79036.891036
-134.737681,432,79037.184183
-354.138313,432,79037.479955
-44.699675,432,79037.778517
-73.982136,432,79038.103629
-67.248717,432,79038.414564
-135.77181,432,79038.709607
-138.618181,432,79039.004149
-38.946367,432,79039.303215
-78.017977,432,79039.599843
-231.863267,432,79039.894567
-46.42261,432,79040.130648
-30.705866,432,79040.378967
-42.343298,432,79040.621467
-18.798225,432,79040.853721
-49.073773,432,79041.087033
-41.581198,432,79041.898641
-47.887821,432,79042.194796
-12.139636,432,79042.533474
-82.985282,432,79042.825671
-5.965728,432,79043.118798
77.812874,432,79043.414636
-76.207992,432,79043.708861
-165.478278,432,79044.004276
-255.435902,432,79044.299254
-42.33287,432,79044.596114
-26.468285,432,79044.891939
22.337248,432,79045.186662
-219.096021,432,79045.481539
-76.721225,432,79045.778841
-185.093511,432,79046.075049
-274.288111,432,79046.372482
-8.164829,432,79046.680148
-262.370966,432,79046.978542
-106.138308,432,79047.275733
-42.059453,432,79047.567995
-44.829556,432,79047.864597
81.585032,432,79048.162728
25.643343,432,79048.456958
-84.768603,432,79048.753477
-40.226514,432,79049.046031
-61.573963,432,79049.34099
-48.700459,432,79049.63602
2.583211,432,79049.930737
36.904724,432,79050.224949
-41.80577,432,79050.522861
-208.030676,432,79050.817518
-151.014597,432,79051.112695
16.145039,432,79051.897353
-189.902158,432,79052.189525
-160.658431,432,79052.580298
-329.343771,432,79052.875348
-0.858078,432,79053.178257
-144.197083,432,79053.483215
-363.261556,432,79053.789693
-19.044472,432,79054.097118
-114.437608,432,79054.408474
22.295413,432,79054.710635
-23.510809,432,79055.010476
17.075191,432,79055.303528
-87.005645,432,79055.600597
-107.035499,432,79055.895653
-141.054198,432,79056.190758
-48.333385,432,79056.487798
-33.540857,432,79056.794344
-9.103885,432,79057.097997
-54.157131,432,79057.399704
-122.790282,432,79057.709839
-122.506118,432,79058.013894
-81.139527,432,79058.318148
-278.420942,432,79058.630735
-57.01306,432,79058.930928
-68.595593,432,79059.238044
-320.479138,432,79059.539807
60.80197,432,79059.831358
-32.917664,432,79060.123093
-108.548606,432,79060.423428
2.490476,432,79060.722813
-185.997643,432,79061.018072
-184.956716,432,79061.313151
-15.48629,432,79061.548616
-15.455071,432,79061.782269
-37.758729,432,79062.016411
-14.586205,432,79062.24948
-3.438577,432,79062.484196
-242.505858,432,79063.252903
-71.292739,432,79063.546572
9.187024,432,79063.882678
-47.50345,432,79064.17686
-51.086398,432,79064.471101
-26.425998,432,79064.773941
-6.658353,432,79065.081738
-9.163274,432,79065.382873
-39.316193,432,79065.681232
49.700807,432,79065.978186
-26.785074,432,79066.28044
18.624716,432,79066.582468
-60.473035,432,79066.87748
-6.957805,432,79067.171776
-51.067666,432,79067.466355
-26.317995,432,79067.764543
-21.232562,432,79068.062127
-213.953883,432,79068.355147
-42.229058,432,79068.647059
-126.601146,432,79068.955417
66.613152,432,79069.256251
-71.51603,432,79069.552065
-215.090978,432,79069.847451
-264.336616,432,79070.143312
-19.330252,432,79070.437374
-20.085223,432,79070.739844
-190.832036,432,79071.050911
-67.020125,432,79071.358781
-9.195837,432,79071.654431
-169.603798,432,79071.949786
-32.084097,432,79072.245918
-6.029694,432,79072.543191
-154.317627,432,79073.323992
-51.884503,432,79073.6362
-207.607981,432,79073.971107
-56.986518,432,79074.275403
-37.401995,432,79074.580136
34.729496,432,79074.886387
-199.558625,432,79075.189059
-321.554466,432,79075.483059
-160.605047,432,79075.777741
32.13585,432,79076.069862
37.321251,432,79076.373053
-164.264506,432,79076.666514
-33.081206,432,79076.964621
-256.637652,432,79077.286461
-2.197683,432,79077.594152
-109.625235,432,79077.903314
-80.966208,432,79078.199402
46.659074,432,79078.50877
11.818552,432,79078.82335
-119.100426,432,79079.128808
58.490822,432,79079.433636
-224.900622,432,79079.733461
18.972725,432,79080.085656
-31.347239,432,79080.4005
-62.443493,432,79080.696714
-18.325924,432,79080.993401
-29.676567,432,79081.299075
19.868754,432,79081.649424
-71.578547,432,79081.986217
-47.149339,432,79082.279892
4.155927,432,79082.575471
21.53207,432,79082.900266
-26.316207,432,79083.13719
-40.328107,432,79083.401645
-17.113059,432,79083.637454
-47.6704,432,79083.873843
-2.420132,432,79084.106606
-168.196107,432,79084.914851
-68.000213,432,79085.226478
54.28305,432,79085.565656
-136.142489,432,79085.858314
-61.317139,432,79086.150397
92.855587,432,79086.44868
-41.094341,432,79086.753693
-172.375872,432,79087.059802
35.891974,432,79087.351663
-66.280526,432,79087.644953
9.293649,432,79087.938664
-119.020812,432,79088.241682
-87.253817,432,79088.542077
-80.026222,432,79088.836557
-107.484583,432,79089.131774
35.442856,432,79089.430162
-3.316061,432,79089.725684
41.156183,432,79090.029275
11.071736,432,79090.341088
-73.872449,432,79090.638581
3.421191,432,79090.955662
-1.850198,432,79091.366929
33.457086,432,79091.671296
-3.962635,432,79091.987936
23.512266,432,79092.350491
-192.142629,432,79092.668618
-15.160299,432,79092.980208
94.434331,432,79093.309454
-22.982413,432,79093.640146
-149.120936,432,79093.945251
33.258039,432,79094.242113
-192.547395,432,79094.578704
13.555599,432,79095.425685
-145.191291,432,79095.721817
21.48619,432,79096.054234
59.5967,432,79096.360697
-95.221279,432,79096.656536
-18.262881,432,79096.95075
-9.997829,432,79097.251197
-18.506423,432,79097.549484
-115.108522,432,79097.851721
-3.96662,432,79098.148735
-157.393546,432,79098.444358
-32.201899,432,79098.740626
-271.331216,432,79099.038057
-85.439889,432,79099.332818
-19.760815,432,79099.629026
-39.0233,432,79099.935344
23.803041,432,79100.258406
-105.038847,432,79100.561907
-33.823147,432,79100.86717
-19.428285,432,79101.180047
10.25356,432,79101.48263
-26.746194,432,79101.790409
-34.954245,432,79102.099104
16.04707,432,79102.405412
-62.774775,432,79102.713294
37.63308,432,79103.008413
-268.972437,432,79103.300709
-116.893887,432,79103.593053
-68.666387,432,79103.895864
-280.459217,432,79104.19358
-18.690307,432,79104.48887
32.347445,432,79104.796228
-25.778446,432,79105.050814
-23.918084,432,79105.309592
-5.17811,432,79105.570072
-27.552008,432,79105.823611
-19.207285,432,79106.065672
-73.538903,432,79106.998813
7.085552,432,79107.453816
9.64942,432,79107.785773
0.92678,432,79108.083339
-13.764438,432,79108.38384
25.288644,432,79108.678007
-79.383697,432,79108.974934
36.163035,432,79109.272035
-12.356304,432,79109.579652
-44.593558,432,79109.883922
-151.98725,432,79110.181136
-70.647328,432,79110.47557
-117.471397,432,79110.776373
36.624666,432,79111.084273
38.06815,432,79111.385051
-72.359846,432,79111.679162
4.968655,432,79111.974803
-81.878422,432,79112.271034
17.985573,432,79112.563836
52.524209,432,79112.856627
-9.123628,432,79113.149932
-0.00014,432,79113.443922
-219.499709,432,79113.73672
-17.141661,432,79114.029526
-17.760681,432,79114.330827
-8.394391,432,79114.627089
-53.689697,432,79114.923985
-30.120667,432,79115.221031
27.290779,432,79115.513309
43.329722,432,79115.80394
61.296669,432,79116.096834
-3.070849,432,79116.399839
-81.685596,432,79117.17917
106.553005,432,79117.472769
-17.659037,432,79117.811511
30.234547,432,79118.103381
-15.712333,432,79118.394739
43.091294,432,79118.689426
-65.84991,432,79118.98252
19.882803,432,79119.274527
-13.785446,432,79119.566727
32.431643,432,79119.861373
-0.73632,432,79120.15906
7.491386,432,79120.453939
-36.879524,432,79120.747751
-36.722055,432,79121.042299
28.293906,432,79121.339618
72.083934,432,79121.637686
-0.576087,432,79121.932596
62.989934,432,79122.226756
-238.475989,432,79122.52117
-65.268026,432,79122.8142
-5.576771,432,79123.10694
-123.646233,432,79123.400544
41.715306,432,79123.693448
-39.789332,432,79123.986694
0.758284,432,79124.281163
7.399584,432,79124.573722
-86.495548,432,79124.867429
15.865666,432,79125.171328
106.921987,432,79125.470738
59.224183,432,79125.772894
12.500906,432,79126.080416
-56.823309,432,79126.389281
-7.334483,432,79126.625051
-25.129499,432,79126.857573
-14.73181,432,79127.090424
-15.709602,432,79127.3421
-12.829974,432,79127.593226
28.994032,432,79128.403905
-37.547607,432,79128.696775
-39.162698,432,79129.035757
105.797847,432,79129.333693
-102.119859,432,79129.633901
-42.188446,432,79129.926943
47.608232,432,79130.219367
84.243931,432,79130.512304
-7.649252,432,79130.802954
-83.629044,432,79131.095411
65.743592,432,79131.387444
24.949579,432,79131.679209
-92.261034,432,79131.972278
11.101925,432,79132.268355
30.552429,432,79132.565775
-25.19185,432,79132.856013
0.639704,432,79133.150937
34.86951,432,79133.447989
49.776946,432,79133.744407
27.81919,432,79134.040555
-19.288095,432,79134.34991
39.639197,432,79134.647297
-55.037025,432,79134.937943
54.577441,432,79135.230936
86.516247,432,79135.524262
31.358094,432,79135.81718
62.986763,432,79136.108531
23.430776,432,79136.40137
9.658305,432,79136.694233
56.035939,432,79136.987503
-287.032698,432,79137.283365
66.743293,432,79137.575154
-11.791436,432,79138.371073
-28.984461,432,79138.672666
-209.545576,432,79139.009781
-26.254757,432,79139.308783
0.348952,432,79139.602736
13.395627,432,79139.905498
-19.934384,432,79140.205172
8.565533,432,79140.504395
-176.548593,432,79140.813445
-48.919819,432,79141.109081
42.753963,432,79141.403436
48.257629,432,79141.697654
34.620117,432,79141.990712
68.193759,432,79142.286063
6.461885,432,79142.582463
16.12056,432,79142.877294
-184.927165,432,79143.170863
6.177734,432,79143.464614
-129.05567,432,79143.759317
-9.681789,432,79144.05455
13.331353,432,79144.34997
44.500183,432,79144.644156
-185.713494,432,79144.936787
-46.931158,432,79145.231062
58.382681,432,79145.524823
52.325681,432,79145.817518
-110.235295,432,79146.108431
-72.14146,432,79146.400863
-59.874245,432,79146.703341
169.491428,432,79147.011995
-43.482552,432,79147.311581
-78.250533,432,79147.606576
-15.010582,432,79147.844236
-7.371258,432,79148.080801
-8.776276,432,79148.31715
-17.223007,432,79148.553252
-44.943678,432,79148.789246
31.867071,432,79149.587062
-89.485982,432,79149.879021
-19.051521,432,79150.203945
-138.508187,432,79150.497899
-377.220824,432,79150.799278
-26.452277,432,79151.091088
10.092655,432,79151.390016
14.056208,432,79151.685471
-25.113548,432,79151.978956
-49.178752,432,79152.272825
-4.479762,432,79152.564527
81.65053,432,79152.857432
-19.319077,432,79153.150717
-38.445999,432,79153.45243
-15.466685,432,79153.751588
-30.225677,432,79154.049447
-3.132793,432,79154.344917
94.81765,432,79154.669473
35.899189,432,79154.971311
-26.802852,432,79155.278254
-241.889159,432,79155.584075
-14.625196,432,79155.891484
-22.557308,432,79156.197589
37.576653,432,79156.494013
-17.716891,432,79156.789527
21.196563,432,79157.079313
101.540455,432,79157.369541
8.602554,432,79157.666337
134.724021,432,79157.964206
-17.346476,432,79158.259748
41.569537,432,79158.556101
-3.047328,432,79158.851331
61.317381,432,79159.637877
-64.076144,432,79159.931585
28.131252,432,79160.272575
5.154264,432,79160.565965
51.123072,432,79160.856448
7.534263,432,79161.149984
52.708636,432,79161.441734
-68.298396,432,79161.734074
-224.911497,432,79162.027472
-10.24061,432,79162.321923
30.020225,432,79162.615954
16.246692,432,79162.907119
32.007327,432,79163.200151
-39.102902,432,79163.49182
-15.061322,432,79163.784024
47.755104,432,79164.075312
-7.368597,432,79164.370108
18.124426,432,79164.662888
38.736059,432,79164.953717
2.63299,432,79165.245745
39.461134,432,79165.538226
68.084796,432,79165.840383
28.822547,432,79166.1475
-16.466699,432,79166.456506
-13.978205,432,79166.761578
18.403614,432,79167.054409
-12.045268,432,79167.352461
-33.76259,432,79167.645552
117.336325,432,79167.946368
43.908772,432,79168.244784
-213.43222,432,79168.541905
74.904019,432,79168.840915
-32.252122,432,79169.075437
-8.345929,432,79169.310537
-45.75885,432,79169.54453
-43.903631,432,79169.777858
-25.305395,432,79170.017258
29.139378,432,79170.784872
1.645976,432,79171.077995
-0.127998,432,79171.408906
-204.075024,432,79171.714466
-89.591292,432,79172.007398
80.143131,432,79172.302363
47.331182,432,79172.599268
78.263161,432,79172.903162
54.999663,432,79173.19369
-227.115039,432,79173.487142
79.296105,432,79173.78159
-39.371084,432,79174.074707
-21.758879,432,79174.367059
-186.721352,432,79174.66116
19.536912,432,79174.955617
17.5536,432,79175.25469
-200.727195,432,79175.549895
-5.633913,432,79175.856046
26.086549,432,79176.14756
40.951994,432,79176.438905
43.294773,432,79176.731454
7.327421,432,79177.023482
-131.34088,432,79177.318232
-24.999958,432,79177.609456
101.583606,432,79177.902713
64.767868,432,79178.194606
-140.908403,432,79178.486274
-162.122019,432,79178.780225
-10.028905,432,79179.07279
107.352874,432,79179.365306
-16.659824,432,79179.657291
-32.142517,432,79179.949606
-37.065666,432,79180.730098
-0.029415,432,79181.021142
62.204013,432,79181.356702
5.26524,432,79181.664707
-0.055761,432,79181.959809
16.900094,432,79182.253959
53.378437,432,79182.562081
-0.618715,432,79182.869802
1.74818,432,79183.177691
-77.598261,432,79183.484435
-2.45283,432,79183.792249
49.712578,432,79184.10031
-105.64155,432,79184.397913
-25.885819,432,79184.690886
63.881972,432,79184.986144
-27.649034,432,79185.281195
96.680271,432,79185.57959
11.214661,432,79185.887006
10.450041,432,79186.182353
48.873297,432,79186.477764
-148.495522,432,79186.770745
-43.280668,432,79187.065134
-47.147956,432,79187.366144
-35.263309,432,79187.660138
-181.618551,432,79187.95219
-38.547544,432,79188.244544
35.13288,432,79188.537944
32.820449,432,79188.833406
104.762828,432,79189.141262
37.457397,432,79189.44999
-22.961642,432,79189.744165
-58.021594,432,79190.04688
-7.15638,432,79190.29979
-15.921578,432,79190.547535
-15.361253,432,79190.782419
-9.971744,432,79191.016984
-11.659063,432,79191.251192
23.149031,432,79192.029328
98.653471,432,79192.321837
-205.135831,432,79192.653492
16.43582,432,79192.945662
-43.288433,432,79193.23781
31.073402,432,79193.533536
-13.863839,432,79193.828888
94.409583,432,79194.125514
73.417885,432,79194.465611
24.302851,432,79194.817302
57.910641,432,79195.124757
-13.024708,432,79195.467553
-24.478686,432,79195.76519
90.110587,432,79196.05674
60.770948,432,79196.349602
-4.134474,432,79196.643217
-103.913538,432,79196.943751
7.066555,432,79197.240433
-18.166402,432,79197.534743
18.550239,432,79197.825929
29.803525,432,79198.118005
98.594354,432,79198.412628
122.57925,432,79198.704226
-40.717173,432,79198.997822
137.131014,432,79199.294483
78.078223,432,79199.596662
4.946792,432,79199.887634
40.024838,432,79200.178148
-17.027175,432,79200.470529
-5.873062,432,79200.762957
43.786648,432,79201.054924
75.423357,432,79201.348071
82.373294,432,79202.126115
-122.230107,432,79202.417218
35.478842,432,79202.757348
-21.84002,432,79203.053099
-12.548418,432,79203.34693
5.266733,432,79203.640402
73.430204,432,79203.932644
-80.603563,432,79204.225751
-167.727266,432,79204.521731
-26.135897,432,79204.814163
36.353542,432,79205.107591
84.718788,432,79205.420528
23.39598,432,79205.715931
-115.483407,432,79206.007868
-41.502834,432,79206.300271
14.17203,432,79206.600921
44.606383,432,79206.909293
-13.49186,432,79207.217893
-12.287458,432,79207.514749
20.755526,432,79207.818371
22.3281,432,79208.10866
51.153849,432,79208.417837
32.386603,432,79208.724498
12.405062,432,79209.032308
6.693979,432,79209.329006
-19.107271,432,79209.623442
99.109961,432,79209.930251
-19.574635,432,79210.238964
31.415451,432,79210.546648
27.891381,432,79210.846721
10.374983,432,79211.154871
7.712669,432,79211.462454
-37.981314,432,79211.710572
-3.060443,432,79211.944397
-30.323311,432,79212.176452
-14.97073,432,79212.413072
-12.399914,432,79212.64838
-24.300622,432,79213.44649
-28.84419,432,79213.739369
45.981055,432,79214.076293
8.100479,432,79214.373741
64.397698,432,79214.671913
55.056161,432,79214.967815
-18.0781,432,79215.264781
-9.181947,432,79215.560825
25.632265,432,79215.859995
13.231169,432,79216.154948
26.772313,432,79216.467895
49.409033,432,79216.764978
38.303744,432,79217.058212
-30.159747,432,79217.358021
-32.670366,432,79217.650878
58.146431,432,79217.943213
45.236324,432,79218.234651
-32.88564,432,79218.524754
-48.70376,432,79218.816236
-58.559981,432,79219.106673
64.935541,432,79219.400454
78.801265,432,79219.692246
-0.839901,432,79219.985129
-140.891948,432,79220.277425
-40.01213,432,79220.569141
25.545603,432,79220.86126
-58.98378,432,79221.154809
78.592311,432,79221.46535
0.860856,432,79221.761481
-5.047803,432,79222.067693
-111.511632,432,79222.371542
-26.459836,432,79222.667125
-7.786269,432,79223.466507
125.075315,432,79223.757788
50.218638,432,79224.092592
90.568081,432,79224.388075
-39.498942,432,79224.68164
11.619029,432,79224.974049
-61.96522,432,79225.26917
-8.624381,432,79225.562388
-161.22351,432,79225.856604
20.279496,432,79226.151335
152.564407,432,79226.449316
164.876212,432,79226.740267
26.374654,432,79227.031457
-20.254565,432,79227.323439
62.514322,432,79227.614031
21.995581,432,79227.90519
128.435904,432,79228.199535
99.161343,432,79228.491862
22.839704,432,79228.78352
36.844521,432,79229.075419
69.555908,432,79229.368779
-14.898645,432,79229.662091
135.405651,432,79229.95243
-7.515229,432,79230.242864
-24.986767,432,79230.539114
8.505933,432,79230.845992
0.530787,432,79231.149582
2.208091,432,79231.444834
20.669449,432,79231.73772
86.031245,432,79232.031121
-56.354225,432,79232.323166
8.906084,432,79232.617381
-8.906715,432,79232.851872
-34.312534,432,79233.086541
-49.540293,432,79233.320954
-49.771893,432,79233.554798
-7.297755,432,79233.78872
-46.004659,432,79234.565968
-6.147564,432,79234.860456
108.835514,432,79235.19817
11.099246,432,79235.492854
-11.37,432,79235.796495
67.132496,432,79236.091177
-36.437011,432,79236.385214
76.31563,432,79236.679585
107.040451,432,79236.974113
-3.454062,432,79237.268291
-38.418975,432,79237.603385
79.638498,432,79237.895375
42.321181,432,79238.186708
-30.697748,432,79238.479457
114.704321,432,79238.772243
48.144456,432,79239.066042
53.62386,432,79239.358737
143.949383,432,79239.650679
62.264,432,79239.946605
126.822114,432,79240.242396
20.412941,432,79240.536376
-3.776179,432,79240.828693
19.585515,432,79241.12076
-26.989341,432,79241.412204
3.721872,432,79241.70473
117.295905,432,79241.996902
-13.700345,432,79242.289566
-88.206497,432,79242.58763
131.599144,432,79242.881669
-107.530462,432,79243.178968
-25.502015,432,79243.488537
39.862371,432,79243.797999
42.518131,432,79244.572077
68.140738,432,79244.866018
94.84138,432,79245.204523
86.599783,432,79245.499738
8.487281,432,79245.794266
75.690493,432,79246.097639
56.993674,432,79246.392627
-153.57293,432,79246.685957
46.93624,432,79246.979705
-106.015507,432,79247.272253
-3.114177,432,79247.564989
-23.709525,432,79247.855494
-7.365866,432,79248.146522
-51.146206,432,79248.448421
11.759826,432,79248.75332
8.957897,432,79249.057115
-9.334328,432,79249.351033
-33.001076,432,79249.645666
58.938446,432,79249.938461
66.526795,432,79250.233898
55.716394,432,79250.55219
28.88841,432,79250.866838
-18.583542,432,79251.162889
-14.875944,432,79251.46055
-31.021577,432,79251.772446
-20.769585,432,79252.072901
-6.150119,432,79252.380148
112.452672,432,79252.673795
11.736236,432,79252.978638
-60.346125,432,79253.28457
-15.890122,432,79253.588121
30.115374,432,79253.884075
-21.266726,432,79254.119377
-17.89359,432,79254.390877
-6.411016,432,79254.628829
0.0,432,79254.878059
-1.498746,432,79255.185134
52.604765,432,79255.97785
28.443503,432,79256.272928
31.843684,432,79256.65667
59.849917,432,79256.962658
-27.986814,432,79257.271236
31.93642,432,79257.617142
13.370482,432,79257.923511
-35.986473,432,79258.235409
70.972271,432,79258.550134
71.534398,432,79258.854198
43.066382,432,79259.154809
-5.67599,432,79259.472375
30.900112,432,79259.771209
22.375333,432,79260.068579
15.134264,432,79260.361255
60.626096,432,79260.654902
1.464921,432,79260.947792
158.416973,432,79261.244342
25.141746,432,79261.540194
-19.0628,432,79261.902786
84.83664,432,79262.208315
-7.930173,432,79262.517804
6.664382,432,79262.830114
5.69465,432,79263.126589
-5.003449,432,79263.426039
-124.51952,432,79263.72106
-39.797319,432,79264.022182
-3.60092,432,79264.327028
-30.819825,432,79264.630994
72.792694,432,79264.944166
-43.000601,432,79265.246538
54.202684,432,79265.546026
45.318335,432,79266.436033
-86.140006,432,79266.823474
-25.362753,432,79267.156656
133.77882,432,79267.464409
-14.923225,432,79267.764963
-18.940411,432,79268.056077
52.437993,432,79268.348739
9.111716,432,79268.65311
28.293368,432,79268.949597
32.501788,432,79269.260421
50.797756,432,79269.593428
42.404762,432,79269.885561
99.374452,432,79270.178439
129.662045,432,79270.471148
148.751456,432,79270.771698
45.095252,432,79271.066144
-46.109164,432,79271.363559
26.531631,432,79271.654681
-24.412457,432,79271.964576
17.751437,432,79272.372701
7.080528,432,79272.707372
-140.593761,432,79273.019787
42.727356,432,79273.36323
47.766046,432,79273.731156
19.813713,432,79274.048189
-8.39429,432,79274.356205
-21.8841,432,79274.653485
-23.960278,432,79274.986215
-5.609885,432,79275.303603
-22.069278,432,79275.616939
7.507406,432,79275.919222
-59.03085,432,79276.226891
-22.77008,432,79276.472909
-29.78709,432,79276.704311
-4.67068,432,79276.93866
-29.479671,432,79277.170191
-38.497744,432,79277.436349
42.743303,432,79278.228693
7.73329,432,79278.51961
-176.207175,432,79278.84865
67.880566,432,79279.136666
135.621125,432,79279.425596
-20.887192,432,79279.714932
-14.195284,432,79280.004748
-14.245086,432,79280.305479
77.730682,432,79280.596458
-89.45152,432,79280.893366
25.434239,432,79281.186505
43.917677,432,79281.473826
47.224024,432,79281.789552
-14.651027,432,79282.101736
15.625553,432,79282.400575
-129.662421,432,79282.728848
24.280577,432,79283.019082
-0.554877,432,79283.313143
-13.116051,432,79283.606902
111.03276,432,79283.902909
-121.193316,432,79284.194786
-14.719766,432,79284.489401
27.426348,432,79284.782716
0.598108,432,79285.074261
-87.384928,432,79285.39268
41.443339,432,79285.729101
60.20228,432,79286.041052
-29.839936,432,79286.354967
36.271499,432,79286.660739
67.225017,432,79286.954442
-109.522433,432,79287.250999
88.190423,432,79287.543911
56.52071,432,79288.321575
54.179597,432,79288.613201
188.665257,432,79289.081651
7.447244,432,79289.429321
-144.29288,432,79289.755331
35.076867,432,79290.06305
121.538525,432,79290.358927
27.296883,432,79290.652416
-15.453717,432,79290.950648
-166.373802,432,79291.245726
57.321742,432,79291.541423
-33.59339,432,79291.833846
38.108811,432,79292.145711
31.714923,432,79292.454167
14.648214,432,79292.756169
22.620665,432,79293.051326
-11.638945,432,79293.346526
7.492525,432,79293.64126
18.841837,432,79293.946249
-16.304553,432,79294.320928
11.219381,432,79294.65547
-52.102746,432,79294.99889
7.10138,432,79295.376188
62.767162,432,79295.691344
77.708615,432,79295.987307
24.81303,432,79296.285712
-74.1314,432,79296.579521
69.721993,432,79296.886606
8.096897,432,79297.188367
73.287607,432,79297.486239
-23.795723,432,79297.798585
107.612213,432,79298.091793
0.0,432,79298.328504
-38.589184,432,79298.575748
-42.239137,432,79298.831372
-30.843346,432,79299.072094
-50.94905,432,79299.310643
5.860331,432,79300.136268
-9.903144,432,79300.437321
-37.607797,432,79300.785553
80.476618,432,79301.082675
52.804716,432,79301.376802
-4.498981,432,79301.677877
-16.863304,432,79301.978181
20.324248,432,79302.274483
20.426096,432,79302.57246
-22.045316,432,79302.872632
-27.239472,432,79303.166814
29.397029,432,79303.460951
-32.470406,432,79303.783079
3.020462,432,79304.085165
9.45489,432,79304.41778
-51.812016,432,79304.724897
97.955466,432,79305.030611
-107.169696,432,79305.329178
13.56889,432,79305.639497
70.733126,432,79305.956918
93.02815,432,79306.252128
-30.03193,432,79306.623648
-23.622955,432,79306.952754
80.372781,432,79307.276968
-29.25675,432,79307.579032
-13.542885,432,79307.896885
-29.019597,432,79308.211642
54.352485,432,79308.516845
-36.287562,432,79308.81748
3.334057,432,79309.128995
-1.995434,432,79309.431603
124.820111,432,79309.733386
-25.006519,432,79310.609001
19.265548,432,79310.918852
12.367584,432,79311.264673
16.262522,432,79311.567573
-23.291532,432,79311.868999
-17.025343,432,79312.218619
30.460295,432,79312.574601
21.373734,432,79312.871845
-11.156237,432,79313.239669
23.804549,432,79313.602279
-6.885794,432,79313.933167
9.603598,432,79314.301731
74.507894,432,79314.600148
-61.353881,432,79314.88368
-79.212756,432,79315.165966
35.489518,432,79315.452665
61.403321,432,79315.733716
33.036219,432,79316.016218
60.609503,432,79316.293764
-12.501308,432,79316.574002
53.086215,432,79316.859128
86.688787,432,79317.144175
96.149554,432,79317.432753
60.844336,432,79317.719737
135.94681,432,79318.005615
6.292659,432,79318.292028
68.838702,432,79318.578622
15.040222,432,79318.865497
11.661331,432,79319.148718
61.524302,432,79319.432826
5.824765,432,79319.718191
72.191668,432,79320.003009
-56.124928,432,79320.231978
-19.504388,432,79320.461186
-35.827134,432,79320.688962
-16.50451,432,79320.919599
-12.737511,432,79321.148272
93.146189,432,79321.91572
-20.951324,432,79322.204719
-37.734094,432,79322.514441
15.702558,432,79322.802933
-112.939021,432,79323.116493
-19.496417,432,79323.440121
-69.93581,432,79323.748947
115.8611,432,79324.041622
95.372022,432,79324.327609
60.063139,432,79324.62597
22.723395,432,79324.925403
-10.075908,432,79325.225838
3.415546,432,79325.522161
22.252447,432,79325.814284
-20.71124,432,79326.097238
-30.706805,432,79326.38109
-8.068836,432,79326.672039
70.62978,432,79326.964904
94.50793,432,79327.258377
-29.31674,432,79327.551687
20.65175,432,79327.845284
-5.621908,432,79328.137657
-18.26231,432,79328.424255
-19.963124,432,79328.705395
-8.007436,432,79328.987307
28.84139,432,79329.270538
-9.859572,432,79329.553001
73.565896,432,79329.834566
-0.579581,432,79330.116049
-52.65757,432,79330.397236
65.715185,432,79330.678293
-28.860426,432,79330.960765
-8.092498,432,79331.719265
38.773609,432,79332.002746
-4.281622,432,79332.294573
63.564376,432,79332.593443
-31.875867,432,79332.878129
-25.668819,432,79333.161508
99.337561,432,79333.445217
27.88058,432,79333.728537
-21.740234,432,79334.013057
-5.707494,432,79334.299385
45.202615,432,79334.591092
14.661705,432,79334.883273
53.434312,432,79335.175703
34.714702,432,79335.468485
1.066584,432,79335.760367
23.71077,432,79336.050809
95.92509,432,79336.351669
43.609695,432,79336.633686
96.454069,432,79336.914879
89.935305,432,79337.195847
156.5548,432,79337.477961
64.495863,432,79337.758147
115.871777,432,79338.03511
31.816379,432,79338.312078
11.029979,432,79338.589418
18.371462,432,79338.866961
-34.896195,432,79339.147893
71.13209,432,79339.429661
13.860647,432,79339.711693
80.169655,432,79339.993498
38.830941,432,79340.273755
30.648364,432,79340.554992
-25.232711,432,79340.780055
-13.023125,432,79341.005719
-8.211582,432,79341.231439
-47.677423,432,79341.457388
-9.160707,432,79341.683287
79.607133,432,79342.492209
-11.84627,432,79342.773475
27.009436,432,79343.055919
-0.118163,432,79343.36375
16.930377,432,79343.654025
-16.513391,432,79343.945303
-53.236269,432,79344.234997
-25.270739,432,79344.522896
4.326778,432,79344.811012
53.6718,432,79345.096152
-14.025508,432,79345.383528
28.027237,432,79345.667426
37.10231,432,79345.958344
48.066046,432,79346.242383
70.370702,432,79346.527273
73.146342,432,79346.818443
112.859122,432,79347.110902
23.729095,432,79347.399583
-18.629595,432,79347.692692
94.904235,432,79347.982413
66.757802,432,79348.275356
13.288635,432,79348.569111
56.153665,432,79348.853619
67.368447,432,79349.142128
136.133688,432,79349.425512
-18.59965,432,79349.711188
-5.563223,432,79350.001904
-148.199671,432,79350.290941
12.471257,432,79350.579787
20.745178,432,79350.866077
103.135716,432,79351.153203
-20.101257,432,79351.439192
3.893298,432,79352.167096
14.839084,432,79352.457267
50.564007,432,79352.750242
66.357747,432,79353.045533
-42.952993,432,79353.367237
-42.86675,432,79353.656486
-105.614867,432,79353.94433
79.058639,432,79354.229972
-57.745997,432,79354.516694
6.090548,432,79354.801085
22.959942,432,79355.084888
46.787424,432,79355.370441
-9.920814,432,79355.65574
8.221974,432,79355.941359
35.689505,432,79356.229108
93.406409,432,79356.522037
-5.268181,432,79356.811689
-17.032635,432,79357.106117
0.902368,432,79357.397126
-34.285246,432,79357.686009
74.562412,432,79357.979844
2.218952,432,79358.269618
25.923611,432,79358.557217
62.083695,432,79358.847203
31.233059,432,79359.132687
27.884783,432,79359.42072
-16.637398,432,79359.705159
59.414074,432,79359.985634
62.533823,432,79360.267483
56.951323,432,79360.544878
9.984618,432,79360.823726
40.644761,432,79361.101162
-10.851973,432,79361.32285
-15.326644,432,79361.547755
-21.656496,432,79361.773738
-31.595022,432,79362.004159
-16.62513,432,79362.233732
64.80404,432,79362.984755
66.515023,432,79363.278738
14.37677,432,79363.575258
-135.399352,432,79363.861825
91.717281,432,79364.148588
-20.354077,432,79364.471806
31.136904,432,79364.755765
26.717095,432,79365.04254
50.181467,432,79365.331596
29.065618,432,79365.618073
-13.847699,432,79365.902217
-16.832338,432,79366.18647
88.306443,432,79366.471968
0.569343,432,79366.757209
-41.987128,432,79367.043674
22.379507,432,79367.330556
87.028167,432,79367.614775
49.179393,432,79367.899242
-186.160973,432,79368.184109
99.766825,432,79368.468539
118.980661,432,79368.752639
-0.224004,432,79369.037166
6.28474,432,79369.322432
96.314715,432,79369.606698
-8.425978,432,79369.891095
-17.597475,432,79370.17593
45.62054,432,79370.461601
-144.50048,432,79370.746169
-6.037408,432,79371.030224
5.750075,432,79371.314336
39.179148,432,79371.598183
-14.108216,432,79371.883904
44.434071,432,79372.636764
39.180835,432,79372.921604
-15.344798,432,79373.207699
111.591609,432,79373.51721
-18.764057,432,79373.802574
29.877601,432,79374.087616
96.072148,432,79374.399698
10.612379,432,79374.691637
80.956857,432,79374.983899
-195.078938,432,79375.273938
-14.811473,432,79375.559158
-33.29681,432,79375.843801
76.82426,432,79376.129358
-51.449655,432,79376.427691
-22.153262,432,79376.712639
-7.49592,432,79376.996554
76.259472,432,79377.284436
1.645956,432,79377.569167
34.053313,432,79377.853714
-1.690949,432,79378.139739
101.774628,432,79378.430593
-46.778309,432,79378.716448
12.039449,432,79378.998967
59.399805,432,79379.28756
-7.350324,432,79379.573208
51.395052,432,79379.857673
53.074128,432,79380.141118
-29.081535,432,79380.425443
-15.058973,432,79380.709904
-13.292006,432,79380.993648
1.09294,432,79381.279085
-8.6815,432,79381.56449
-16.632368,432,79381.789606
-13.581531,432,79382.014785
-1.191724,432,79382.244769
-50.654226,432,79382.473516
-15.634059,432,79382.700608
46.578549,432,79383.435397
2.223618,432,79383.720233
29.753523,432,79384.010393
0.319611,432,79384.319043
26.203212,432,79384.607031
67.941011,432,79384.892064
-19.634536,432,79385.177842
79.326056,432,79385.474611
85.048564,432,79385.760672
2.251237,432,79386.046314
-17.181097,432,79386.331007
74.431655,432,79386.622424
5.014576,432,79386.916127
-12.62666,432,79387.210943
65.490579,432,79387.506511
-12.407009,432,79387.79783
79.091321,432,79388.090318
-37.082014,432,79388.384115
111.038741,432,79388.676045
18.838205,432,79388.969605
65.707986,432,79389.254168
57.986342,432,79389.538303
-49.259994,432,79389.82217
68.04107,432,79390.106337
0.979704,432,79390.389826
51.443102,432,79390.668129
64.650976,432,79390.945776
57.232985,432,79391.27402
-0.445548,432,79391.558341
164.925581,432,79391.842339
8.760597,432,79392.126637
84.305073,432,79392.411668
1.020629,432,79393.116792
1.548483,432,79393.408287
-14.420717,432,79393.699919
-5.33174,432,79393.994103
14.471814,432,79394.309708
-56.879246,432,79394.604183
-21.347458,432,79394.888214
61.357231,432,79395.178974
53.373964,432,79395.472129
10.859515,432,79395.771046
-6.540389,432,79396.070091
-3.12256,432,79396.372437
106.858466,432,79396.666418
-67.171271,432,79396.950904
-50.021199,432,79397.234268
-3.665785,432,79397.518428
31.518138,432,79397.802869
49.311864,432,79398.088531
26.86061,432,79398.373954
-40.856891,432,79398.659451
5.273513,432,79398.942508
25.347736,432,79399.227274
29.826935,432,79399.514383
-17.252641,432,79399.807211
82.306153,432,79400.099183
-53.271538,432,79400.385894
40.68333,432,79400.673141
31.617271,432,79400.958236
-59.834055,432,79401.242375
70.590226,432,79401.52936
91.121541,432,79401.813557
-8.457523,432,79402.100291
-16.395346,432,79402.32851
-44.902758,432,79402.558667
-28.701879,432,79402.785289
-8.49271,432,79403.012743
-14.280256,432,79403.240842
-171.566282,432,79403.936962
31.053556,432,79404.220455
-22.776643,432,79404.505709
20.0687,432,79404.791017
-18.55714,432,79405.076182
-11.526256,432,79405.416562
100.56503,432,79405.703481
-26.735877,432,79405.995432
-15.404483,432,79406.280237
-6.046783,432,79406.565832
-3.506369,432,79406.851696
-5.041068,432,79407.136322
16.957395,432,79407.422733
75.84111,432,79407.706696
-20.604885,432,79407.99111
0.951855,432,79408.274595
59.300248,432,79408.558808
119.85627,432,79408.843641
-41.510156,432,79409.128291
102.230995,432,79409.412803
-12.111256,432,79409.695995
98.43729,432,79409.978604
32.63652,432,79410.262186
-48.73842,432,79410.547282
0.17648,432,79410.830934
-3.991507,432,79411.114636
12.711019,432,79411.399623
123.378337,432,79411.684441
-6.06511,432,79411.968772
-133.735915,432,79412.253952
26.567346,432,79412.537189
65.297068,432,79412.821751
6.647505,432,79413.527284
41.945024,432,79413.805303
149.895965,432,79414.085389
10.325717,432,79414.398524
-43.121873,432,79414.682435
52.579469,432,79414.966117
62.731039,432,79415.250169
-42.557195,432,79415.534624
41.587459,432,79415.818401
-7.719413,432,79416.097422
79.952644,432,79416.375824
9.39959,432,79416.653869
197.669573,432,79416.932394
25.29892,432,79417.213294
80.928113,432,79417.491833
-35.062817,432,79417.777768
-10.336405,432,79418.070752
103.160721,432,79418.358074
24.899249,432,79418.651706
-140.433878,432,79418.940281
85.326076,432,79419.227538
28.918335,432,79419.511632
28.970646,432,79419.794581
-3.339217,432,79420.07798
51.479549,432,79420.365279
17.030314,432,79420.647865
-7.573806,432,79420.940002
37.700124,432,79421.232542
-13.648592,432,79421.523157
57.218179,432,79421.814203
-113.24307,432,79422.103142
22.780814,432,79422.387467
-8.705293,432,79422.617254
0.0,432,79422.856543
-21.991424,432,79423.08588
-17.71675,432,79423.313479
-45.080819,432,79423.540543
102.518421,432,79424.257895
123.442236,432,79424.541141
101.514594,432,79424.825596
102.046786,432,79425.11056
36.825634,432,79425.421956
82.311536,432,79425.707491
111.150744,432,79425.991652
62.193256,432,79426.27605
-108.154232,432,79426.561023
81.507506,432,79426.842414
16.467477,432,79427.120246
73.093571,432,79427.39993
-0.077535,432,79427.677446
24.457141,432,79427.954205
19.816362,432,79428.235645
142.604009,432,79428.515127
2.04898,432,79428.793008
108.131486,432,79429.069762
84.891031,432,79429.352862
47.163172,432,79429.630486
16.628794,432,79429.90829
-42.022779,432,79430.185615
-31.839253,432,79430.462522
36.184339,432,79430.740928
-23.631962,432,79431.018131
46.390229,432,79431.296514
25.977408,432,79431.574148
22.578171,432,79431.851924
-31.993021,432,79432.131886
24.620945,432,79432.415809
26.099244,432,79432.698978
-126.295557,432,79432.982131
-66.68477,432,79433.7218
106.830114,432,79434.004256
64.862359,432,79434.322318
-28.413022,432,79434.624247
48.512576,432,79434.910712
82.795082,432,79435.244979
13.583603,432,79435.531817
-20.708819,432,79435.82329
-22.05355,432,79436.121173
11.833742,432,79436.411824
-16.311293,432,79436.696788
75.60789,432,79436.988177
-12.694177,432,79437.276117
26.785574,432,79437.56005
165.74596,432,79437.845277
56.027366,432,79438.129693
-2.542037,432,79438.416198
-11.167065,432,79438.702843
-82.607913,432,79438.988354
32.313996,432,79439.274116
80.956563,432,79439.559058
108.722716,432,79439.840903
-16.247049,432,79440.123067
4.640412,432,79440.40511
-44.03119,432,79440.685872
60.534328,432,79440.966731
63.15733,432,79441.248232
-18.959166,432,79441.529374
-67.9756,432,79441.81548
-7.980156,432,79442.099801
11.476635,432,79442.383548
12.368328,432,79442.667902
-32.094284,432,79442.896524
-12.366503,432,79443.123983
-7.976238,432,79443.353045
-5.284725,432,79443.582142
-15.349258,432,79443.810742
63.895534,432,79444.548877
-46.530585,432,79444.83154
-78.029411,432,79445.114556
7.968907,432,79445.427449
-12.0627,432,79445.70862
3.211583,432,79445.98994
27.172023,432,79446.270941
-16.25348,432,79446.555745
-17.079047,432,79446.843877
-25.041103,432,79447.129429
-1.309829,432,79447.415673
32.519312,432,79447.701488
44.278191,432,79447.986816
-13.260181,432,79448.276175
37.988117,432,79448.571725
35.358384,432,79448.853542
63.693541,432,79449.134928
26.453925,432,79449.416398
-51.791657,432,79449.698241
4.727438,432,79449.980119
-28.173698,432,79450.261425
-9.731906,432,79450.54267
24.646867,432,79450.82378
-9.359238,432,79451.104585
4.822812,432,79451.386672
51.916469,432,79451.668112
93.077598,432,79451.948886
55.995614,432,79452.23396
26.323429,432,79452.518853
-5.677379,432,79452.804087
-103.80546,432,79453.089307
84.260401,432,79453.374023
10.270619,432,79454.105721
46.403031,432,79454.389542
24.936713,432,79454.674956
-8.502864,432,79454.962206
75.147825,432,79455.267841
-28.279284,432,79455.579526
31.758876,432,79455.87166
-27.438789,432,79456.161496
10.662506,432,79456.448137
-17.728626,432,79456.739297
-7.639971,432,79457.023892
78.935335,432,79457.309675
96.997083,432,79457.593152
-40.990834,432,79457.877141
29.877575,432,79458.160981
66.622393,432,79458.445219
12.468213,432,79458.729408
27.539823,432,79459.013598
-37.176196,432,79459.298511
23.247777,432,79459.583085
61.746864,432,79459.867695
84.594118,432,79460.152454
-58.865587,432,79460.438756
-37.557953,432,79460.723418
106.956133,432,79461.007163
-67.807845,432,79461.292387
109.596364,432,79461.576952
-25.215537,432,79461.86083
2.316704,432,79462.144658
-36.924152,432,79462.431761
-37.478013,432,79462.715576
-51.708743,432,79462.999214
-22.957775,432,79463.22703
-52.837072,432,79463.454807
-14.868361,432,79463.680853
-21.348192,432,79463.908143
-18.968016,432,79464.135036
40.110931,432,79464.818168
-22.224753,432,79465.102179
32.059258,432,79465.386355
56.664942,432,79465.670684
6.54102,432,79465.956939
-154.152764,432,79466.244675
70.976285,432,79466.573605
-26.443194,432,79466.857678
30.48337,432,79467.139722
-18.126337,432,79467.42635
-61.29599,432,79467.710218
-7.061962,432,79467.99303
-7.250797,432,79468.277823
83.843382,432,79468.561477
81.246839,432,79468.845401
26.910884,432,79469.130425
52.063712,432,79469.415367
14.372759,432,79469.699251
40.015212,432,79469.984356
-21.43031,432,79470.269
30.297429,432,79470.552946
38.000282,432,79470.836155
-1.899217,432,79471.121687
-12.991127,432,79471.405037
-10.308268,432,79471.689683
-13.599992,432,79471.973861
-30.986767,432,79472.257187
51.879189,432,79472.540798
30.06165,432,79472.825106
137.557808,432,79473.109214
81.436045,432,79473.395719
54.258492,432,79473.679629
-38.550501,432,79474.422334
83.946199,432,79474.707116
-122.994863,432,79474.991514
-20.998067,432,79475.285264
168.957158,432,79475.589562
4.688467,432,79475.871399
18.274924,432,79476.152032
-58.030384,432,79476.435293
31.711458,432,79476.716616
-138.996241,432,79477.004043
-33.679855,432,79477.298459
33.368316,432,79477.580639
20.417083,432,79477.861799
61.628509,432,79478.141232
27.618714,432,79478.427682
15.929832,432,79478.711452
120.337251,432,79478.995992
-13.602866,432,79479.28089
-120.494154,432,79479.56602
-5.772587,432,79479.849612
19.920669,432,79480.134429
59.942513,432,79480.420808
53.484252,432,79480.704345
58.965791,432,79480.988219
137.729058,432,79481.272843
42.813645,432,79481.556699
20.911259,432,79481.839996
10.373164,432,79482.124355
87.614029,432,79482.409627
-34.185505,432,79482.695325
-114.867935,432,79482.98363
29.388529,432,79483.274184
-4.184096,432,79483.511801
-49.443016,432,79483.761716
-8.117723,432,79484.008548
-42.313253,432,79484.247309
-36.466505,432,79484.482862
86.562795,432,79485.227788
22.008404,432,79485.513913
50.465947,432,79485.799079
-117.152587,432,79486.08163
-7.798701,432,79486.390496
98.367033,432,79486.676021
-5.056482,432,79486.959954
74.588294,432,79487.243417
139.821144,432,79487.529215
42.76271,432,79487.817167
-254.399147,432,79488.113877
-33.225745,432,79488.410748
-70.577574,432,79488.70641
52.597487,432,79488.99915
18.369043,432,79489.28536
16.667307,432,79489.57183
10.32392,432,79489.850685
5.859855,432,79490.128331
69.548966,432,79490.408148
-122.567261,432,79490.690009
-30.627759,432,79490.973685
-36.759141,432,79491.252393
73.270523,432,79491.537908
-26.975233,432,79491.827036
-138.836059,432,79492.119167
25.720895,432,79492.404887
13.051683,432,79492.690116
52.794525,432,79492.974191
61.665395,432,79493.258137
74.256436,432,79493.542114
16.58282,432,79493.825944
16.465934,432,79494.118618
108.864857,432,79494.97423
29.585333,432,79495.264158
-58.729217,432,79495.554676
9.917724,432,79495.841546
-38.050812,432,79496.128277
-39.499722,432,79496.445688
14.156902,432,79496.733751
-23.250369,432,79497.020019
12.884369,432,79497.303298
30.802023,432,79497.58545
8.353188,432,79497.870934
-9.276386,432,79498.157482
-3.302159,432,79498.442477
-23.35677,432,79498.72463
13.299092,432,79499.006129
12.596529,432,79499.296956
-34.292252,432,79499.589748
0.589591,432,79499.874409
-3.598885,432,79500.15879
-11.533268,432,79500.445143
-5.570445,432,79500.732138
194.760266,432,79501.019092
-12.111133,432,79501.306716
-34.29035,432,79501.596191
50.026652,432,79501.883445
20.261289,432,79502.171121
43.201687,432,79502.459099
19.358124,432,79502.746044
65.70051,432,79503.034085
-20.417136,432,79503.321442
-16.183553,432,79503.610763
17.996453,432,79503.895704
-24.986123,432,79504.124477
-21.743329,432,79504.354344
-26.169265,432,79504.583391
-15.049004,432,79504.810493
-34.747646,432,79505.040127
78.156575,432,79505.764472
-102.11687,432,79506.049805
29.396546,432,79506.358793
91.673931,432,79506.648632
-16.574666,432,79506.932157
107.76257,432,79507.21759
61.06468,432,79507.501011
109.62502,432,79507.786536
-18.078248,432,79508.072997
-30.266758,432,79508.358352
4.874887,432,79508.643116
-9.185675,432,79508.928083
118.080831,432,79509.212885
71.480646,432,79509.497641
33.506923,432,79509.781301
95.890451,432,79510.064284
61.564766,432,79510.348173
-93.533132,432,79510.631656
-22.146527,432,79510.915187
-3.211442,432,79511.198391
-1.708695,432,79511.482088
55.817134,432,79511.766507
-9.102102,432,79512.050753
29.757662,432,79512.337939
16.585886,432,79512.626366
-18.665906,432,79512.913381
-18.866009,432,79513.200797
23.968423,432,79513.489229
14.300823,432,79513.776593
31.880953,432,79514.063841
-34.603955,432,79514.348444
48.006572,432,79514.630819
31.947556,432,79515.372772
-1.952496,432,79515.659914
61.505282,432,79515.946348
2.885683,432,79516.236083
86.684015,432,79516.545993
33.595648,432,79516.833377
135.828678,432,79517.119518
35.366106,432,79517.407829
-29.206566,432,79517.695645
14.869855,432,79517.982446
-6.19741,432,79518.268975
-69.083221,432,79518.557722
61.089657,432,79518.843262
20.43799,432,79519.130374
38.561002,432,79519.417612
26.283639,432,79519.704138
20.798348,432,79519.9916
57.557352,432,79520.278264
15.22229,432,79520.565905
45.849887,432,79520.853117
39.448373,432,79521.139829
69.036077,432,79521.427001
23.389425,432,79521.714109
-59.384405,432,79522.000516
4.351772,432,79522.289835
59.351498,432,79522.575905
116.288303,432,79522.862892
-5.688745,432,79523.151016
-1.325702,432,79523.440093
5.674,432,79523.728879
67.978978,432,79524.016176
27.971503,432,79524.304215
-23.066523,432,79524.535539
-13.655689,432,79524.769384
0.0,432,79525.016756
-10.745029,432,79525.245188
-10.679659,432,79525.47339
44.842107,432,79526.210374
89.687694,432,79526.526173
6.136998,432,79526.815967
40.856999,432,79527.103193
82.151782,432,79527.424829
-6.135293,432,79527.736081
47.805873,432,79528.023458
91.299136,432,79528.312319
15.890581,432,79528.602214
-19.375837,432,79528.886108
-5.223944,432,79529.171427
-15.890092,432,79529.455952
-168.851956,432,79529.777741
-8.270633,432,79530.069998
3.255378,432,79530.358866
-105.39917,432,79530.647622
136.439647,432,79530.947393
167.010202,432,79531.237263
17.397957,432,79531.52735
10.878878,432,79531.820494
10.900951,432,79532.106038
46.101981,432,79532.394219
23.257193,432,79532.68208
-16.89867,432,79532.970538
42.915128,432,79533.266764
36.656214,432,79533.554936
12.420095,432,79533.8416
70.201012,432,79534.128763
116.170166,432,79534.417851
28.079532,432,79534.705383
-6.619015,432,79534.993836
60.778562,432,79535.28601
9.32358,432,79536.037568
-35.085222,432,79536.336286
77.956775,432,79536.623254
81.970577,432,79536.912494
9.035078,432,79537.202518
32.80605,432,79537.520384
147.599482,432,79537.816366
1.69494,432,79538.102678
75.436913,432,79538.392075
-19.909751,432,79538.677537
19.675818,432,79538.983009
182.550409,432,79539.272042
-6.571424,432,79539.558857
15.063039,432,79539.84851
68.84721,432,79540.153334
59.864944,432,79540.53926
6.308126,432,79540.937304
-19.99281,432,79541.240295
16.715095,432,79541.553373
-4.941733,432,79541.842488
-28.957696,432,79542.129462
95.616341,432,79542.424865
-33.229599,432,79542.712394
62.396398,432,79542.999229
-6.833311,432,79543.286879
43.174093,432,79543.573712
3.190885,432,79543.906844
14.321565,432,79544.212611
20.405953,432,79544.497311
2.906748,432,79544.800682
-4.615005,432,79545.098315
35.404505,432,79545.383131
-13.493593,432,79545.610804
-16.997833,432,79545.8404
-6.070868,432,79546.068909
-30.307682,432,79546.301206
-32.493321,432,79546.551918
37.11447,432,79547.329902
116.194502,432,79547.615171
15.262202,432,79547.898466
-12.672222,432,79548.183676
-4.558399,432,79548.510215
119.268493,432,79548.796114
-164.785715,432,79549.100468
17.674232,432,79549.390172
-22.590908,432,79549.730103
99.498969,432,79550.03942
-18.52217,432,79550.333834
31.491604,432,79550.625224
0.509291,432,79550.923897
29.613898,432,79551.225419
88.19061,432,79551.524781
21.739058,432,79551.818477
105.028753,432,79552.115073
47.202826,432,79552.41355
-10.891125,432,79552.71117
-6.498733,432,79553.012288
-2.30239,432,79553.313903
23.316594,432,79553.609875
-13.413625,432,79553.915987
60.893302,432,79554.22398
-2.629636,432,79554.527577
1.343159,432,79554.830267
-6.387403,432,79555.170203
25.868706,432,79555.454127
17.822053,432,79555.748046
-0.379288,432,79556.046499
89.074955,432,79556.353057
61.600226,432,79556.644675
9.842283,432,79557.379234
9.615861,432,79557.689796
-31.225567,432,79557.977859
43.903993,432,79558.511085
58.445214,432,79558.880206
-10.227954,432,79559.342823
1.363616,432,79559.679963
-3.989734,432,79559.967574
24.125119,432,79560.278614
12.903863,432,79560.571856
78.012705,432,79560.859151
82.6215,432,79561.152197
30.364892,432,79561.448644
-4.958078,432,79561.746557
-11.967609,432,79562.10413
27.443003,432,79562.394657
5.659792,432,79562.683894
165.470056,432,79562.986525
-11.734147,432,79563.281563
-55.644777,432,79563.570507
-16.751299,432,79563.872831
-10.303591,432,79564.183317
39.002054,432,79564.473295
24.691444,432,79564.75892
101.56601,432,79565.054125
46.831242,432,79565.342301
38.075294,432,79565.63462
72.795778,432,79565.933027
32.770588,432,79566.229939
9.852839,432,79566.529675
60.067315,432,79566.82248
-6.794558,432,79567.116786
-21.373466,432,79567.347224
-42.813247,432,79567.59075
-61.975752,432,79567.82328
-19.145331,432,79568.068923
-71.634739,432,79568.309298
19.999412,432,79569.06705
-13.941979,432,79569.457901
57.957699,432,79569.768367
-46.033084,432,79570.069641
-26.784135,432,79570.461863
-29.984142,432,79570.759473
-18.753483,432,79571.079392
105.032968,432,79571.39967
60.392189,432,79571.720382
1.54028,432,79572.03497
-8.186565,432,79572.333433
77.404617,432,79572.641158
-11.219253,432,79572.938937
-21.316599,432,79573.239989
-53.614826,432,79573.536298
17.740139,432,79573.878038
69.358448,432,79574.252515
88.971075,432,79574.576992
-36.839336,432,79574.888891
45.92389,432,79575.252306
-13.495238,432,79575.607475
52.742244,432,79575.957179
14.042638,432,79576.252161
47.210087,432,79576.556917
50.821301,432,79576.847088
122.435016,432,79577.158728
-15.055036,432,79577.456824
5.606556,432,79577.771651
53.962466,432,79578.073213
27.346382,432,79578.359725
-12.213028,432,79578.657749
-141.555089,432,79578.947623
-13.597199,432,79579.749942
30.887619,432,79580.144942
-24.582348,432,79580.476461
0.929058,432,79580.769137
76.215149,432,79581.063578
48.043864,432,79581.353804
-32.518851,432,79581.637419
139.644528,432,79581.994097
44.679451,432,79582.294091
48.455707,432,79582.60094
-69.811164,432,79582.950999
30.181206,432,79583.241126
23.350114,432,79583.536133
38.660415,432,79583.83118
-14.235839,432,79584.128735
65.600419,432,79584.425596
2.423433,432,79584.804572
12.808352,432,79585.110612
30.951386,432,79585.415667
81.628861,432,79585.718084
-121.10803,432,79586.03087
-36.291102,432,79586.339097
39.925407,432,79586.727666
64.010106,432,79587.061849
107.879491,432,79587.438703
24.081247,432,79587.814766
69.501592,432,79588.166214
87.007597,432,79588.568805
-14.310123,432,79588.933204
29.438612,432,79589.300086
81.744151,432,79589.65452
-86.036274,432,79590.007035
0.0,432,79590.331047
-36.548506,432,79590.605054
-41.944628,432,79590.879333
-4.733682,432,79591.116416
-23.206242,432,79591.353975
6.385529,432,79592.145214
-44.68224,432,79592.440512
-20.932813,432,79592.776516
1.612326,432,79593.085322
29.321073,432,79593.461209
18.374532,432,79593.799383
93.596761,432,79594.156786
170.278143,432,79594.522124
21.324407,432,79594.908919
53.695171,432,79595.264458
26.614777,432,79595.61908
0.165388,432,79596.084223
72.86326,432,79596.437996
-7.442962,432,79596.908306
-9.65232,432,79597.307424
133.321287,432,79597.710216
-10.058499,432,79598.163175
-32.319244,432,79598.554322
15.073036,432,79598.926281
27.520291,432,79599.322084
91.126691,432,79599.680574
26.816923,432,79600.034662
62.247338,432,79600.393997
-15.510747,432,79600.831217
-9.225047,432,79601.198157
-47.344145,432,79601.769181
-27.869487,432,79602.165561
45.064415,432,79602.554407
-7.845125,432,79602.916585
72.750246,432,79603.270526
-41.301749,432,79603.598485
56.529954,432,79603.987481
-30.480345,432,79604.946909
53.731624,432,79605.360666
103.971692,432,79605.823115
31.453925,432,79606.246226
46.511828,432,79606.637137
19.265483,432,79606.937982
-3.807475,432,79607.293136
-60.848404,432,79607.608647
17.662487,432,79607.916444
44.183805,432,79608.225109
4.501531,432,79608.522733
88.681347,432,79608.827073
-32.29737,432,79609.1361
54.827694,432,79609.436409
60.661002,432,79609.733106
41.343816,432,79610.043289
29.842424,432,79610.357522
12.697761,432,79610.657006
0.409466,432,79610.957187
31.624755,432,79611.273435
-115.745645,432,79611.577178
-12.070449,432,79611.879838
8.127928,432,79612.200857
1.866838,432,79612.499814
-4.344259,432,79612.855178
-44.826021,432,79613.22807
61.043256,432,79613.589724
-50.087291,432,79613.887997
52.489861,432,79614.187901
64.38503,432,79614.51555
25.945699,432,79614.805269
26.969942,432,79615.120267
-6.47154,432,79615.376581
-5.331689,432,79615.621319
-47.270663,432,79615.869637
-14.780782,432,79616.109565
-6.945345,432,79616.35406
73.485547,432,79617.135001
50.91075,432,79617.439342
44.829594,432,79617.817084
47.656202,432,79618.137034
42.500524,432,79618.464303
-2.430866,432,79618.765229
15.618113,432,79619.069887
-9.302373,432,79619.38199
26.817332,432,79619.686692
-145.759446,432,79619.985346
48.034693,432,79620.304261
84.661366,432,79620.616714
-24.029869,432,79620.908584
-40.349553,432,79621.197811
21.579183,432,79621.493729
-22.291686,432,79621.780905
29.914252,432,79622.070502
127.541428,432,79622.3637
57.658638,432,79622.671453
15.865411,432,79623.06601
-16.293409,432,79623.382318
-45.493783,432,79623.750089
30.356643,432,79624.091346
-19.293385,432,79624.460171
64.433403,432,79624.780619
-17.93429,432,79625.084819
-2.39803,432,79625.390987
48.768264,432,79625.854141
16.214493,432,79626.191511
100.581349,432,79626.513317
96.103241,432,79626.846418
59.235046,432,79627.217716
