#{"t_start": 1743538177.804942, "env_id": "None"}
r,l,t
-1197.483652,432,3437.227122
-358.442679,432,3438.035678
-157.972786,432,3438.815231
-123.018702,432,3439.618864
-39.157495,432,3440.41117
68.309888,432,3441.242539
-78.331742,432,3442.025273
-33.521288,432,3442.812247
-214.202258,432,3443.638326
-34.919548,432,3444.444987
-48.850498,432,3445.253522
-9.940972,432,3446.039285
-11.411195,432,3446.827484
-128.237609,432,3447.658109
-37.968285,432,3448.429531
-516.625229,432,3449.210939
-60.963008,432,3450.01904
-194.228069,432,3450.854911
-100.487074,432,3451.639518
-75.891199,432,3452.426136
-20.979148,432,3453.263527
-16.653587,432,3454.074866
-231.54308,432,3454.847305
-23.578489,432,3455.623763
-69.972364,432,3456.441412
-22.686643,432,3457.263428
-27.843278,432,3458.040727
25.158266,432,3458.827466
-27.004587,432,3459.660287
3.239945,432,3460.482255
-136.437311,432,3461.265503
-296.197307,432,3462.057716
-81.397419,432,3462.875448
-61.947438,432,3463.675401
47.508406,432,3464.447674
-77.170343,432,3465.285194
81.948515,432,3466.098119
61.529173,432,3466.9161
53.154242,432,3467.727846
44.843182,432,3468.49859
-254.954479,432,3469.293162
-22.350826,432,3470.146006
79.5464,432,3470.947459
51.414937,432,3471.728237
-112.956941,432,3472.499522
-160.892649,432,3473.320004
-44.618138,432,3474.144886
-63.273498,432,3474.919186
0.033249,432,3475.69298
88.94522,432,3476.51825
-47.277526,432,3477.345443
-37.566209,432,3478.1253
27.593656,432,3478.900558
-280.086484,432,3479.713284
-41.666024,432,3480.485495
93.773061,432,3481.302002
-26.217817,432,3482.077969
-11.588855,432,3482.885233
-256.1442,432,3483.66309
-338.096067,432,3484.499776
-32.523747,432,3485.305963
41.775713,432,3486.126908
-71.583298,432,3486.912135
57.079445,432,3487.732728
81.718903,432,3488.136286
-29.659533,432,3488.540557
-171.097417,432,3488.953847
38.286396,432,3489.376912
-39.193512,432,3489.807437
-174.28442,432,3490.767807
82.460468,432,3491.586376
-4.572193,432,3492.363248
-367.913194,432,3493.158179
-171.126633,432,3493.946125
-5.602251,432,3494.786614
-172.618122,432,3495.569404
-193.140895,432,3496.345572
-401.809335,432,3497.139199
-10.677741,432,3497.97805
-31.93788,432,3498.751271
-78.10687,432,3499.533736
7.700061,432,3500.369278
-37.279566,432,3501.213246
8.488108,432,3501.996623
9.00003,432,3502.774005
50.715417,432,3503.58428
74.974033,432,3504.410174
49.978512,432,3505.187359
81.671347,432,3505.967052
165.086962,432,3506.754839
-137.617665,432,3507.601007
43.811714,432,3508.381562
6.467847,432,3509.158551
37.332873,432,3509.952857
33.956957,432,3510.795578
-236.297821,432,3511.611361
-184.575383,432,3512.435934
32.039799,432,3513.221929
-43.516003,432,3514.032092
107.435617,432,3514.842021
-18.397191,432,3515.641975
45.58776,432,3516.435409
-134.575259,432,3517.240267
12.421496,432,3518.026954
85.377108,432,3518.842899
-106.761534,432,3519.622993
106.835578,432,3520.436686
-140.557151,432,3521.221517
-63.782003,432,3522.042976
-37.985443,432,3522.826277
-659.851474,432,3523.644153
-44.574699,432,3524.455026
102.567444,432,3525.226583
89.814452,432,3526.00064
-56.044732,432,3526.806568
-35.437509,432,3527.634153
-245.630284,432,3528.41725
-154.76449,432,3529.192234
47.729475,432,3530.00568
61.143435,432,3530.7946
-133.017607,432,3531.610524
-45.3273,432,3532.420109
114.979494,432,3533.228969
21.216702,432,3534.029076
-10.221806,432,3534.810363
17.14329,432,3535.60348
53.849938,432,3536.435549
54.066034,432,3537.246585
51.966789,432,3538.022969
66.74806,432,3538.794248
-200.533447,432,3539.612399
-103.987106,432,3540.423501
65.945982,432,3541.193845
-22.780735,432,3541.600957
62.077213,432,3542.015828
37.914306,432,3542.468305
-26.521634,432,3542.906743
22.363257,432,3543.337875
-29.03016,432,3544.325052
31.779387,432,3545.135926
96.430113,432,3545.919916
-27.401964,432,3546.710906
51.658313,432,3547.516158
-15.936948,432,3548.348974
-149.590462,432,3549.119683
-33.087312,432,3549.919088
76.470641,432,3550.719294
-10.714804,432,3551.569246
6.344516,432,3552.354022
29.936392,432,3553.174046
-4.760236,432,3553.97051
29.82603,432,3554.782893
-109.536509,432,3555.554543
93.77368,432,3556.371623
17.447984,432,3557.151674
5.373602,432,3557.972809
-30.349631,432,3558.754273
-8.685748,432,3559.539155
-22.141064,432,3560.367345
-84.147726,432,3561.174235
32.545853,432,3561.954973
30.138678,432,3562.744164
-380.300379,432,3563.583104
-5.069425,432,3564.403769
-45.447194,432,3565.175447
-145.837248,432,3565.956326
-315.483397,432,3566.761922
-30.925829,432,3567.586933
-85.579442,432,3568.374728
4.462902,432,3569.159047
-6.351508,432,3569.967687
-236.011439,432,3570.795025
-63.643677,432,3571.571886
-82.797549,432,3572.349882
13.458637,432,3573.137439
-14.473437,432,3573.99053
44.428614,432,3574.766274
52.027687,432,3575.538031
-89.310266,432,3576.31394
54.706304,432,3577.131453
-6.579459,432,3577.934366
-106.617699,432,3578.74677
-59.800339,432,3579.536368
-39.859004,432,3580.348096
-42.95893,432,3581.154065
-16.283319,432,3581.939158
108.045038,432,3582.724041
-124.20145,432,3583.563371
17.215348,432,3584.366722
-243.809758,432,3585.137718
-112.661772,432,3585.936217
-13.368577,432,3586.79754
51.826932,432,3587.57177
-159.216044,432,3588.347945
197.549647,432,3589.139037
93.084602,432,3589.972426
-53.457306,432,3590.76612
97.189773,432,3591.536866
-59.935495,432,3592.312656
30.796781,432,3593.12567
71.017684,432,3593.952061
-19.837513,432,3594.730868
71.244219,432,3595.134278
45.089109,432,3595.533725
132.222113,432,3595.924252
90.634997,432,3596.376851
112.28705,432,3596.807926
-60.45643,432,3597.76035
28.262403,432,3598.574549
46.932486,432,3599.35009
52.903342,432,3600.149319
-114.723897,432,3600.953044
-157.927674,432,3601.801659
-106.128768,432,3602.596561
-12.451423,432,3603.409764
52.139344,432,3604.198283
57.724222,432,3605.011584
-32.184686,432,3605.787325
-20.861263,432,3606.581202
-6.609383,432,3607.403348
-12.882635,432,3608.220439
-89.200653,432,3608.99725
198.527896,432,3609.774991
-191.26704,432,3610.608359
18.952253,432,3611.417446
-69.926807,432,3612.199883
89.702378,432,3612.983447
25.449224,432,3613.775397
-0.918513,432,3614.615175
91.132087,432,3615.387746
-33.036055,432,3616.171129
-113.749269,432,3616.998612
45.216849,432,3617.804474
32.415498,432,3618.58262
-24.289398,432,3619.357155
47.945278,432,3620.153386
55.658584,432,3620.997551
60.720185,432,3621.771415
-29.593911,432,3622.569535
62.616436,432,3623.384304
-85.71108,432,3624.223524
-62.941171,432,3625.003283
98.873527,432,3625.78292
8.874217,432,3626.583204
28.378891,432,3627.424449
-0.968683,432,3628.222856
58.691479,432,3629.027386
-50.571644,432,3629.822919
0.934638,432,3630.632147
16.985393,432,3631.418654
-30.535954,432,3632.2366
-107.408725,432,3633.032256
21.376713,432,3633.840727
-14.617357,432,3634.630491
54.339824,432,3635.44062
23.935703,432,3636.240105
9.511698,432,3637.035233
59.527329,432,3637.809923
-11.360384,432,3638.603034
-0.343501,432,3639.433134
7.590193,432,3640.26281
-28.547539,432,3641.062141
-17.617988,432,3641.874185
95.1716,432,3642.652457
116.040185,432,3643.444796
131.037508,432,3644.242557
25.244807,432,3645.023677
128.342641,432,3645.834856
-17.168599,432,3646.654516
-24.717005,432,3647.424987
-78.780243,432,3648.207085
158.538545,432,3648.616834
46.911703,432,3649.035183
187.546121,432,3649.454679
20.070453,432,3649.887923
7.021171,432,3650.318115
129.859141,432,3651.235955
6.59349,432,3652.050935
-72.336548,432,3652.830211
82.280162,432,3653.652672
84.745673,432,3654.443007
-20.02673,432,3655.257198
-267.580617,432,3656.052541
36.22494,432,3656.892151
87.723075,432,3657.669734
25.740722,432,3658.489357
12.21681,432,3659.264672
70.016643,432,3660.053069
92.268363,432,3660.831596
-7.257143,432,3661.677277
26.46739,432,3662.472066
-37.842921,432,3663.289788
56.204443,432,3664.072153
168.422352,432,3664.883453
-161.715031,432,3665.661591
4.291305,432,3666.488611
67.96069,432,3667.278711
223.088114,432,3668.071367
133.180038,432,3668.856152
-61.37108,432,3669.644274
49.293163,432,3670.471392
-45.014588,432,3671.28337
4.687612,432,3672.055041
-4.16997,432,3672.846113
-31.934965,432,3673.655438
-64.600778,432,3674.472551
115.671365,432,3675.249997
-76.244919,432,3676.04492
-74.677398,432,3676.867697
-107.164127,432,3677.725174
-38.279858,432,3678.518154
42.9716,432,3679.33887
79.231672,432,3680.127058
-38.170265,432,3680.940632
134.879506,432,3681.711697
1.181512,432,3682.520371
-15.345884,432,3683.338047
-49.336387,432,3684.15289
-47.621371,432,3684.940899
-19.791722,432,3685.723744
104.946029,432,3686.546715
69.350317,432,3687.358855
-12.159646,432,3688.129363
-102.195896,432,3688.920612
-90.532519,432,3689.721371
25.82729,432,3690.563371
-9.18629,432,3691.349345
70.812523,432,3692.154503
62.88287,432,3692.95253
213.391055,432,3693.852504
72.109613,432,3694.637324
-72.279602,432,3695.461398
-0.575661,432,3696.253563
-53.685027,432,3697.064635
-46.552251,432,3697.878532
125.879852,432,3698.67171
115.841796,432,3699.457262
103.928882,432,3700.308513
-50.546532,432,3701.094894
37.721907,432,3701.873491
35.597079,432,3702.287395
113.236875,432,3702.711435
10.610372,432,3703.140342
67.868979,432,3703.56685
7.871684,432,3703.989322
26.815048,432,3704.917158
-99.506296,432,3705.727105
49.801592,432,3706.50002
-171.635184,432,3707.293563
24.941007,432,3708.084651
96.624151,432,3708.947232
43.22577,432,3709.727865
3.913775,432,3710.500568
155.532349,432,3711.295147
103.840301,432,3712.12404
49.656009,432,3712.917361
50.098764,432,3713.695151
31.668466,432,3714.485673
-53.552945,432,3715.330147
-97.777033,432,3716.136126
-77.836041,432,3716.97315
12.166193,432,3717.765749
-33.001535,432,3718.572574
31.888751,432,3719.384662
-34.486625,432,3720.155066
135.594445,432,3720.937194
-69.591202,432,3721.758248
-101.845638,432,3722.571529
-133.032895,432,3723.349874
-1.152238,432,3724.147834
-8.916477,432,3725.002066
8.956921,432,3725.785481
64.747416,432,3726.555872
48.466243,432,3727.350849
57.603679,432,3728.19363
83.718474,432,3728.975701
-13.65705,432,3729.752444
-35.976003,432,3730.584731
69.143514,432,3731.436675
-60.918165,432,3732.256014
70.422477,432,3733.060235
-7.785246,432,3733.876483
-21.672281,432,3734.684707
-121.898276,432,3735.471495
-44.203591,432,3736.284944
45.609567,432,3737.066802
-11.637494,432,3737.877597
5.69239,432,3738.650424
79.960503,432,3739.437821
39.59562,432,3740.251047
-36.164925,432,3741.06646
26.704088,432,3741.844419
-66.152248,432,3742.631331
14.767745,432,3743.46138
100.393351,432,3744.268942
29.717602,432,3745.064775
9.749168,432,3745.865342
-3.121201,432,3746.687784
-143.420331,432,3747.500362
-233.832445,432,3748.277022
-94.193186,432,3749.105435
6.606071,432,3749.896904
44.950293,432,3750.70236
-170.43429,432,3751.530987
91.318964,432,3752.315278
-35.864467,432,3753.104488
26.566489,432,3753.934006
7.467195,432,3754.757876
77.832616,432,3755.533554
76.054101,432,3755.943407
28.277729,432,3756.33883
145.784568,432,3756.753223
139.404908,432,3757.18196
-18.776182,432,3757.618636
-34.511093,432,3758.51999
-20.816101,432,3759.350279
77.876461,432,3760.170121
50.298411,432,3760.944685
37.019303,432,3761.737416
1.428352,432,3762.560994
36.874546,432,3763.377709
51.251881,432,3764.155685
-44.99192,432,3764.945819
56.233037,432,3765.798941
8.268359,432,3766.581899
-112.054366,432,3767.362062
86.01152,432,3768.173364
173.797563,432,3768.99292
52.226076,432,3769.774536
-38.802826,432,3770.551551
21.381667,432,3771.356832
69.248376,432,3772.239748
148.194218,432,3773.032884
90.504356,432,3773.846005
-18.97363,432,3774.628178
5.913053,432,3775.450197
-19.765926,432,3776.249786
-161.432417,432,3777.067251
59.452066,432,3777.846268
77.989943,432,3778.651985
-76.548946,432,3779.438855
-90.091448,432,3780.263377
-50.688592,432,3781.052758
27.923344,432,3781.878599
102.331877,432,3782.695385
9.336108,432,3783.501925
40.22885,432,3784.281656
74.178767,432,3785.089604
6.277971,432,3785.892195
-60.618224,432,3786.706563
-26.462914,432,3787.504426
-148.70565,432,3788.325496
-32.584081,432,3789.122325
-146.406999,432,3789.936213
133.685057,432,3790.723533
201.568137,432,3791.545179
-35.286726,432,3792.369994
6.989483,432,3793.142417
100.420458,432,3793.918225
-241.970019,432,3794.73239
38.329692,432,3795.56036
103.691209,432,3796.335181
-104.924568,432,3797.124593
5.180761,432,3797.98289
-9.504402,432,3798.759926
28.870665,432,3799.54293
108.923117,432,3800.31858
14.631822,432,3801.170423
120.440816,432,3801.95454
25.134896,432,3802.725628
-28.960184,432,3803.507632
-101.736969,432,3804.384697
-161.757734,432,3805.2219
-19.597123,432,3806.024894
70.42086,432,3806.814272
23.794637,432,3807.662156
20.613511,432,3808.442706
4.152015,432,3809.213367
21.804837,432,3809.629956
37.267829,432,3810.054273
-7.534049,432,3810.481224
41.011805,432,3810.892333
174.326734,432,3811.322707
14.359981,432,3812.223053
-72.961984,432,3813.04705
220.098287,432,3813.880734
144.832552,432,3814.675183
-23.602701,432,3815.475972
97.367769,432,3816.328774
75.444365,432,3817.101177
-118.806069,432,3817.883152
-79.373304,432,3818.677305
-92.154518,432,3819.546676
62.459093,432,3820.332071
60.277252,432,3821.104746
-50.798981,432,3821.906095
-95.267672,432,3822.747741
104.003753,432,3823.537328
-5.437564,432,3824.33784
-106.362619,432,3825.137299
71.083361,432,3825.951726
-38.081224,432,3826.740207
8.751683,432,3827.551034
-55.556022,432,3828.331226
46.624949,432,3829.136235
47.978931,432,3829.955545
27.473963,432,3830.733434
-34.381586,432,3831.52488
-170.105328,432,3832.3774
-84.502993,432,3833.160764
-79.333682,432,3833.987159
31.382061,432,3834.782989
-18.641026,432,3835.583951
125.346107,432,3836.391645
-32.805575,432,3837.207716
-26.896814,432,3838.005514
-2.149162,432,3838.819863
123.912091,432,3839.601522
-62.798323,432,3840.419085
-292.141741,432,3841.189198
47.567249,432,3842.001007
67.986466,432,3842.791369
-37.53784,432,3843.609134
-70.708816,432,3844.399576
-62.192794,432,3845.203244
51.493887,432,3846.02545
16.946314,432,3846.799271
-77.375707,432,3847.589406
-24.853823,432,3848.401775
-76.487536,432,3849.218539
-33.488504,432,3850.008188
243.51094,432,3850.798534
9.122105,432,3851.609859
11.555412,432,3852.432057
48.162575,432,3853.207551
24.194779,432,3853.989584
6.445986,432,3854.801404
10.490978,432,3855.618646
14.862343,432,3856.402172
-21.085441,432,3857.172571
-364.521915,432,3857.991365
-130.238228,432,3858.77756
149.248282,432,3859.58839
42.930901,432,3860.365703
-80.478929,432,3861.173011
22.217291,432,3861.958325
12.294408,432,3862.78353
-6.158865,432,3863.187191
27.396499,432,3863.602282
-10.402053,432,3864.024336
26.686001,432,3864.464593
43.070508,432,3864.906946
-113.919704,432,3865.851308
-8.030999,432,3866.666013
29.016825,432,3867.437031
-58.050183,432,3868.234714
24.352479,432,3869.061435
-4.772779,432,3869.853896
-12.23209,432,3870.630292
32.472223,432,3871.40231
4.683874,432,3872.200736
-31.805933,432,3873.04379
69.567763,432,3873.826194
74.843652,432,3874.612814
-38.612491,432,3875.405686
3.768694,432,3876.26771
92.353066,432,3877.048129
-62.681855,432,3877.833069
-257.118597,432,3878.632322
56.814558,432,3879.509591
-99.208214,432,3880.325155
-25.596072,432,3881.120581
-15.478981,432,3881.926602
-100.01038,432,3882.737753
60.581372,432,3883.544582
55.34279,432,3884.325315
49.213812,432,3885.11934
-186.708145,432,3885.961262
9.374779,432,3886.752446
-51.192074,432,3887.524913
-180.402326,432,3888.315222
26.14,432,3889.172421
77.294981,432,3889.940823
-103.001217,432,3890.716303
70.176133,432,3891.516264
24.695404,432,3892.377318
-310.88619,432,3893.152883
-43.22366,432,3893.924456
-66.107985,432,3894.723466
-44.201623,432,3895.561011
-25.240798,432,3896.39718
148.6495,432,3897.223313
-198.385369,432,3898.013659
-87.208409,432,3898.825394
57.239334,432,3899.614549
-164.443259,432,3900.431228
70.190203,432,3901.207923
-196.137438,432,3902.022975
-22.84459,432,3902.842292
-73.912337,432,3903.623836
28.222249,432,3904.414859
-31.797266,432,3905.264632
45.392734,432,3906.04632
-59.703221,432,3906.825836
-35.740039,432,3907.61497
56.155568,432,3908.474295
38.618861,432,3909.258428
-110.862874,432,3910.031147
51.062752,432,3910.829693
-101.689454,432,3911.681458
16.382585,432,3912.466598
-35.060629,432,3913.249457
-88.050566,432,3914.058303
132.813499,432,3914.89293
86.480821,432,3915.666373
-127.777682,432,3916.453026
43.550878,432,3916.868182
10.597391,432,3917.302714
4.787612,432,3917.735014
8.976785,432,3918.172832
15.83173,432,3918.620805
88.843031,432,3919.539013
12.75367,432,3920.350669
136.757264,432,3921.141392
-96.089904,432,3921.95233
-54.611434,432,3922.752059
43.539956,432,3923.581872
7.367823,432,3924.364913
36.724482,432,3925.191547
-73.388418,432,3925.96953
-12.710677,432,3926.788443
-236.392731,432,3927.581746
27.991129,432,3928.401888
23.651961,432,3929.182178
-139.907617,432,3929.982406
-58.83958,432,3930.771066
-94.044995,432,3931.567904
-41.231693,432,3932.386994
108.572099,432,3933.195674
133.04744,432,3933.969178
-60.35394,432,3934.752606
-21.732134,432,3935.54821
19.409635,432,3936.401876
120.819691,432,3937.180238
56.516168,432,3937.951958
101.977889,432,3938.751449
83.002363,432,3939.598827
-354.909135,432,3940.369945
-972.602066,432,3941.145037
14.252883,432,3941.933806
-129.14948,432,3942.753356
28.159401,432,3943.562989
132.61598,432,3944.334941
4.70127,432,3945.135144
1.753417,432,3945.962966
-58.230535,432,3946.797843
-371.115159,432,3947.590851
22.96116,432,3948.3838
39.76874,432,3949.220231
-22.845766,432,3949.992433
-201.239979,432,3950.775348
52.814051,432,3951.569341
-10.819539,432,3952.40944
69.286079,432,3953.202213
91.110275,432,3954.017606
58.886631,432,3954.809169
-56.691701,432,3955.616549
122.483256,432,3956.444299
150.439133,432,3957.233885
-180.785804,432,3958.02302
116.522502,432,3958.877196
-47.046075,432,3959.653761
-165.064117,432,3960.424384
-57.132042,432,3961.218869
-25.797637,432,3962.077922
-40.89585,432,3962.873118
108.025506,432,3963.659898
29.684211,432,3964.459662
42.98433,432,3965.289106
56.643152,432,3966.059875
75.779125,432,3966.841563
24.390735,432,3967.668452
-229.032422,432,3968.49397
158.592782,432,3969.268149
-22.410547,432,3970.059794
-15.326153,432,3970.472135
55.727016,432,3970.893493
73.800013,432,3971.307462
1.132729,432,3971.733111
83.995977,432,3972.170403
-11.500584,432,3973.061942
99.41093,432,3973.891534
62.238461,432,3974.695691
-258.951465,432,3975.473387
-94.47292,432,3976.279085
7.60633,432,3977.116374
-95.005966,432,3977.945626
-0.631794,432,3978.726392
-37.241014,432,3979.515565
-14.091295,432,3980.337536
-44.077723,432,3981.15251
-163.517423,432,3981.926817
26.771339,432,3982.719804
35.415985,432,3983.571353
-12.184748,432,3984.350741
-29.099359,432,3985.134991
172.512964,432,3985.945678
17.224375,432,3986.782844
138.35372,432,3987.56558
117.091593,432,3988.335678
-75.316066,432,3989.164963
7.433173,432,3989.984185
-25.741456,432,3990.754163
-49.887719,432,3991.546523
27.641993,432,3992.335734
56.899706,432,3993.187409
-237.000929,432,3993.963534
19.77547,432,3994.738338
-30.037658,432,3995.54515
53.527534,432,3996.394944
-16.713572,432,3997.186753
85.129861,432,3997.964216
-63.567647,432,3998.758278
-107.153494,432,3999.63141
-53.941563,432,4000.404813
37.478221,432,4001.1878
-87.898426,432,4001.98261
-179.894913,432,4002.78868
43.461453,432,4003.600555
-64.270186,432,4004.369974
94.899754,432,4005.1589
64.415956,432,4006.008613
-8.661953,432,4006.78949
-1.414011,432,4007.565417
84.22488,432,4008.380757
-256.843843,432,4009.206585
-57.985224,432,4009.983551
98.755643,432,4010.756877
-45.836101,432,4011.59511
20.053392,432,4012.409745
23.843852,432,4013.198541
-49.200639,432,4013.986203
-29.434307,432,4014.788219
-40.28301,432,4015.621454
56.176625,432,4016.410666
132.038106,432,4017.201852
80.268525,432,4018.030188
-38.308675,432,4018.845156
14.089668,432,4019.635422
-168.071937,432,4020.422283
-42.79391,432,4021.244921
162.792115,432,4022.056501
130.244769,432,4022.827597
24.993792,432,4023.604702
66.295949,432,4024.017567
50.942771,432,4024.451339
2.683938,432,4024.8708
-9.17367,432,4025.307842
1.002222,432,4025.746082
77.850952,432,4026.666724
-19.657446,432,4027.491683
-280.14436,432,4028.275161
-15.220866,432,4029.060349
-166.661115,432,4029.890285
93.914467,432,4030.720154
-212.592297,432,4031.535631
-47.960794,432,4032.364624
-148.245491,432,4033.151845
-265.8754,432,4033.965991
-3.028013,432,4034.743551
11.486884,432,4035.544932
-6.933634,432,4036.365186
-86.566425,432,4037.178928
92.78646,432,4037.972495
170.587428,432,4038.789603
75.090595,432,4039.57338
20.136547,432,4040.383666
55.594212,432,4041.165716
-62.219166,432,4041.989868
-54.326572,432,4042.77146
1.862394,432,4043.604635
-180.639149,432,4044.393804
-144.049743,432,4045.183689
-30.421173,432,4046.012572
-42.962441,432,4046.82512
-120.391887,432,4047.613743
39.816682,432,4048.40293
-172.784027,432,4049.218946
8.99259,432,4050.038014
29.691859,432,4050.808503
-9.229657,432,4051.607317
-119.626198,432,4052.436092
5.711687,432,4053.240357
110.105842,432,4054.032953
-10.922921,432,4054.81483
-92.55584,432,4055.643693
12.563711,432,4056.45613
46.320606,432,4057.227935
-44.640148,432,4058.06344
34.658446,432,4058.845244
54.393696,432,4059.663357
3.610985,432,4060.468784
103.634346,432,4061.262115
31.016011,432,4062.056338
104.52309,432,4062.869012
9.984889,432,4063.694881
105.105545,432,4064.472358
56.741679,432,4065.245282
57.354731,432,4066.072176
-115.939556,432,4066.879524
72.123676,432,4067.65943
29.814275,432,4068.437565
42.727094,432,4069.306868
84.027764,432,4069.983322
-33.424453,432,4070.640414
-221.54889,432,4071.320476
130.609573,432,4072.070537
-8.847604,432,4072.82108
-201.036818,432,4073.579188
-90.593252,432,4074.426698
-9.003111,432,4075.246252
-263.208948,432,4075.996708
-7.221456,432,4076.765535
1.412766,432,4077.157969
56.025403,432,4077.601457
125.909971,432,4077.989108
15.093844,432,77461.049343
-5.809836,432,77462.032833
-22.133937,432,77463.553937
93.245743,432,77464.92933
-28.427789,432,77465.978479
4.946194,432,77467.499355
20.80309,432,77468.610883
30.58924,432,77469.437664
-103.54471,432,77470.137102
104.523454,432,77470.829681
99.653226,432,77471.616403
125.898718,432,77472.326682
26.294549,432,77473.013456
39.458094,432,77473.700367
39.664324,432,77474.410002
-25.257768,432,77475.163119
-62.014346,432,77475.86291
-125.743331,432,77476.561386
-8.814409,432,77477.316393
104.967404,432,77478.071639
-2.538072,432,77478.856816
-321.540861,432,77479.580868
41.687416,432,77480.283921
3.864231,432,77480.994437
-24.682711,432,77481.683352
53.709969,432,77482.367419
-3.784544,432,77483.058624
-43.766522,432,77483.794124
80.493316,432,77484.496305
104.090446,432,77485.220077
-23.294361,432,77486.02118
-107.231949,432,77486.829797
-66.015498,432,77487.516886
32.653857,432,77488.226877
-1.74199,432,77489.008275
-16.458058,432,77489.852476
105.987792,432,77490.654966
-31.854536,432,77491.468908
-63.551633,432,77492.271809
-235.007794,432,77493.177281
-154.451991,432,77493.998487
-30.629926,432,77494.850604
78.247658,432,77495.677886
-27.360012,432,77496.918895
-32.307003,432,77498.099321
83.838559,432,77499.319075
-32.553235,432,77500.62668
40.962674,432,77501.597686
-103.288055,432,77502.402696
-18.888825,432,77503.249166
67.91553,432,77504.079292
127.97923,432,77504.978152
-33.887619,432,77505.889417
-44.312839,432,77506.776382
-86.075745,432,77507.646898
44.557715,432,77508.667331
43.070916,432,77509.503415
58.793252,432,77510.374167
70.633886,432,77511.1991
45.317575,432,77512.075177
10.801359,432,77512.883596
-138.396771,432,77513.669595
19.144161,432,77514.565104
-65.180829,432,77515.408005
21.09258,432,77516.284777
21.07613,432,77517.133231
93.794531,432,77517.563503
82.397114,432,77518.222848
76.400502,432,77518.899882
68.188107,432,77519.502435
-37.293702,432,77520.119114
-29.150313,432,77521.626641
8.751852,432,77522.779078
53.808814,432,77523.870141
-7.746442,432,77524.79176
-21.678918,432,77525.628097
68.611434,432,77526.512471
-51.553859,432,77527.327373
71.521374,432,77528.135449
-81.941355,432,77528.977548
-196.632704,432,77529.847863
37.924635,432,77530.653149
33.451242,432,77531.444118
-50.988462,432,77532.276174
-62.081309,432,77533.143679
30.169061,432,77533.944482
-91.140595,432,77534.794757
4.687704,432,77535.633666
-18.55855,432,77536.49422
22.58754,432,77537.475705
53.304865,432,77538.357276
-24.345465,432,77539.136942
42.785669,432,77539.988317
-118.235346,432,77540.839774
54.56742,432,77541.722901
-104.228357,432,77542.574375
91.379874,432,77543.41704
89.691209,432,77544.302075
-162.570873,432,77545.072423
-32.496063,432,77545.813824
-359.015289,432,77546.64167
58.866095,432,77547.417315
-75.270757,432,77548.205071
-84.361681,432,77548.993165
88.868231,432,77549.856626
-3.919398,432,77550.68289
89.72084,432,77551.525285
-146.055205,432,77552.385014
2.42889,432,77553.232344
25.798962,432,77554.086051
-46.606915,432,77554.939342
109.411968,432,77555.765743
78.740045,432,77556.63272
-20.470907,432,77557.457777
-10.551056,432,77558.284014
-257.799752,432,77559.124486
160.630408,432,77559.974807
145.330267,432,77560.805763
83.528415,432,77561.649417
142.353224,432,77562.496477
154.00037,432,77563.354775
-46.870147,432,77564.209811
104.772356,432,77565.086681
-32.024066,432,77565.921276
90.207111,432,77566.768281
60.690186,432,77567.594778
100.645278,432,77568.414271
103.482534,432,77569.253999
24.797061,432,77570.105755
163.002528,432,77570.946514
-127.735921,432,77571.788691
102.102021,432,77572.617281
-18.443695,432,77573.492353
20.980808,432,77574.320265
111.77746,432,77575.221538
151.621864,432,77575.625367
131.789564,432,77576.114151
107.197191,432,77576.536529
67.196611,432,77576.976558
127.66442,432,77577.498151
90.678152,432,77578.469602
111.343044,432,77579.337323
3.098081,432,77580.165492
88.679862,432,77581.006552
92.022273,432,77581.861064
103.457582,432,77582.812418
108.387883,432,77583.637589
-37.132955,432,77584.475457
53.877306,432,77585.320311
40.639815,432,77586.200501
76.024465,432,77587.034611
12.876607,432,77587.865334
41.84765,432,77588.719235
-29.404825,432,77589.568273
-78.745365,432,77590.417964
142.401,432,77591.245212
147.743341,432,77592.073787
102.109303,432,77593.26528
160.626113,432,77594.452789
17.212173,432,77595.257101
134.68236,432,77596.106213
13.500839,432,77596.998414
16.350019,432,77597.916176
95.760126,432,77598.702694
134.337731,432,77599.408257
103.097476,432,77600.12371
68.483681,432,77600.951222
73.786473,432,77601.731881
-168.374588,432,77602.527453
123.98675,432,77603.370792
22.403828,432,77604.234543
81.232233,432,77605.031922
115.887388,432,77605.877492
-10.093443,432,77606.792829
-68.046395,432,77607.692534
-22.675619,432,77608.527778
150.664215,432,77609.360581
-9.920725,432,77610.243312
81.337536,432,77611.115962
77.065842,432,77612.000009
-30.279333,432,77612.817829
-68.294132,432,77613.677269
32.218053,432,77614.488464
176.291563,432,77615.330043
29.163654,432,77616.14858
13.21123,432,77617.013829
51.961215,432,77617.831183
43.18313,432,77618.648131
61.960838,432,77619.48526
173.236079,432,77620.321605
-283.85301,432,77621.189292
128.130651,432,77622.014696
176.391834,432,77622.830624
40.604571,432,77623.655461
85.805463,432,77624.460519
177.750142,432,77625.291193
40.581945,432,77626.081861
201.153362,432,77626.90028
81.439792,432,77627.733297
157.734738,432,77628.544808
57.184374,432,77629.390563
-31.142045,432,77630.352939
197.253469,432,77631.276101
165.05592,432,77632.128629
174.925142,432,77632.565174
159.709873,432,77632.991998
167.650591,432,77633.416216
169.612539,432,77633.841855
158.110821,432,77634.332321
134.246267,432,77635.373523
143.235307,432,77636.30394
157.719932,432,77637.138469
149.034395,432,77637.940722
147.988538,432,77638.828862
-8.332057,432,77639.880618
134.359127,432,77640.881166
149.583886,432,77641.658535
154.790858,432,77642.445125
140.573837,432,77643.247823
86.962897,432,77644.130402
139.56938,432,77644.986377
84.55604,432,77645.868696
195.431551,432,77646.882255
130.495561,432,77647.791102
61.848633,432,77648.667378
70.05488,432,77649.621947
-53.652009,432,77650.59874
138.942633,432,77651.500175
64.281804,432,77652.370453
-136.744974,432,77653.347884
86.208379,432,77654.336754
132.030457,432,77655.274658
194.150526,432,77656.211044
125.971259,432,77657.138193
67.076192,432,77658.088209
137.157698,432,77659.027361
146.766956,432,77659.879729
136.437856,432,77660.834197
157.093013,432,77661.798685
154.893873,432,77662.684681
-179.449208,432,77663.548534
130.154688,432,77664.472438
104.824008,432,77665.504256
23.907885,432,77666.338517
96.371122,432,77667.256233
141.973991,432,77668.18229
-165.276769,432,77669.107807
-122.950464,432,77670.003357
64.314501,432,77670.918915
151.293225,432,77671.817591
209.315157,432,77672.788403
107.407813,432,77673.784809
170.864127,432,77674.678386
40.392575,432,77675.562214
143.450524,432,77676.510252
-12.194516,432,77677.491834
9.915302,432,77678.403004
85.703305,432,77679.299429
136.404268,432,77680.240842
-19.665353,432,77681.070047
-4.440215,432,77681.892703
1.669968,432,77682.722271
167.403334,432,77683.5986
77.362726,432,77684.426481
156.166764,432,77685.278754
146.740435,432,77686.135637
156.542161,432,77686.998596
178.706935,432,77687.894019
143.578831,432,77688.799923
69.516154,432,77689.712586
124.488099,432,77690.750302
66.820392,432,77691.715673
-130.677254,432,77692.599705
191.754617,432,77693.09181
81.263872,432,77693.623994
171.508578,432,77694.15622
154.373605,432,77694.573098
153.486931,432,77695.00316
-241.677057,432,77695.906852
161.569958,432,77696.898651
25.711575,432,77697.933561
48.243141,432,77698.814051
-62.844175,432,77699.679974
-196.900956,432,77700.632417
138.932904,432,77701.620545
105.904203,432,77702.462087
92.916188,432,77703.340602
133.233084,432,77704.220492
-37.485415,432,77705.040975
145.047304,432,77705.897174
63.72672,432,77706.738705
-83.760115,432,77707.681474
88.919927,432,77708.647978
16.164249,432,77709.757514
110.033592,432,77710.927183
77.314187,432,77712.034802
184.776438,432,77713.047312
139.346382,432,77714.103387
171.500175,432,77715.132432
-154.260003,432,77716.202213
109.118987,432,77717.265745
130.071511,432,77718.340533
214.159189,432,77719.421606
44.433543,432,77720.485734
-12.639743,432,77721.489412
141.222376,432,77722.43532
-231.463841,432,77723.29284
-124.260541,432,77724.140886
201.030137,432,77724.977576
-48.017467,432,77725.863717
170.197914,432,77726.769164
87.95513,432,77727.632452
-26.221365,432,77728.455534
163.491698,432,77729.28125
6.762479,432,77730.145895
73.217891,432,77731.012016
140.173792,432,77731.835767
233.166081,432,77732.671776
-277.623969,432,77733.503269
121.144996,432,77734.357682
68.288275,432,77735.184723
127.551872,432,77736.00702
148.556318,432,77736.852687
135.059766,432,77737.728562
119.318813,432,77738.581529
161.403064,432,77739.415642
-12.027593,432,77740.249466
56.118373,432,77741.095024
164.537558,432,77741.9137
68.349477,432,77742.746401
195.301857,432,77743.585728
-4.677821,432,77744.452035
125.752391,432,77745.278893
80.068516,432,77746.092575
-57.285122,432,77746.928244
135.388311,432,77747.787278
97.099975,432,77748.608422
146.342051,432,77749.429203
114.734336,432,77750.256378
184.618946,432,77751.119827
32.263772,432,77751.953187
118.068272,432,77752.785539
199.98822,432,77753.215459
95.164429,432,77753.64566
144.971712,432,77754.071804
71.305676,432,77754.506745
116.983971,432,77754.978929
117.911592,432,77755.922047
-69.047143,432,77756.805255
156.068637,432,77757.655251
-43.456948,432,77758.494083
169.556084,432,77759.326155
-124.708307,432,77760.20915
149.636307,432,77761.053903
-22.129491,432,77761.904077
45.778501,432,77762.741112
198.458226,432,77763.602179
157.666671,432,77764.468106
150.94902,432,77765.319979
186.921661,432,77766.217675
-189.232902,432,77767.091924
70.655227,432,77767.967581
168.603695,432,77768.814401
-33.685744,432,77769.752201
83.780482,432,77770.703726
124.67367,432,77771.62448
51.177834,432,77772.482094
127.320851,432,77773.359049
116.205015,432,77774.342538
74.899407,432,77775.195821
-0.134073,432,77775.989983
186.902421,432,77776.789057
141.542136,432,77777.619867
88.262787,432,77778.414505
73.938298,432,77779.222499
33.923224,432,77780.036308
-79.970418,432,77780.895835
171.006893,432,77781.74242
120.821892,432,77782.617622
57.523405,432,77783.475904
-90.006785,432,77784.331074
179.508676,432,77785.169224
60.052794,432,77785.994514
157.8135,432,77786.819597
77.928748,432,77787.683287
-68.220192,432,77788.502711
-60.767935,432,77789.323011
-98.688977,432,77790.171711
-30.720737,432,77791.025971
158.18307,432,77791.85649
-47.984697,432,77792.68554
75.32472,432,77793.516045
126.623786,432,77794.37321
82.547157,432,77795.188815
-28.775165,432,77796.026088
157.918555,432,77796.861757
-154.991187,432,77797.723079
190.245139,432,77798.579049
161.53959,432,77799.397753
129.107107,432,77800.252088
164.515044,432,77801.135639
-195.284548,432,77801.98736
114.460314,432,77802.86951
186.961574,432,77803.677341
78.74386,432,77804.525906
91.553745,432,77805.31798
3.631517,432,77806.164983
162.419784,432,77807.02082
116.821963,432,77807.861008
186.46192,432,77808.721589
110.094514,432,77809.551472
147.562654,432,77809.971844
152.35633,432,77810.378408
144.816665,432,77810.772941
163.814676,432,77811.199474
180.42405,432,77811.66514
170.141087,432,77812.583467
4.322461,432,77813.454009
59.324103,432,77814.285069
206.823566,432,77815.115143
185.792673,432,77815.960769
109.383979,432,77816.828125
141.118701,432,77817.655495
150.401007,432,77818.477675
-158.141688,432,77819.320964
176.985654,432,77820.18755
54.847531,432,77821.009327
39.272624,432,77821.853943
63.678026,432,77822.689574
-6.409881,432,77823.568147
-206.750172,432,77824.411326
95.450702,432,77825.237087
7.187095,432,77826.074579
-235.227541,432,77826.917416
156.113586,432,77827.744755
5.653159,432,77828.572828
161.481677,432,77829.409149
176.802318,432,77830.268422
86.79959,432,77831.084231
58.017278,432,77831.911075
109.25795,432,77832.772359
22.591622,432,77833.702583
110.545765,432,77834.551827
-19.494832,432,77835.390054
182.219642,432,77836.304602
94.374501,432,77837.181091
111.660071,432,77838.064898
-23.337777,432,77838.899822
-179.706168,432,77839.734581
182.546444,432,77840.649416
126.79045,432,77841.492071
125.244533,432,77842.321362
99.477924,432,77843.170003
120.166268,432,77844.062862
159.463572,432,77844.967993
139.548963,432,77845.800122
99.532693,432,77846.67553
102.844775,432,77847.58525
165.169693,432,77848.445989
155.663647,432,77849.3054
102.793756,432,77850.107215
202.27604,432,77850.922123
115.700715,432,77851.733459
127.253776,432,77852.534827
154.803295,432,77853.381859
116.905292,432,77854.244286
-109.884916,432,77855.058548
-40.526587,432,77855.890607
156.104822,432,77856.717172
154.5393,432,77857.575351
147.330897,432,77858.394757
206.179427,432,77859.217049
55.498452,432,77860.042487
60.722379,432,77860.937718
-269.498118,432,77861.782222
66.462899,432,77862.641309
89.288717,432,77863.482895
5.299007,432,77864.340111
-315.442765,432,77865.154315
45.224841,432,77865.992905
147.912414,432,77866.421152
124.211951,432,77866.845054
67.080637,432,77867.266642
176.885139,432,77867.725861
144.210622,432,77868.18717
40.23582,432,77869.103731
128.585975,432,77869.960796
138.499728,432,77870.794519
169.586995,432,77871.615857
42.597553,432,77872.466648
163.035773,432,77873.349354
144.180877,432,77874.168732
45.258425,432,77875.002633
108.681703,432,77875.832039
160.795922,432,77876.718374
132.04756,432,77877.564943
123.838612,432,77878.399215
93.250742,432,77879.237738
118.957486,432,77880.091066
160.897207,432,77880.931666
163.662403,432,77881.754332
-205.603807,432,77882.58158
163.190007,432,77883.465535
32.099672,432,77884.294823
146.429007,432,77885.145362
160.405296,432,77885.970236
198.149486,432,77886.81273
98.036321,432,77887.629865
-77.589586,432,77888.472798
163.58361,432,77889.315351
-42.006308,432,77890.175905
86.059824,432,77891.000276
76.780035,432,77891.833061
137.220769,432,77892.652941
-369.021365,432,77893.523393
120.225242,432,77894.367155
36.28448,432,77895.191015
27.697162,432,77896.022002
25.572018,432,77896.890115
90.000454,432,77897.742303
177.492873,432,77898.563911
0.125795,432,77899.397971
77.732466,432,77900.250302
150.699409,432,77901.07424
131.902068,432,77901.915485
-190.709075,432,77902.753093
108.792768,432,77903.59964
-13.468636,432,77904.432319
127.961001,432,77905.25617
150.273831,432,77906.11763
126.387416,432,77906.985489
126.367391,432,77907.80163
68.455863,432,77908.637525
178.471261,432,77909.462011
142.918035,432,77910.323362
-370.084843,432,77911.196098
103.943573,432,77912.022301
158.147642,432,77912.839406
-296.11433,432,77913.684915
159.776887,432,77914.507122
143.000997,432,77915.334755
103.835526,432,77916.177076
-94.293069,432,77917.037788
137.902814,432,77917.857027
139.779077,432,77918.689019
51.572393,432,77919.521015
205.161719,432,77920.38998
165.927494,432,77921.217268
-129.021346,432,77922.057159
223.388231,432,77922.481825
140.299326,432,77922.900919
84.875262,432,77923.334893
120.512542,432,77923.79598
132.038083,432,77924.272919
160.073745,432,77925.191169
75.963384,432,77926.058026
159.351056,432,77926.876173
124.508655,432,77927.711888
-58.365074,432,77928.536436
123.512062,432,77929.416506
106.061764,432,77930.258356
101.324878,432,77931.084382
52.46033,432,77931.923115
186.211011,432,77932.785475
96.304199,432,77933.620384
97.308771,432,77934.461872
37.226617,432,77935.300278
75.817915,432,77936.173935
120.752,432,77936.99803
58.484544,432,77937.845318
152.689817,432,77938.691685
-148.525654,432,77939.536061
104.621601,432,77940.362842
2.956984,432,77941.184029
119.940621,432,77942.026322
-212.163477,432,77942.886229
-296.496056,432,77943.712875
202.163524,432,77944.545647
174.347003,432,77945.368669
80.259163,432,77946.223768
149.505539,432,77947.061527
44.483938,432,77947.883944
156.55147,432,77948.728972
80.51059,432,77949.594153
20.552711,432,77950.417878
-150.6154,432,77951.244985
137.896127,432,77952.069686
152.862795,432,77952.933065
67.308224,432,77953.764066
-142.756045,432,77954.592532
149.614854,432,77955.44949
4.842145,432,77956.30173
87.015772,432,77957.125206
109.897919,432,77957.953903
4.992027,432,77958.811915
104.384647,432,77959.671141
120.811505,432,77960.504514
125.187891,432,77961.325002
4.014011,432,77962.156097
41.779894,432,77963.026298
70.378036,432,77963.852222
77.670772,432,77964.672386
175.518027,432,77965.534875
-239.168713,432,77966.395239
152.670337,432,77967.226689
92.328313,432,77968.058005
102.064567,432,77968.885031
34.178935,432,77969.733691
-249.769382,432,77970.561318
-161.025632,432,77971.401161
201.201065,432,77972.232079
109.873092,432,77973.089529
56.044015,432,77973.950814
105.519108,432,77974.764105
158.234342,432,77975.60604
135.61067,432,77976.454038
-48.028598,432,77977.267336
38.63402,432,77978.088704
141.133167,432,77978.511642
51.803438,432,77978.936418
176.238528,432,77979.37603
154.464692,432,77979.835573
86.072253,432,77980.291416
22.503104,432,77981.214117
113.518817,432,77982.068503
184.959182,432,77982.883792
102.932973,432,77983.695695
9.364948,432,77984.518937
-126.489121,432,77985.370762
-276.547426,432,77986.200509
86.160919,432,77987.025587
66.932128,432,77987.860238
74.099221,432,77988.707136
51.526653,432,77989.539518
190.462213,432,77990.370418
163.274771,432,77991.196313
-261.303132,432,77992.052734
139.721997,432,77992.878968
141.753226,432,77993.694592
132.17136,432,77994.555835
57.200205,432,77995.407657
124.125847,432,77996.226038
-6.009097,432,77997.075005
178.191021,432,77997.912277
167.485115,432,77998.785053
137.34358,432,77999.611339
116.829504,432,78000.451667
82.623091,432,78001.306312
-22.626704,432,78002.1622
129.407578,432,78002.994065
93.844981,432,78003.828769
20.075281,432,78004.652126
208.284395,432,78005.50808
130.916492,432,78006.338654
39.200581,432,78007.175922
108.141379,432,78008.000461
-36.033936,432,78008.864892
96.554654,432,78009.687642
-126.252369,432,78010.506267
-78.368975,432,78011.348253
74.420729,432,78012.205405
104.239013,432,78013.026174
14.371522,432,78013.857223
49.016842,432,78014.714187
89.20827,432,78015.592718
78.3551,432,78016.421431
133.02827,432,78017.234695
159.877459,432,78018.074143
137.841171,432,78018.934073
-162.424505,432,78019.769033
73.372442,432,78020.595491
199.584247,432,78021.430859
-294.798271,432,78022.28863
91.999645,432,78023.106978
129.165513,432,78023.94473
118.468268,432,78024.771403
149.428141,432,78025.631063
178.867426,432,78026.464228
103.151636,432,78027.290369
128.225447,432,78028.144091
111.66037,432,78028.994405
46.615835,432,78029.821898
181.191893,432,78030.646224
164.700694,432,78031.484203
122.387543,432,78032.3447
-184.669314,432,78033.170563
115.786059,432,78034.003134
176.177163,432,78034.425624
56.389547,432,78034.859421
167.178371,432,78035.29544
126.847569,432,78035.751257
150.28697,432,78036.204851
155.379991,432,78037.134833
-160.358461,432,78037.989621
93.155744,432,78038.825128
108.260541,432,78039.651412
166.276275,432,78040.467838
75.182231,432,78041.321079
114.664082,432,78042.134719
90.550153,432,78042.968447
144.672734,432,78043.799582
34.375135,432,78044.643892
136.791859,432,78045.479251
149.651363,432,78046.302701
99.783373,432,78047.158614
156.513503,432,78048.005035
96.391329,432,78048.830983
146.563803,432,78049.654255
5.001423,432,78050.474595
10.033968,432,78051.338497
145.191294,432,78052.161531
-48.963271,432,78052.990764
128.38562,432,78053.824943
149.909334,432,78054.67731
89.452267,432,78055.512321
20.880535,432,78056.34253
119.184005,432,78057.188486
67.509881,432,78058.058043
119.669181,432,78058.895835
-50.38228,432,78059.840456
33.187246,432,78060.738741
149.819798,432,78061.61974
106.895307,432,78062.453417
-295.365914,432,78063.259816
91.132243,432,78064.112075
184.922509,432,78064.986793
116.234805,432,78065.827604
129.404415,432,78066.668947
124.205326,432,78067.501591
100.052863,432,78068.406328
-39.067942,432,78069.265078
84.927994,432,78070.121599
128.374891,432,78070.999475
147.423882,432,78071.855398
126.670467,432,78072.69315
-3.622821,432,78073.520964
61.941149,432,78074.355847
234.738535,432,78075.209942
135.707646,432,78076.026016
-18.914563,432,78076.876133
128.175694,432,78077.709923
89.916779,432,78078.552606
39.81702,432,78079.401392
116.360079,432,78080.22384
81.081887,432,78081.06576
-168.048995,432,78081.940647
-65.548669,432,78082.772734
151.69682,432,78083.605364
160.320857,432,78084.444598
138.361812,432,78085.331893
0.328936,432,78086.186749
-268.341322,432,78087.040848
120.074356,432,78087.896524
49.283582,432,78088.765795
104.815231,432,78089.626702
-152.69391,432,78090.528705
163.660116,432,78090.970553
146.109433,432,78091.423877
180.241966,432,78091.888602
158.036536,432,78092.373627
159.692,432,78092.841758
100.637849,432,78093.772612
-27.94455,432,78094.671847
68.382812,432,78095.513334
72.533432,432,78096.360217
132.921404,432,78097.216721
105.873788,432,78098.082989
110.551875,432,78098.904977
83.086417,432,78099.739835
114.271579,432,78100.601694
157.1243,432,78101.454618
-106.773968,432,78102.259321
119.511993,432,78103.074485
73.154875,432,78103.921059
15.662215,432,78104.775716
141.582466,432,78105.635178
150.31409,432,78106.51889
153.039589,432,78107.40792
150.070031,432,78108.290328
-143.38793,432,78109.122534
174.334142,432,78109.919094
16.587219,432,78110.763152
-102.331679,432,78111.579359
81.942345,432,78112.383
-97.401009,432,78113.201843
138.907561,432,78114.041335
42.282041,432,78114.885539
-9.050239,432,78115.703169
77.182901,432,78116.571429
94.044605,432,78117.432597
79.124498,432,78118.295307
101.364454,432,78119.124954
-157.461516,432,78119.979202
125.64774,432,78120.846468
-29.017938,432,78121.732147
48.136965,432,78122.652855
126.156064,432,78123.48239
156.0135,432,78124.336287
47.172675,432,78125.203703
113.970855,432,78126.095754
77.565718,432,78126.990071
86.507483,432,78127.820863
84.645962,432,78128.687208
17.972731,432,78129.51526
186.319302,432,78130.353587
88.508048,432,78131.206789
135.172153,432,78132.066156
121.149438,432,78132.889411
36.563729,432,78133.709925
116.688651,432,78134.54029
59.108255,432,78135.407374
178.915474,432,78136.243268
199.56831,432,78137.070185
140.717151,432,78137.923687
-47.392395,432,78138.786746
170.124082,432,78139.615459
157.449984,432,78140.434351
107.770752,432,78141.258707
86.247544,432,78142.104321
-45.172414,432,78142.936205
76.994853,432,78143.760018
137.318235,432,78144.589672
110.933037,432,78145.438391
35.939805,432,78146.258814
150.451861,432,78147.106207
60.959528,432,78147.523697
122.565506,432,78147.957365
136.333376,432,78148.398986
95.866366,432,78148.854537
152.736234,432,78149.32608
-3.914511,432,78150.267417
147.884217,432,78151.119584
97.62622,432,78151.962803
170.08777,432,78152.793548
142.553124,432,78153.637104
10.186527,432,78154.485308
112.24198,432,78155.302965
-8.343495,432,78156.135031
152.441833,432,78156.969452
127.572294,432,78157.840739
69.412726,432,78158.668571
172.278225,432,78159.484722
-26.633216,432,78160.317375
-81.888837,432,78161.168623
54.889894,432,78161.995745
94.422198,432,78162.858962
-11.640769,432,78163.705786
125.088627,432,78164.575635
11.116093,432,78165.397758
-263.46427,432,78166.224545
76.578622,432,78167.055217
121.581287,432,78167.917961
-152.427911,432,78168.754126
137.350278,432,78169.576818
-282.266033,432,78170.413271
94.879479,432,78171.268964
40.000314,432,78172.106624
155.775848,432,78172.943824
-153.129592,432,78173.794511
161.462565,432,78174.660468
148.856818,432,78175.487132
77.991225,432,78176.358241
57.026776,432,78177.192034
135.625079,432,78178.048041
108.111557,432,78178.884574
146.16004,432,78179.718953
43.877812,432,78180.553562
123.118665,432,78181.423068
95.405244,432,78182.249578
72.502349,432,78183.082266
105.760221,432,78183.916924
146.002015,432,78184.769423
167.194666,432,78185.601753
148.303645,432,78186.432545
111.432525,432,78187.292947
76.812173,432,78188.150774
161.868175,432,78188.975428
103.20195,432,78189.803046
36.361902,432,78190.632225
134.884533,432,78191.501792
71.903421,432,78192.330527
144.963923,432,78193.151981
24.051941,432,78193.995183
83.239714,432,78194.84877
129.793912,432,78195.676877
99.030153,432,78196.503734
154.973028,432,78197.322408
-342.137925,432,78198.179133
-3.258769,432,78199.002725
158.081271,432,78199.844893
-143.647648,432,78200.702707
115.477192,432,78201.577864
99.125155,432,78202.41842
123.619107,432,78203.240169
180.662034,432,78203.664458
114.858772,432,78204.102657
131.354742,432,78204.551435
186.765251,432,78205.023069
136.892537,432,78205.491578
49.918076,432,78206.42254
45.128813,432,78207.287251
91.937676,432,78208.118529
148.623231,432,78208.954907
97.927338,432,78209.785163
95.740118,432,78210.662295
135.662327,432,78211.488708
109.387267,432,78212.319843
120.181701,432,78213.151588
-33.486007,432,78214.011035
77.295129,432,78214.849841
159.525673,432,78215.671782
144.254732,432,78216.501783
-38.737638,432,78217.360619
44.043827,432,78218.176287
104.346813,432,78219.007503
-61.51334,432,78219.841819
78.653184,432,78220.698627
5.075616,432,78221.522964
105.170526,432,78222.33414
62.879901,432,78223.16945
109.263702,432,78224.043448
198.124663,432,78224.866519
155.65012,432,78225.695622
73.456489,432,78226.536011
50.158124,432,78227.40767
37.990654,432,78228.226893
73.618541,432,78229.038796
113.896146,432,78229.866628
-63.241569,432,78230.717885
190.665928,432,78231.54249
111.601899,432,78232.385406
52.636565,432,78233.214732
62.676848,432,78234.05671
154.869483,432,78234.87651
151.948015,432,78235.710327
184.297478,432,78236.55907
116.50441,432,78237.411217
106.992765,432,78238.237284
-106.392128,432,78239.063176
62.027485,432,78239.902132
129.134788,432,78240.769016
-147.998462,432,78241.596305
-11.332024,432,78242.437971
70.635678,432,78243.271258
-284.773104,432,78244.13693
121.429246,432,78244.96805
40.161614,432,78245.786556
112.71522,432,78246.627709
47.391844,432,78247.484374
147.100893,432,78248.309583
80.676552,432,78249.141438
-19.714755,432,78249.98505
136.915444,432,78250.839774
-13.432507,432,78251.683132
34.695955,432,78252.50921
111.732544,432,78253.345803
48.997667,432,78254.204616
161.137561,432,78255.028167
102.276696,432,78255.842645
122.839524,432,78256.688737
118.560807,432,78257.550813
-10.671398,432,78258.368611
120.003793,432,78259.207935
137.779127,432,78259.622965
161.609168,432,78260.04697
105.812937,432,78260.489722
137.231208,432,78260.944098
158.161223,432,78261.393399
43.04743,432,78262.33851
64.288346,432,78263.206521
116.394982,432,78264.014383
175.144138,432,78264.836855
96.964841,432,78265.671497
-85.084208,432,78266.52233
75.635081,432,78267.362976
214.449349,432,78268.189191
46.132879,432,78269.017473
-189.975063,432,78269.86534
106.923946,432,78270.686296
105.769407,432,78271.524511
90.455164,432,78272.368599
-14.75794,432,78273.264721
127.491136,432,78274.098074
97.1751,432,78274.924267
121.057047,432,78275.769578
81.153054,432,78276.63038
14.727868,432,78277.458801
19.079505,432,78278.283797
46.477588,432,78279.105942
106.895446,432,78279.97894
61.802818,432,78280.805639
-55.372066,432,78281.628189
186.401946,432,78282.456187
-92.900979,432,78283.315845
127.682564,432,78284.154526
103.01302,432,78284.986579
103.668514,432,78285.819315
132.579265,432,78286.689658
119.830333,432,78287.510515
91.485834,432,78288.344707
116.248007,432,78289.190409
-23.505512,432,78290.046922
6.873271,432,78290.887644
163.584329,432,78291.707156
123.674892,432,78292.540499
81.535876,432,78293.392861
143.480652,432,78294.205623
175.0512,432,78295.026143
94.587633,432,78295.87062
60.926818,432,78296.755127
28.777599,432,78297.581413
159.666547,432,78298.399319
-127.677456,432,78299.240043
99.744152,432,78300.092696
89.316718,432,78300.92806
90.747319,432,78301.762282
65.907637,432,78302.601288
-111.191856,432,78303.473027
-31.134782,432,78304.309253
-21.715169,432,78305.152635
-8.539937,432,78306.003265
164.874607,432,78306.856317
63.613583,432,78307.687257
16.865516,432,78308.508167
80.720307,432,78309.342232
-37.66912,432,78310.197037
160.118821,432,78311.02854
109.088752,432,78311.871076
86.553657,432,78312.71128
108.829191,432,78313.575676
110.93942,432,78314.398842
85.337206,432,78315.219893
179.801111,432,78315.635913
148.417115,432,78316.059117
88.847682,432,78316.497068
111.677476,432,78316.950462
109.102824,432,78317.401218
111.781646,432,78318.323382
127.430485,432,78319.174912
74.003209,432,78320.015604
162.508756,432,78320.859833
-403.560786,432,78321.694453
-325.988553,432,78322.539448
-32.415981,432,78323.360488
57.845164,432,78324.191975
12.941801,432,78325.023226
56.610331,432,78325.868596
68.781297,432,78326.696361
170.876945,432,78327.517231
110.056275,432,78328.355168
11.901241,432,78329.216222
148.52969,432,78330.039859
-53.595525,432,78330.870607
-118.129459,432,78331.690293
121.675483,432,78332.566319
-87.847498,432,78333.397128
-149.398761,432,78334.226244
104.785464,432,78335.056286
12.504239,432,78335.920923
-121.319315,432,78336.765027
111.638833,432,78337.59005
22.588227,432,78338.416237
192.324284,432,78339.275877
142.644741,432,78340.103959
-27.368709,432,78340.937277
172.292866,432,78341.779245
106.305123,432,78342.64222
115.758401,432,78343.46868
61.208213,432,78344.297216
107.854353,432,78345.149304
22.938753,432,78346.007471
87.66504,432,78346.82964
176.560407,432,78347.654877
126.961158,432,78348.484862
152.935968,432,78349.343135
119.479513,432,78350.167261
117.894048,432,78350.97815
85.876728,432,78351.806895
114.529781,432,78352.674291
153.838989,432,78353.508114
95.219651,432,78354.3408
59.219059,432,78355.187281
111.015793,432,78356.068821
50.076328,432,78356.891081
88.110662,432,78357.724561
11.679405,432,78358.563944
41.219724,432,78359.421866
60.664313,432,78360.25579
29.917659,432,78361.094134
184.153904,432,78361.938674
216.788344,432,78362.803553
95.301419,432,78363.620518
82.062336,432,78364.463271
184.34778,432,78365.290284
94.863393,432,78366.154452
89.059223,432,78366.972988
-174.05667,432,78367.800101
57.696598,432,78368.647245
101.328401,432,78369.497642
78.6281,432,78370.354529
66.105757,432,78371.386304
98.362565,432,78372.104936
115.762679,432,78373.01888
111.4384,432,78373.692215
190.754879,432,78374.369297
143.443879,432,78375.013039
67.730467,432,78376.248569
-16.959559,432,78377.168104
38.79468,432,78378.123923
45.144911,432,78379.179622
101.32866,432,78380.258549
116.796121,432,78381.408052
99.463887,432,78382.65907
153.832035,432,78383.669509
130.012379,432,78384.703627
108.769932,432,78385.699832
117.879363,432,78386.611175
111.219319,432,78387.62058
70.955827,432,78386.907157
194.198246,432,78387.92047
77.487099,432,78388.857774
148.99928,432,78389.87096
82.722313,432,78390.848193
96.432755,432,78391.944907
131.400776,432,78392.936759
123.293433,432,78393.932439
101.263601,432,78394.90691
90.41674,432,78395.860107
15.33201,432,78396.790219
170.152786,432,78397.751572
54.102372,432,78398.709856
8.279111,432,78399.712663
102.662161,432,78400.564854
110.324139,432,78401.392359
115.126654,432,78402.260592
59.519482,432,78403.148623
40.953338,432,78404.042812
147.591444,432,78405.042459
102.001788,432,78405.942457
65.487638,432,78406.863016
19.21422,432,78407.759349
212.687377,432,78408.631467
11.696479,432,78409.50878
174.508759,432,78410.412549
117.869656,432,78411.314295
106.80575,432,78412.210215
125.101047,432,78413.120064
114.093663,432,78414.168186
173.330446,432,78415.149143
123.030794,432,78416.135183
10.84039,432,78417.08507
70.461636,432,78418.01891
48.649177,432,78418.929961
-128.477632,432,78419.811836
100.613159,432,78420.733783
80.34191,432,78421.669037
56.91741,432,78422.611279
155.990337,432,78423.535541
229.892484,432,78424.463925
136.532134,432,78425.415556
116.587115,432,78426.380704
52.077986,432,78427.300561
28.761349,432,78428.232899
110.78602,432,78429.145523
135.80988,432,78430.036661
117.903671,432,78430.953504
150.509371,432,78431.835318
114.936589,432,78432.769771
102.753369,432,78433.634215
155.241112,432,78434.505526
99.554871,432,78434.954495
84.67482,432,78435.413559
168.111412,432,78435.976262
152.836072,432,78436.538368
146.963439,432,78437.027262
96.118379,432,78438.047149
81.615241,432,78439.00402
125.667731,432,78439.903372
161.618282,432,78440.877449
139.818551,432,78441.773896
131.259944,432,78442.716453
91.162007,432,78443.584345
70.466409,432,78444.431066
75.192318,432,78445.27873
165.526534,432,78446.15173
208.521377,432,78447.001737
80.244935,432,78447.875715
-19.071523,432,78448.796046
119.658611,432,78449.748724
165.603392,432,78450.734792
101.771377,432,78451.66424
144.20754,432,78452.509961
53.054267,432,78453.432029
153.316684,432,78454.2835
-35.874859,432,78455.136437
-91.667843,432,78455.99203
81.002168,432,78456.864188
194.110034,432,78457.716505
183.185348,432,78458.727943
116.783575,432,78459.635919
126.429774,432,78460.511397
104.92018,432,78461.358331
111.730348,432,78462.213802
130.509532,432,78463.020493
137.037884,432,78463.873973
187.342113,432,78464.670659
78.73129,432,78465.483514
123.114517,432,78466.307122
74.544846,432,78467.220985
-1.076887,432,78468.043229
57.638633,432,78468.87148
0.012079,432,78469.745063
124.940517,432,78470.631196
-12.896044,432,78471.490326
167.643669,432,78472.343545
94.638703,432,78473.199279
106.811877,432,78474.161664
24.059437,432,78475.018273
113.03043,432,78475.830147
87.280924,432,78476.668112
7.376249,432,78477.517452
46.117023,432,78478.34765
51.962603,432,78479.213317
115.681388,432,78480.059444
-25.111488,432,78480.973924
-71.605394,432,78481.822107
177.74797,432,78482.644782
167.740537,432,78483.493747
30.158217,432,78484.368861
114.79817,432,78485.218916
91.00196,432,78486.048696
215.035326,432,78486.878923
141.083814,432,78487.744073
5.092187,432,78488.580703
85.984764,432,78489.429463
73.49313,432,78490.30116
126.051891,432,78491.165843
-323.097383,432,78492.009851
30.437962,432,78492.846734
119.967645,432,78493.282404
157.219072,432,78493.708708
98.627903,432,78494.149055
134.096471,432,78494.591607
132.024553,432,78495.052078
149.080427,432,78495.953314
44.221305,432,78496.826395
95.785144,432,78497.669631
135.149162,432,78498.514586
88.566448,432,78499.35563
125.650372,432,78500.237408
-316.36092,432,78501.079467
53.602162,432,78501.914515
108.879973,432,78502.751873
72.625209,432,78503.595729
-154.445798,432,78504.424595
41.866659,432,78505.275138
108.23906,432,78506.131372
155.442841,432,78506.999933
133.40869,432,78507.829131
90.986902,432,78508.674208
162.708646,432,78509.527458
82.477199,432,78510.389417
96.465007,432,78511.216158
131.775358,432,78512.02652
23.257313,432,78512.869347
-81.845653,432,78513.742115
-123.218615,432,78514.56938
87.857433,432,78515.387088
25.043138,432,78516.21443
88.992668,432,78517.096837
105.943794,432,78517.911654
30.46992,432,78518.744246
-267.299022,432,78519.59822
-45.198621,432,78520.452472
-137.257502,432,78521.263686
95.837384,432,78522.107269
22.539592,432,78522.945147
97.045962,432,78523.829248
164.304759,432,78524.665608
160.14004,432,78525.508625
105.386396,432,78526.34962
-11.705818,432,78527.228297
127.397517,432,78528.075947
25.083455,432,78528.894627
109.826677,432,78529.73512
77.920019,432,78530.603649
159.280202,432,78531.430816
96.460694,432,78532.265073
52.981187,432,78533.099642
107.637086,432,78533.956966
173.481341,432,78534.811771
-6.977194,432,78535.647872
121.429933,432,78536.483849
102.687103,432,78537.325175
102.702204,432,78538.151409
136.109792,432,78538.976554
-5.837183,432,78539.82853
140.961715,432,78540.725228
97.476652,432,78541.547237
120.808854,432,78542.379859
115.792717,432,78543.213257
83.221225,432,78544.067988
-30.027225,432,78544.895929
179.640408,432,78545.708165
86.085806,432,78546.532081
8.055192,432,78547.390734
127.513861,432,78548.205722
82.147574,432,78549.03075
164.01085,432,78549.445657
96.77489,432,78549.877904
111.394184,432,78550.319502
143.334389,432,78550.771068
113.934678,432,78551.226858
59.508657,432,78552.102215
-17.350784,432,78553.052099
59.009962,432,78553.917856
90.210444,432,78554.752757
91.475553,432,78555.59289
129.705411,432,78556.458345
54.498599,432,78557.28779
180.938676,432,78558.120017
82.332057,432,78558.944221
92.925467,432,78559.810227
76.776171,432,78560.646528
59.43922,432,78561.488252
153.653461,432,78562.335731
135.41511,432,78563.209159
126.562975,432,78564.057542
92.958794,432,78564.885121
175.233852,432,78565.735333
7.608646,432,78566.599679
166.091556,432,78567.420894
14.464955,432,78568.26236
58.736271,432,78569.101261
184.534215,432,78569.961003
160.491882,432,78570.805173
57.822981,432,78571.629821
53.247926,432,78572.465561
67.888833,432,78573.332092
132.295551,432,78574.179414
130.64129,432,78575.010115
-73.361432,432,78575.856603
108.24494,432,78576.72958
50.112776,432,78577.560071
66.939727,432,78578.391086
-32.394541,432,78579.211492
151.244738,432,78580.064517
125.844932,432,78580.897579
67.350309,432,78581.73302
130.858648,432,78582.569681
90.648709,432,78583.43728
135.314134,432,78584.259214
10.270773,432,78585.087637
108.472498,432,78585.914997
119.669151,432,78586.787623
-96.929331,432,78587.640874
-122.817437,432,78588.480599
-65.75609,432,78589.331169
36.925836,432,78590.17971
211.833649,432,78591.019241
134.881513,432,78591.842118
22.181858,432,78592.670649
104.735479,432,78593.547784
79.434021,432,78594.384509
106.463995,432,78595.225431
130.635214,432,78596.075406
41.817634,432,78596.927896
110.422113,432,78597.774282
149.23255,432,78598.601805
-206.724585,432,78599.459687
10.076533,432,78600.318344
58.669816,432,78601.133874
-222.787062,432,78601.950928
103.004969,432,78602.799418
14.520409,432,78603.702957
110.236777,432,78604.549859
156.054487,432,78605.378332
76.142469,432,78605.799103
163.673067,432,78606.223818
127.946568,432,78606.663291
149.019073,432,78607.129661
183.95714,432,78607.600761
138.457436,432,78608.543985
194.989942,432,78609.393303
119.913653,432,78610.235453
85.853419,432,78611.081474
185.659512,432,78611.902095
60.365272,432,78612.773946
88.669373,432,78613.613538
121.169081,432,78614.450451
119.304127,432,78615.290906
119.653179,432,78616.154243
128.751001,432,78616.993313
119.758985,432,78617.833127
151.290623,432,78618.692415
127.805061,432,78619.542007
183.958318,432,78620.36428
109.54456,432,78621.193436
93.904514,432,78622.024184
97.317605,432,78622.898131
142.638007,432,78623.729384
89.390152,432,78624.552012
115.957482,432,78625.381839
129.104399,432,78626.2483
-108.147156,432,78627.111113
161.656976,432,78627.934542
-6.729235,432,78628.768065
108.652687,432,78629.660147
108.091143,432,78630.491759
85.025546,432,78631.342526
44.572536,432,78632.195125
149.898721,432,78633.065398
-8.333873,432,78633.910995
-156.246171,432,78634.770157
-382.696792,432,78635.632516
141.67244,432,78636.504527
153.016724,432,78637.354588
-45.049689,432,78638.200701
78.668622,432,78639.046543
202.939088,432,78639.914201
97.270116,432,78640.745185
107.163939,432,78641.586686
19.811882,432,78642.429793
-199.502952,432,78643.302827
87.337904,432,78644.142957
29.62479,432,78644.98376
94.685662,432,78645.828171
46.256295,432,78646.704889
-206.959788,432,78647.532706
86.867036,432,78648.367731
-3.993297,432,78649.200948
207.504509,432,78650.058542
59.656409,432,78650.895815
-6.607201,432,78651.717734
91.006404,432,78652.564586
98.479288,432,78653.431833
87.63327,432,78654.275542
125.366837,432,78655.134564
73.285972,432,78655.969947
156.013094,432,78656.827914
145.202285,432,78657.6643
169.218152,432,78658.490264
112.176755,432,78659.338761
-148.370711,432,78660.197814
154.761731,432,78661.051591
95.112003,432,78661.875468
125.375899,432,78662.301631
105.921547,432,78662.734088
95.629197,432,78663.159114
139.316324,432,78663.609214
116.540443,432,78664.065012
107.774405,432,78664.964519
135.925692,432,78665.854614
129.399843,432,78666.712459
128.599607,432,78667.543876
134.679096,432,78668.372604
-247.69867,432,78669.253693
139.884485,432,78670.101154
55.850955,432,78670.935427
45.329335,432,78671.77259
-75.12719,432,78672.630713
-111.706573,432,78673.463905
-21.069993,432,78674.292975
133.14929,432,78675.118449
161.498182,432,78675.991011
14.90813,432,78676.827735
-91.988307,432,78677.650445
93.802079,432,78678.485293
146.787817,432,78679.336645
102.582833,432,78680.1732
165.935923,432,78681.01294
102.198034,432,78681.836122
75.602616,432,78682.694129
-274.285617,432,78683.524024
-1.17745,432,78684.35338
179.600914,432,78685.189054
67.646277,432,78686.057229
138.292968,432,78686.873869
46.182767,432,78687.692462
-99.845006,432,78688.562344
89.371165,432,78689.455357
25.75231,432,78690.289539
-41.443162,432,78691.121297
199.254334,432,78691.965877
4.968545,432,78692.84631
160.549551,432,78693.675439
48.045974,432,78694.486371
18.254305,432,78695.326213
134.971277,432,78696.174833
148.726385,432,78697.006688
98.322639,432,78697.841545
71.167239,432,78698.694756
77.162598,432,78699.565159
-10.910189,432,78700.38757
148.294662,432,78701.236182
178.727867,432,78702.09446
180.654822,432,78702.953764
97.760103,432,78703.780516
-110.590342,432,78704.61189
136.95822,432,78705.448588
152.408145,432,78706.305517
125.087824,432,78707.127306
216.983645,432,78707.947498
168.849389,432,78708.768945
84.51381,432,78709.653938
-20.172956,432,78710.486226
116.527591,432,78711.306596
96.345229,432,78712.132796
123.134102,432,78712.998135
20.360736,432,78713.832666
102.402526,432,78714.671438
-156.398787,432,78715.536743
133.409696,432,78716.425325
40.161101,432,78717.241338
-312.383728,432,78718.070525
163.809187,432,78718.495052
97.083986,432,78718.93057
114.938454,432,78719.355474
144.46035,432,78719.80947
117.692223,432,78720.265082
-12.818084,432,78721.201042
129.403015,432,78722.074498
27.37607,432,78722.915288
15.128144,432,78723.747013
85.999235,432,78724.595993
46.798745,432,78725.463372
119.298066,432,78726.26289
101.298098,432,78727.11471
132.929154,432,78727.952046
-162.773537,432,78728.84633
-7.667938,432,78729.688913
141.504595,432,78730.518197
84.496649,432,78731.364919
104.3769,432,78732.208691
-17.513287,432,78733.049824
85.787729,432,78733.878888
-2.10122,432,78734.71913
162.415104,432,78735.577155
8.789708,432,78736.418843
74.703311,432,78737.263598
16.559624,432,78738.097696
151.103611,432,78738.970281
-47.734011,432,78739.809711
77.163846,432,78740.641854
42.730443,432,78741.477954
-194.394236,432,78742.336861
74.082057,432,78743.170136
82.350086,432,78744.009214
132.551958,432,78744.857744
106.721298,432,78745.760695
87.779484,432,78746.627929
125.277457,432,78747.477723
142.970042,432,78748.34704
145.911803,432,78749.243046
-132.187827,432,78750.111385
191.264625,432,78750.957685
194.712873,432,78751.797676
40.880721,432,78752.665207
155.686547,432,78753.495803
160.921887,432,78754.341546
82.817008,432,78755.187118
-148.651583,432,78756.04546
1.853189,432,78756.881622
124.773486,432,78757.708874
-117.240943,432,78758.56063
220.97341,432,78759.427359
5.762765,432,78760.259071
-0.267259,432,78761.09843
-37.967641,432,78761.930231
193.675717,432,78762.791001
45.847371,432,78763.62843
70.231567,432,78764.453325
88.709226,432,78765.297965
69.316269,432,78766.162746
113.279578,432,78766.99957
62.231214,432,78767.834746
167.957759,432,78768.653788
107.286396,432,78769.515368
159.097494,432,78770.348842
187.705114,432,78771.225548
128.812623,432,78772.291427
124.18415,432,78773.245893
236.635795,432,78773.982529
16.786205,432,78775.122733
187.519777,432,78776.254337
97.130077,432,78776.931216
159.408196,432,78777.736248
-72.747716,432,78778.431975
147.967515,432,78778.967508
200.774833,432,78779.938636
52.38601,432,78780.816227
117.797973,432,78781.595142
-239.965768,432,78782.340175
-64.820673,432,78783.220412
14.223785,432,78784.073447
-16.131333,432,78784.950488
91.255001,432,78785.736067
-314.804899,432,78786.580213
243.855081,432,78787.452602
110.346854,432,78788.297827
153.073485,432,78789.114941
-109.656877,432,78790.018887
153.891755,432,78790.998962
65.365583,432,78791.899651
120.334537,432,78792.769336
-22.125777,432,78793.497884
196.208753,432,78794.251747
126.034893,432,78795.002647
66.417282,432,78795.774912
-20.34871,432,78796.566061
203.717144,432,78797.424661
181.776983,432,78798.284867
101.971661,432,78799.132561
112.433278,432,78799.969819
22.10231,432,78800.903735
125.847985,432,78801.780521
55.699778,432,78802.653484
96.199148,432,78803.522116
-14.730032,432,78804.432344
70.501063,432,78805.323749
163.171633,432,78806.177429
131.903242,432,78807.014963
-62.872163,432,78807.905647
49.2064,432,78808.716154
66.049778,432,78809.52304
231.150291,432,78810.352157
90.202955,432,78811.220896
195.670517,432,78812.042602
129.411817,432,78812.852602
86.450936,432,78813.711505
132.836615,432,78814.572607
211.827144,432,78815.390293
-1.963877,432,78816.21182
149.324945,432,78817.041413
-114.065427,432,78817.913961
173.281972,432,78818.755083
47.976001,432,78819.612948
142.83549,432,78820.47885
-326.509018,432,78821.526516
30.746747,432,78822.244359
-67.564262,432,78822.943406
152.457791,432,78823.636929
28.070214,432,78824.379559
140.284614,432,78825.197898
82.058397,432,78826.067619
105.971593,432,78827.080466
178.749301,432,78828.225185
108.78006,432,78829.150164
55.684085,432,78830.000863
27.011002,432,78830.883397
137.180999,432,78831.758304
131.009572,432,78832.582412
21.006765,432,78833.426668
145.185867,432,78833.85981
66.698937,432,78834.306335
89.479615,432,78834.78039
102.146495,432,78835.252992
164.774348,432,78835.745225
123.843318,432,78836.669757
-104.325604,432,78837.561492
53.734488,432,78838.410838
81.022703,432,78839.261996
143.105434,432,78840.142085
103.570095,432,78841.015176
161.839996,432,78841.861462
38.562467,432,78842.714291
115.195816,432,78843.552056
86.111626,432,78844.406337
