train/learning_rate,train/critic_loss,rollout/ep_len_mean,time/time_elapsed,rollout/ep_rew_mean,train/actor_loss,time/total_timesteps,train/n_updates,time/fps,time/episodes
0.0003,0.11964485794305801,288.0,11,-77.0820533,-0.4710957109928131,2880,2779,249,10
0.0003,0.20505276322364807,288.0,23,-34.91303595000001,-1.0585342645645142,5760,5659,245,20
0.0003,0.36643052101135254,288.0,35,-12.6956504,-0.8773640990257263,8640,8539,244,30
0.0003,0.3629310131072998,288.0,47,-6.880341775000002,-0.9572768211364746,11520,11419,243,40
0.0003,0.8122928142547607,288.0,59,-0.9080441200000009,-0.8823824524879456,14400,14299,243,50
0.0003,1.763713002204895,288.0,70,7.3231402,-2.6840248107910156,17280,17179,243,60
0.0003,0.6984533071517944,288.0,82,14.142917014285715,-2.6493074893951416,20160,20059,244,70
0.0003,0.7240365743637085,288.0,94,25.161368375000002,-3.0265603065490723,23040,22939,243,80
0.0003,0.7030707001686096,288.0,106,33.017220511111105,-3.4159011840820312,25920,25819,243,90
0.0003,0.9480884075164795,288.0,118,37.60452868,-6.983428001403809,28800,28699,243,100
0.0003,0.6581591367721558,288.0,130,54.326329449999996,-6.227681636810303,31680,31579,243,110
0.0003,0.5695544481277466,288.0,141,61.13044764999999,-7.9998955726623535,34560,34459,243,120
0.0003,0.36832213401794434,288.0,153,67.21313759,-8.600272178649902,37440,37339,243,130
0.0003,1.0766953229904175,288.0,165,74.10017286,-10.85373306274414,40320,40219,243,140
0.0003,0.5022859573364258,288.0,177,81.58232746,-12.266704559326172,43200,43099,243,150
0.0003,0.5148231387138367,288.0,189,86.64883406999998,-13.500844955444336,46080,45979,243,160
0.0003,0.5393155813217163,288.0,201,90.99540013,-13.370193481445312,48960,48859,243,170
0.0003,0.48015105724334717,288.0,213,90.38880285,-16.22610092163086,51840,51739,243,180
0.0003,0.5913740396499634,288.0,225,91.03226930000001,-18.320472717285156,54720,54619,242,190
0.0003,0.7719870209693909,288.0,237,93.76085277,-15.420442581176758,57600,57499,242,200
0.0003,0.7119300961494446,288.0,248,94.09490478000002,-17.1304931640625,60480,60379,243,210
0.0003,0.6838300824165344,288.0,260,95.63877267,-19.41464614868164,63360,63259,243,220
0.0003,0.7826426029205322,288.0,272,96.64100768999998,-18.560592651367188,66240,66139,242,230
0.0003,0.9805410504341125,288.0,284,95.18710578,-20.33980941772461,69120,69019,242,240
0.0003,1.8948698043823242,288.0,296,95.74576880999999,-17.487028121948242,72000,71899,242,250
0.0003,0.6557253003120422,288.0,308,95.05155195999998,-18.58487319946289,74880,74779,243,260
0.0003,6.842605113983154,288.0,319,93.77553662999999,-17.924396514892578,77760,77659,243,270
0.0003,1.0999044179916382,288.0,331,94.98898596,-17.83539390563965,80640,80539,243,280
0.0003,0.48423075675964355,288.0,343,95.23650589,-18.774559020996094,83520,83419,243,290
0.0003,1.6478054523468018,288.0,355,94.20120484,-19.064653396606445,86400,86299,243,300
0.0003,0.9405051469802856,288.0,367,95.10978847999999,-18.174358367919922,89280,89179,243,310
0.0003,1.1233575344085693,288.0,379,95.24982029,-18.439273834228516,92160,92059,243,320
0.0003,0.8411712050437927,288.0,390,95.83616327000001,-20.981231689453125,95040,94939,243,330
0.0003,1.3049798011779785,288.0,402,99.73595696000001,-18.169248580932617,97920,97819,243,340
0.0003,0.38081520795822144,288.0,414,100.10774586,-18.82599449157715,100800,100699,242,350
0.0003,1.6329436302185059,288.0,426,101.48905524,-20.544219970703125,103680,103579,242,360
0.0003,0.8561885952949524,288.0,438,103.37028864,-20.21038818359375,106560,106459,242,370
0.0003,1.615898847579956,288.0,450,101.99218583,-19.839435577392578,109440,109339,242,380
0.0003,0.7659670114517212,288.0,462,100.47423434000001,-20.897541046142578,112320,112219,242,390
0.0003,1.4993846416473389,288.0,474,99.93762556999998,-21.597021102905273,115200,115099,242,400
0.0003,0.6128324270248413,288.0,486,100.85274051999998,-21.194690704345703,118080,117979,242,410
0.0003,1.1878560781478882,288.0,498,101.97149048999998,-18.450637817382812,120960,120859,242,420
0.0003,1.581900954246521,288.0,510,101.99627107,-19.755634307861328,123840,123739,242,430
0.0003,0.9463597536087036,288.0,521,100.84653384,-22.31589126586914,126720,126619,242,440
0.0003,0.6506035327911377,288.0,533,99.73091945,-19.4289493560791,129600,129499,242,450
0.0003,2.397688865661621,288.0,545,99.28837377000002,-21.135478973388672,132480,132379,242,460
0.0003,1.1927722692489624,288.0,557,98.2156323,-19.512042999267578,135360,135259,242,470
0.0003,1.0080981254577637,288.0,569,99.51845615,-20.481605529785156,138240,138139,242,480
0.0003,6.239909648895264,288.0,581,101.84838635,-21.715312957763672,141120,141019,242,490
0.0003,1.089444637298584,288.0,593,103.51194364000001,-20.097652435302734,144000,143899,242,500
0.0003,1.1813918352127075,288.0,605,102.34612022999998,-22.723201751708984,146880,146779,242,510
0.0003,0.6125497817993164,288.0,617,101.87344972000001,-20.50457191467285,149760,149659,242,520
0.0003,3.470722198486328,288.0,629,102.01852952999998,-20.593400955200195,152640,152539,242,530
0.0003,0.6855147480964661,288.0,641,104.08135832000002,-21.581544876098633,155520,155419,242,540
0.0003,0.5840400457382202,288.0,653,106.05745243000003,-20.97348403930664,158400,158299,242,550
0.0003,0.9345404505729675,288.0,665,107.28533304000003,-22.625194549560547,161280,161179,242,560
0.0003,1.1481842994689941,288.0,677,107.32052318000002,-20.29389762878418,164160,164059,242,570
0.0003,0.8145176768302917,288.0,688,106.50441644,-21.873842239379883,167040,166939,242,580
0.0003,0.9302014112472534,288.0,700,106.20821099000003,-22.691986083984375,169920,169819,242,590
0.0003,1.3906638622283936,288.0,712,106.01418960999999,-22.980632781982422,172800,172699,242,600
0.0003,0.9392321109771729,288.0,724,106.74845474,-23.08096694946289,175680,175579,242,610
0.0003,2.0936763286590576,288.0,736,105.75553944999997,-23.269359588623047,178560,178459,242,620
0.0003,1.6552600860595703,288.0,748,104.88442056,-21.349658966064453,181440,181339,242,630
0.0003,2.5735373497009277,288.0,760,105.17537406000001,-22.963172912597656,184320,184219,242,640
0.0003,1.007723093032837,288.0,772,105.2710114,-21.32315444946289,187200,187099,242,650
0.0003,0.9455299973487854,288.0,784,104.23306045999998,-22.65374183654785,190080,189979,242,660
0.0003,0.4397028684616089,288.0,795,106.25337628999999,-22.00391387939453,192960,192859,242,670
0.0003,8.497062683105469,288.0,807,108.2126845,-25.153316497802734,195840,195739,242,680
0.0003,0.3586409091949463,288.0,819,107.87129667,-22.90627670288086,198720,198619,242,690
0.0003,8.169242858886719,288.0,831,106.69532422,-23.113296508789062,201600,201499,242,700
0.0003,0.33281874656677246,288.0,843,107.81028338,-23.99797821044922,204480,204379,242,710
0.0003,2.654132127761841,288.0,855,110.35743348000001,-24.390987396240234,207360,207259,242,720
0.0003,3.1075439453125,288.0,867,111.89810315000001,-22.397302627563477,210240,210139,242,730
0.0003,2.3515357971191406,288.0,878,111.79726776,-24.952247619628906,213120,213019,242,740
0.0003,1.0274194478988647,288.0,890,110.51765236,-22.578208923339844,216000,215899,242,750
0.0003,2.4043805599212646,288.0,902,111.71824321,-22.293733596801758,218880,218779,242,760
0.0003,1.1116294860839844,288.0,914,110.23101718,-21.625524520874023,221760,221659,242,770
0.0003,0.3280954957008362,288.0,926,110.19528059999999,-24.003387451171875,224640,224539,242,780
0.0003,0.4468236565589905,288.0,938,110.28431768,-24.620582580566406,227520,227419,242,790
0.0003,3.8816542625427246,288.0,950,112.39791476000002,-23.9514217376709,230400,230299,242,800
0.0003,2.9296743869781494,288.0,962,112.72112192,-25.192989349365234,233280,233179,242,810
0.0003,0.35709601640701294,288.0,974,112.03521106,-24.40734100341797,236160,236059,242,820
0.0003,2.452660322189331,288.0,986,112.69881374999999,-24.84561538696289,239040,238939,242,830
0.0003,2.0519614219665527,288.0,998,113.65360059000002,-23.883201599121094,241920,241819,242,840
0.0003,0.3317020535469055,288.0,1010,115.16285598,-23.476530075073242,244800,244699,242,850
0.0003,4.280331611633301,288.0,1022,114.91712250000002,-26.347694396972656,247680,247579,242,860
0.0003,0.48801159858703613,288.0,1034,116.42699986,-24.460468292236328,250560,250459,242,870
0.0003,3.603637456893921,288.0,1046,115.24490822999998,-25.79905891418457,253440,253339,242,880
0.0003,2.4887137413024902,288.0,1058,115.54435466999999,-25.91791534423828,256320,256219,242,890
0.0003,6.210796356201172,288.0,1069,114.84334891,-26.610435485839844,259200,259099,242,900
0.0003,2.4254846572875977,288.0,1081,114.41430496000001,-25.885406494140625,262080,261979,242,910
0.0003,1.6926263570785522,288.0,1093,115.59618785999999,-24.33684539794922,264960,264859,242,920
0.0003,0.2701706886291504,288.0,1105,115.51440596,-26.25485610961914,267840,267739,242,930
0.0003,5.255248069763184,288.0,1117,114.18553283000001,-25.3228759765625,270720,270619,242,940
0.0003,10.785948753356934,288.0,1129,114.53722534999997,-24.771650314331055,273600,273499,242,950
0.0003,1.0506880283355713,288.0,1141,115.12671425000003,-25.814834594726562,276480,276379,242,960
0.0003,2.011807441711426,288.0,1153,116.22715389000001,-23.118078231811523,279360,279259,242,970
0.0003,1.684891939163208,288.0,1165,117.99981211000001,-26.802330017089844,282240,282139,242,980
0.0003,0.32857805490493774,288.0,1176,118.32833103000002,-24.44796371459961,285120,285019,242,990
0.0003,3.129577159881592,288.0,1188,119.77124166999997,-26.333127975463867,288000,287899,242,1000
0.0003,5.059994220733643,288.0,1200,119.50846098000002,-25.461944580078125,290880,290779,242,1010
0.0003,0.5044618844985962,288.0,1212,118.12630266999999,-25.092679977416992,293760,293659,242,1020
0.0003,0.5640340447425842,288.0,1224,118.02507862,-25.218902587890625,296640,296539,242,1030
0.0003,0.9824451208114624,288.0,1236,117.84977497000001,-25.37136459350586,299520,299419,242,1040
0.0003,0.39912861585617065,288.0,1248,116.98811804000003,-26.503833770751953,302400,302299,242,1050
0.0003,1.6626118421554565,288.0,1260,116.53747736,-25.14325523376465,305280,305179,242,1060
0.0003,3.1428897380828857,288.0,1272,115.02992174,-24.980899810791016,308160,308059,242,1070
0.0003,1.9524675607681274,288.0,1284,113.65793509000002,-24.961458206176758,311040,310939,242,1080
0.0003,0.6794476509094238,288.0,1296,111.59559325000001,-25.87610626220703,313920,313819,242,1090
0.0003,1.347569465637207,288.0,1307,109.95095438999999,-23.21070098876953,316800,316699,242,1100
0.0003,2.800642967224121,288.0,1319,110.19887978999999,-23.570384979248047,319680,319579,242,1110
0.0003,2.4078054428100586,288.0,1331,111.71025588999998,-25.49313735961914,322560,322459,242,1120
0.0003,0.23886746168136597,288.0,1343,110.82178959000001,-25.300891876220703,325440,325339,242,1130
0.0003,2.3523025512695312,288.0,1355,110.15270794,-24.48073387145996,328320,328219,242,1140
0.0003,2.504321575164795,288.0,1367,110.04018026,-23.50437355041504,331200,331099,242,1150
0.0003,0.41138845682144165,288.0,1379,110.25786762000003,-24.086172103881836,334080,333979,242,1160
0.0003,1.4392058849334717,288.0,1391,110.83621932,-24.876529693603516,336960,336859,242,1170
0.0003,2.118455410003662,288.0,1402,111.95618642000001,-27.4055118560791,339840,339739,242,1180
0.0003,1.0768743753433228,288.0,1414,114.37674120999998,-23.62955093383789,342720,342619,242,1190
0.0003,1.4588433504104614,288.0,1426,115.25308294,-24.43695831298828,345600,345499,242,1200
0.0003,0.5406092405319214,288.0,1438,115.8417405,-27.38018035888672,348480,348379,242,1210
0.0003,4.700394153594971,288.0,1450,116.3519487,-25.69241714477539,351360,351259,242,1220
0.0003,7.90563440322876,288.0,1462,115.96670858000002,-23.990018844604492,354240,354139,242,1230
0.0003,25.14699363708496,288.0,1474,117.71210587,-24.38420867919922,357120,357019,242,1240
0.0003,0.8744819164276123,288.0,1486,119.18726639,-26.280136108398438,360000,359899,242,1250
0.0003,0.9633582234382629,288.0,1498,118.95189876999999,-24.62891960144043,362880,362779,242,1260
0.0003,4.957372665405273,288.0,1510,119.06771223000001,-24.096668243408203,365760,365659,242,1270
0.0003,0.29208195209503174,288.0,1522,119.52312136,-23.812488555908203,368640,368539,242,1280
0.0003,3.481621265411377,288.0,1534,119.09456833999997,-27.06871223449707,371520,371419,242,1290
0.0003,0.4817027449607849,288.0,1546,119.74181027,-24.87651824951172,374400,374299,242,1300
0.0003,1.013267159461975,288.0,1557,119.56523626,-24.71860122680664,377280,377179,242,1310
0.0003,3.2546133995056152,288.0,1569,118.76158120000002,-25.489076614379883,380160,380059,242,1320
0.0003,1.1166551113128662,288.0,1581,119.86049180000002,-23.623714447021484,383040,382939,242,1330
0.0003,0.5911746025085449,288.0,1593,118.91476532,-25.832435607910156,385920,385819,242,1340
0.0003,3.601588249206543,288.0,1604,118.69609628999999,-26.325218200683594,388800,388699,242,1350
0.0003,1.848848819732666,288.0,1616,119.98688284000002,-26.770832061767578,391680,391579,242,1360
0.0003,3.1624417304992676,288.0,1628,120.43561347000002,-25.672531127929688,394560,394459,242,1370
0.0003,1.2536513805389404,288.0,1639,118.2245715,-25.07073974609375,397440,397339,242,1380
0.0003,2.2835068702697754,288.0,1651,119.10835200999996,-24.91779327392578,400320,400219,242,1390
0.0003,3.4387757778167725,288.0,1663,118.94848329999999,-24.42483901977539,403200,403099,242,1400
0.0003,0.31158214807510376,288.0,1675,118.74272597999997,-23.97385025024414,406080,405979,242,1410
0.0003,0.3563481569290161,288.0,1686,117.68213505000001,-23.184436798095703,408960,408859,242,1420
0.0003,0.5745123028755188,288.0,1698,117.89327909,-26.55315589904785,411840,411739,242,1430
0.0003,0.47124046087265015,288.0,1709,118.87411455000002,-24.43273162841797,414720,414619,242,1440
0.0003,3.2109358310699463,288.0,1721,118.49417140999999,-24.776641845703125,417600,417499,242,1450
0.0003,4.212343215942383,288.0,1733,115.94343107,-26.292226791381836,420480,420379,242,1460
0.0003,2.2778921127319336,288.0,1744,115.77449396,-23.828632354736328,423360,423259,242,1470
0.0003,0.3401961028575897,288.0,1756,117.36689943000002,-23.655738830566406,426240,426139,242,1480
0.0003,5.816658973693848,288.0,1767,117.42644372,-24.84792709350586,429120,429019,242,1490
0.0003,0.6192355155944824,288.0,1779,118.10387805,-25.677200317382812,432000,431899,242,1500
0.0003,1.2507896423339844,288.0,1791,117.63740068999999,-26.619081497192383,434880,434779,242,1510
0.0003,0.976799726486206,288.0,1802,119.50958748000001,-25.56966209411621,437760,437659,242,1520
0.0003,0.4815772771835327,288.0,1814,119.27145343999999,-24.09768295288086,440640,440539,242,1530
0.0003,1.1563640832901,288.0,1826,119.23594064000001,-25.993188858032227,443520,443419,242,1540
0.0003,3.9799561500549316,288.0,1837,119.63215126000001,-25.240604400634766,446400,446299,242,1550
0.0003,0.42223262786865234,288.0,1849,121.62313733,-24.569786071777344,449280,449179,242,1560
0.0003,3.760348320007324,288.0,1861,122.32096962,-24.596681594848633,452160,452059,242,1570
0.0003,2.081472158432007,288.0,1872,121.79126286,-26.280038833618164,455040,454939,242,1580
0.0003,2.7496039867401123,288.0,1884,121.67100233,-25.847732543945312,457920,457819,243,1590
0.0003,4.030191421508789,288.0,1896,120.59124229999998,-25.236366271972656,460800,460699,243,1600
0.0003,0.660710871219635,288.0,1907,120.83441943,-26.659875869750977,463680,463579,243,1610
0.0003,2.6258840560913086,288.0,1919,120.84501592000001,-25.212629318237305,466560,466459,243,1620
0.0003,3.1139962673187256,288.0,1931,120.46596725,-23.621021270751953,469440,469339,243,1630
0.0003,1.471344232559204,288.0,1942,120.09791665,-23.035808563232422,472320,472219,243,1640
0.0003,2.0036206245422363,288.0,1953,119.37270244999998,-25.32328224182129,475200,475099,243,1650
0.0003,0.8999258279800415,288.0,1965,117.96211249000002,-24.16644287109375,478080,477979,243,1660
0.0003,5.3420796394348145,288.0,1977,117.62758184999998,-24.857765197753906,480960,480859,243,1670
0.0003,0.6255911588668823,288.0,1988,118.16273229999999,-26.610218048095703,483840,483739,243,1680
0.0003,3.410916805267334,288.0,2000,118.42583627000002,-25.715110778808594,486720,486619,243,1690
0.0003,3.0747084617614746,288.0,2011,118.92463226,-25.765972137451172,489600,489499,243,1700
0.0003,2.8707427978515625,288.0,2023,116.92141365999998,-24.40146827697754,492480,492379,243,1710
0.0003,3.6073317527770996,288.0,2034,116.79420591,-26.6822509765625,495360,495259,243,1720
0.0003,2.6650891304016113,288.0,2046,118.04616293999999,-24.615558624267578,498240,498139,243,1730
0.0003,0.38348913192749023,288.0,2057,118.69080167,-25.324909210205078,501120,501019,243,1740
0.0003,0.535216212272644,288.0,2069,119.55507303999998,-26.7984676361084,504000,503899,243,1750
0.0003,3.6750783920288086,288.0,2080,121.64674243999998,-25.299760818481445,506880,506779,243,1760
0.0003,2.5206403732299805,288.0,2092,120.6327379,-25.94026756286621,509760,509659,243,1770
0.0003,0.4638040363788605,288.0,2103,120.58611934000002,-25.712631225585938,512640,512539,243,1780
0.0003,2.5328869819641113,288.0,2115,120.26533798,-26.25269317626953,515520,515419,243,1790
0.0003,0.5485626459121704,288.0,2126,120.26237972999999,-25.47494125366211,518400,518299,243,1800
0.0003,0.534377932548523,288.0,2138,122.56019098,-26.275144577026367,521280,521179,243,1810
0.0003,0.5443129539489746,288.0,2149,122.33410541999997,-24.800674438476562,524160,524059,243,1820
0.0003,2.1564674377441406,288.0,2161,120.12706555000001,-25.28645896911621,527040,526939,243,1830
0.0003,0.5705540180206299,288.0,2172,119.98256222999998,-26.080263137817383,529920,529819,243,1840
0.0003,1.9041656255722046,288.0,2184,120.54037969000001,-25.823516845703125,532800,532699,243,1850
0.0003,1.5797910690307617,288.0,2196,120.72302361,-25.689197540283203,535680,535579,243,1860
0.0003,2.4706954956054688,288.0,2207,121.45376356999999,-25.600749969482422,538560,538459,243,1870
0.0003,0.49112287163734436,288.0,2219,120.78313470999997,-25.177162170410156,541440,541339,243,1880
0.0003,4.139533042907715,288.0,2230,121.18635850999999,-23.51590347290039,544320,544219,244,1890
0.0003,0.49290162324905396,288.0,2242,121.35079109999998,-26.386802673339844,547200,547099,244,1900
0.0003,2.2765893936157227,288.0,2253,121.60836692999999,-26.0950870513916,550080,549979,244,1910
0.0003,10.61080265045166,288.0,2265,121.06381381,-25.03598403930664,552960,552859,244,1920
0.0003,0.39676594734191895,288.0,2276,122.74210574,-25.050203323364258,555840,555739,244,1930
0.0003,0.9150605797767639,288.0,2288,123.36715901,-26.033180236816406,558720,558619,244,1940
0.0003,24.375473022460938,288.0,2299,122.54459347,-25.68051528930664,561600,561499,244,1950
0.0003,0.49078822135925293,288.0,2311,120.81790201000001,-24.358001708984375,564480,564379,244,1960
0.0003,0.5797710418701172,288.0,2322,120.59521216000002,-24.1707763671875,567360,567259,244,1970
0.0003,5.78726053237915,288.0,2334,121.80078801999998,-21.863563537597656,570240,570139,244,1980
0.0003,2.3983912467956543,288.0,2346,122.01436542999998,-25.513870239257812,573120,573019,244,1990
0.0003,0.7608249187469482,288.0,2357,122.39193130999998,-23.945178985595703,576000,575899,244,2000
0.0003,0.6678743362426758,288.0,2369,122.12765429,-24.90524673461914,578880,578779,244,2010
0.0003,0.4974139332771301,288.0,2381,121.78425456999999,-23.037403106689453,581760,581659,244,2020
0.0003,0.9995834231376648,288.0,2392,121.44659839,-23.842971801757812,584640,584539,244,2030
0.0003,1.5728198289871216,288.0,2404,119.79292960999997,-24.37527084350586,587520,587419,244,2040
0.0003,0.6060705780982971,288.0,2415,120.15681634999999,-23.373836517333984,590400,590299,244,2050
0.0003,0.6262485980987549,288.0,2427,121.73101404999997,-24.423892974853516,593280,593179,244,2060
0.0003,3.6918375492095947,288.0,2439,122.45627628999999,-24.246553421020508,596160,596059,244,2070
0.0003,0.5112276077270508,288.0,2450,122.24910970000002,-24.287235260009766,599040,598939,244,2080
0.0003,0.3468516170978546,288.0,2461,122.50937253999999,-24.461179733276367,601920,601819,244,2090
0.0003,1.0299243927001953,288.0,2473,122.40180216999997,-24.393413543701172,604800,604699,244,2100
0.0003,0.6917915344238281,288.0,2484,121.51592762,-23.458993911743164,607680,607579,244,2110
0.0003,6.330434799194336,288.0,2496,121.04274559000001,-24.606121063232422,610560,610459,244,2120
0.0003,2.2763304710388184,288.0,2507,120.73972954000001,-23.116107940673828,613440,613339,244,2130
0.0003,0.8946227431297302,288.0,2519,122.30048190000001,-23.346221923828125,616320,616219,244,2140
0.0003,2.034956455230713,288.0,2530,122.11461190999998,-24.697460174560547,619200,619099,244,2150
0.0003,1.7251161336898804,288.0,2542,121.54431986000002,-22.000865936279297,622080,621979,244,2160
0.0003,3.5005054473876953,288.0,2553,120.53069082999998,-24.8466854095459,624960,624859,244,2170
0.0003,1.4736427068710327,288.0,2565,119.79749481,-23.539045333862305,627840,627739,244,2180
0.0003,1.3235809803009033,288.0,2577,118.60821650000004,-26.049131393432617,630720,630619,244,2190
0.0003,1.3402185440063477,288.0,2588,118.74096162999999,-25.401254653930664,633600,633499,244,2200
0.0003,6.161806106567383,288.0,2599,120.03289710000001,-23.046550750732422,636480,636379,244,2210
0.0003,1.1905200481414795,288.0,2611,119.84058829,-24.662315368652344,639360,639259,244,2220
0.0003,2.1792609691619873,288.0,2622,119.87962254,-24.424877166748047,642240,642139,244,2230
0.0003,0.9672626256942749,288.0,2634,120.11504898999999,-24.610654830932617,645120,645019,244,2240
0.0003,10.757240295410156,288.0,2645,119.76553772000003,-22.75876235961914,648000,647899,244,2250
0.0003,1.4433099031448364,288.0,2657,119.02659884,-24.19337272644043,650880,650779,244,2260
0.0003,0.7676647901535034,288.0,2668,119.54772713999999,-24.388769149780273,653760,653659,244,2270
0.0003,1.8589428663253784,288.0,2680,121.06198245000002,-23.269638061523438,656640,656539,244,2280
0.0003,0.5149760246276855,288.0,2692,122.2315177,-21.896469116210938,659520,659419,244,2290
0.0003,1.239743709564209,288.0,2703,121.9822085,-22.956035614013672,662400,662299,244,2300
0.0003,3.469334125518799,288.0,2715,120.82669281999999,-23.025217056274414,665280,665179,245,2310
0.0003,1.459920883178711,288.0,2726,122.18694992999997,-23.297069549560547,668160,668059,245,2320
0.0003,1.8481253385543823,288.0,2738,122.95519312,-24.631786346435547,671040,670939,245,2330
0.0003,1.1105817556381226,288.0,2749,121.06368736999998,-24.56552505493164,673920,673819,245,2340
0.0003,0.49209436774253845,288.0,2761,120.68775402000001,-22.479848861694336,676800,676699,245,2350
0.0003,0.6358791589736938,288.0,2772,120.14117605999999,-22.380529403686523,679680,679579,245,2360
0.0003,3.241115093231201,288.0,2784,118.55801775,-22.354053497314453,682560,682459,245,2370
0.0003,10.038166046142578,288.0,2795,117.48511200000002,-22.50680160522461,685440,685339,245,2380
0.0003,0.7533993721008301,288.0,2807,116.01945167000002,-23.238563537597656,688320,688219,245,2390
0.0003,3.8395087718963623,288.0,2818,115.73247802999997,-22.585649490356445,691200,691099,245,2400
0.0003,0.2633087635040283,288.0,2830,116.33954395,-22.954238891601562,694080,693979,245,2410
0.0003,0.7512117624282837,288.0,2841,116.22555494999999,-21.795551300048828,696960,696859,245,2420
0.0003,2.71150541305542,288.0,2853,115.96247447,-24.325740814208984,699840,699739,245,2430
0.0003,2.3830533027648926,288.0,2864,116.09623114,-21.85006332397461,702720,702619,245,2440
0.0003,3.5686278343200684,288.0,2876,116.59374477,-23.204059600830078,705600,705499,245,2450
0.0003,1.2294111251831055,288.0,2887,118.10571350999999,-22.905681610107422,708480,708379,245,2460
0.0003,0.8742561340332031,288.0,2898,118.98199947,-22.72292709350586,711360,711259,245,2470
0.0003,1.5157816410064697,288.0,2910,118.98177719999998,-23.900192260742188,714240,714139,245,2480
0.0003,3.038120746612549,288.0,2921,118.78015237999996,-23.626121520996094,717120,717019,245,2490
0.0003,0.6406090259552002,288.0,2933,118.25840046000002,-22.19405746459961,720000,719899,245,2500
0.0003,0.7949343919754028,288.0,2944,118.57445258999998,-22.51580810546875,722880,722779,245,2510
0.0003,2.1065192222595215,288.0,2956,118.39060062,-24.75421142578125,725760,725659,245,2520
0.0003,0.7388588190078735,288.0,2968,118.12740898999999,-22.966007232666016,728640,728539,245,2530
0.0003,0.8393099308013916,288.0,2979,119.41386284000002,-22.71135711669922,731520,731419,245,2540
0.0003,2.9565396308898926,288.0,2991,119.11904816,-22.055034637451172,734400,734299,245,2550
0.0003,2.1064822673797607,288.0,3003,118.92631785999998,-22.218130111694336,737280,737179,245,2560
0.0003,0.6581188440322876,288.0,3014,118.54241947999999,-22.00844955444336,740160,740059,245,2570
0.0003,1.4824323654174805,288.0,3026,117.55372533000002,-22.626022338867188,743040,742939,245,2580
0.0003,2.937572479248047,288.0,3037,115.98722145000002,-21.233701705932617,745920,745819,245,2590
0.0003,4.721426486968994,288.0,3049,113.77991725,-21.922405242919922,748800,748699,245,2600
0.0003,2.247997999191284,288.0,3060,113.26238989,-20.93927001953125,751680,751579,245,2610
0.0003,3.315488576889038,288.0,3072,113.58223983999999,-22.219703674316406,754560,754459,245,2620
0.0003,1.0182764530181885,288.0,3083,112.98602361999998,-22.07888412475586,757440,757339,245,2630
0.0003,1.3670907020568848,288.0,3095,110.14810688999998,-20.571773529052734,760320,760219,245,2640
0.0003,1.0004736185073853,288.0,3106,109.95310742,-21.909399032592773,763200,763099,245,2650
0.0003,1.55763578414917,288.0,3118,108.22807418999999,-22.860965728759766,766080,765979,245,2660
0.0003,0.8197911977767944,288.0,3129,107.60584312,-22.83367919921875,768960,768859,245,2670
0.0003,3.8816211223602295,288.0,3141,109.32389465,-23.40445327758789,771840,771739,245,2680
0.0003,0.6479861736297607,288.0,3152,110.91487341000001,-22.641292572021484,774720,774619,245,2690
0.0003,1.2293626070022583,288.0,3164,112.87705774000001,-22.31351089477539,777600,777499,245,2700
0.0003,41.65729904174805,288.0,3176,112.16897970999999,-23.0184268951416,780480,780379,245,2710
0.0003,3.0278546810150146,288.0,3187,110.80530407000002,-22.753284454345703,783360,783259,245,2720
0.0003,2.6374495029449463,288.0,3199,109.2596034,-23.093215942382812,786240,786139,245,2730
0.0003,0.5316659808158875,288.0,3211,109.89822897999998,-21.639286041259766,789120,789019,245,2740
0.0003,2.3800549507141113,288.0,3222,108.03988672,-20.089038848876953,792000,791899,245,2750
0.0003,13.714071273803711,288.0,3234,109.63328451,-20.65750503540039,794880,794779,245,2760
0.0003,4.066746234893799,288.0,3245,110.98771183,-21.700387954711914,797760,797659,245,2770
0.0003,1.0348076820373535,288.0,3257,110.04625978,-22.435697555541992,800640,800539,245,2780
0.0003,1.1110690832138062,288.0,3269,108.88759049000001,-20.346141815185547,803520,803419,245,2790
0.0003,0.9426257014274597,288.0,3280,108.2546367,-21.016508102416992,806400,806299,245,2800
0.0003,0.9035367965698242,288.0,3291,106.78372447000001,-22.556564331054688,809280,809179,245,2810
0.0003,0.44155949354171753,288.0,3303,107.97129897999999,-21.118432998657227,812160,812059,245,2820
0.0003,1.1873242855072021,288.0,3315,109.68256389999999,-20.707141876220703,815040,814939,245,2830
0.0003,0.9071179628372192,288.0,3326,109.20096105,-21.6608829498291,817920,817819,245,2840
0.0003,1.094611406326294,288.0,3338,110.7752193,-21.00460433959961,820800,820699,245,2850
0.0003,1.0691041946411133,288.0,3349,108.71132320999999,-21.2014217376709,823680,823579,245,2860
0.0003,33.042877197265625,288.0,3361,108.68801126,-20.400775909423828,826560,826459,245,2870
0.0003,0.5592668056488037,288.0,3372,108.94896733999997,-23.177074432373047,829440,829339,245,2880
0.0003,2.2982444763183594,288.0,3384,111.07222759999999,-21.316898345947266,832320,832219,245,2890
0.0003,1.0126298666000366,288.0,3395,110.79757567000003,-22.072954177856445,835200,835099,245,2900
0.0003,1.344646692276001,288.0,3406,112.35149946000001,-22.52499771118164,838080,837979,245,2910
0.0003,3.4956536293029785,288.0,3418,111.20059251,-22.116220474243164,840960,840859,245,2920
0.0003,0.9620770215988159,288.0,3430,111.18662316,-20.60212516784668,843840,843739,246,2930
0.0003,1.5553407669067383,288.0,3441,112.64879115999999,-21.76299476623535,846720,846619,246,2940
0.0003,1.9002732038497925,288.0,3452,111.89395683,-22.142534255981445,849600,849499,246,2950
0.0003,0.725108802318573,288.0,3463,113.71405664999999,-23.167390823364258,852480,852379,246,2960
0.0003,1.6252241134643555,288.0,3475,113.64285627999999,-23.550710678100586,855360,855259,246,2970
0.0003,1.4418110847473145,288.0,3487,111.44479035000002,-22.85478973388672,858240,858139,246,2980
0.0003,2.6921472549438477,288.0,3498,110.23304771000001,-20.20624351501465,861120,861019,246,2990
0.0003,1.3855633735656738,288.0,3510,111.21480624,-21.6466121673584,864000,863899,246,3000
0.0003,0.4891318678855896,288.0,3521,111.35052200999999,-22.653911590576172,866880,866779,246,3010
0.0003,2.872317314147949,288.0,3533,111.66210712999998,-20.85772132873535,869760,869659,246,3020
0.0003,0.5416325330734253,288.0,3544,112.59051431000003,-23.017475128173828,872640,872539,246,3030
0.0003,3.4018311500549316,288.0,3555,113.03286397000002,-20.793498992919922,875520,875419,246,3040
0.0003,1.1562657356262207,288.0,3567,114.23368595,-19.49077606201172,878400,878299,246,3050
0.0003,0.3697502017021179,288.0,3579,114.24610181,-23.00277328491211,881280,881179,246,3060
0.0003,2.8187780380249023,288.0,3590,114.70358096999999,-23.09523582458496,884160,884059,246,3070
0.0003,2.6970338821411133,288.0,3602,116.84441012,-22.549665451049805,887040,886939,246,3080
0.0003,0.3743269145488739,288.0,3613,117.58838528,-22.011123657226562,889920,889819,246,3090
0.0003,0.44608426094055176,288.0,3625,118.16598104999998,-22.966936111450195,892800,892699,246,3100
0.0003,0.4999299943447113,288.0,3636,116.72808733000002,-23.239439010620117,895680,895579,246,3110
0.0003,0.6678637266159058,288.0,3648,116.85421222,-22.93364715576172,898560,898459,246,3120
0.0003,1.2408840656280518,288.0,3659,116.23879491000001,-23.364341735839844,901440,901339,246,3130
0.0003,1.5046192407608032,288.0,3671,114.35711353999999,-23.72654914855957,904320,904219,246,3140
0.0003,5.845591068267822,288.0,3682,114.07354528000002,-22.85028839111328,907200,907099,246,3150
0.0003,0.5287570953369141,288.0,3694,113.73341125000003,-23.759929656982422,910080,909979,246,3160
0.0003,1.2107945680618286,288.0,3705,113.52816191999999,-23.9465389251709,912960,912859,246,3170
0.0003,0.8444586992263794,288.0,3717,113.44081115999998,-23.46446990966797,915840,915739,246,3180
0.0003,2.663308620452881,288.0,3728,113.46645595,-21.856061935424805,918720,918619,246,3190
0.0003,2.0449562072753906,288.0,3740,112.44534258,-23.86762237548828,921600,921499,246,3200
0.0003,0.6703678369522095,288.0,3751,115.12253344000003,-24.075878143310547,924480,924379,246,3210
0.0003,0.9299288988113403,288.0,3763,115.38973576000002,-23.988712310791016,927360,927259,246,3220
0.0003,0.47821319103240967,288.0,3774,115.16542449999999,-24.431129455566406,930240,930139,246,3230
0.0003,1.1600857973098755,288.0,3786,116.51789516,-24.30194854736328,933120,933019,246,3240
0.0003,1.6927428245544434,288.0,3798,116.21404449999999,-22.891571044921875,936000,935899,246,3250
0.0003,7.407779693603516,288.0,3809,116.09736948999998,-21.767845153808594,938880,938779,246,3260
0.0003,1.070905327796936,288.0,3821,114.98270921,-22.007850646972656,941760,941659,246,3270
0.0003,3.276026725769043,288.0,3832,113.75424581000001,-22.548484802246094,944640,944539,246,3280
0.0003,1.2705891132354736,288.0,3844,113.40839283999999,-22.446374893188477,947520,947419,246,3290
0.0003,0.4435161352157593,288.0,3855,114.32286586000001,-21.519569396972656,950400,950299,246,3300
0.0003,2.2384276390075684,288.0,3867,112.87194489,-23.651695251464844,953280,953179,246,3310
0.0003,1.9899781942367554,288.0,3879,111.96763382,-19.69086456298828,956160,956059,246,3320
0.0003,5.824429988861084,288.0,3890,110.29959573000002,-22.56357192993164,959040,958939,246,3330
0.0003,0.7355109453201294,288.0,3902,111.32182562999998,-22.144250869750977,961920,961819,246,3340
0.0003,0.9354727268218994,288.0,3913,111.61875445,-23.763534545898438,964800,964699,246,3350
0.0003,0.7918603420257568,288.0,3925,112.19624947,-21.71365737915039,967680,967579,246,3360
0.0003,0.9730361700057983,288.0,3936,110.71623213999999,-21.85159683227539,970560,970459,246,3370
0.0003,0.7763255834579468,288.0,3948,112.30907490999999,-22.219146728515625,973440,973339,246,3380
0.0003,2.186288356781006,288.0,3959,112.91932530999999,-21.651958465576172,976320,976219,246,3390
0.0003,1.679015874862671,288.0,3971,112.85673197,-21.164846420288086,979200,979099,246,3400
0.0003,3.9455389976501465,288.0,3982,112.50970148,-21.55547332763672,982080,981979,246,3410
0.0003,0.8004451990127563,288.0,3994,113.36839167999999,-22.063425064086914,984960,984859,246,3420
0.0003,0.8931775093078613,288.0,4005,114.68462368,-18.817495346069336,987840,987739,246,3430
0.0003,1.2804018259048462,288.0,4017,113.88639700000002,-22.13269805908203,990720,990619,246,3440
0.0003,0.783260703086853,288.0,4028,113.67865073000002,-23.989290237426758,993600,993499,246,3450
0.0003,0.7173881530761719,288.0,4040,112.42375558999998,-20.45648956298828,996480,996379,246,3460
0.0003,0.6484869718551636,288.0,4051,115.30401229,-21.76647186279297,999360,999259,246,3470
0.0003,0.40670788288116455,288.0,4063,115.24589447999998,-20.204391479492188,1002240,1002139,246,3480
0.0003,1.324108362197876,288.0,4075,114.68600454999998,-22.418807983398438,1005120,1005019,246,3490
0.0003,0.6536492109298706,288.0,4086,113.95430229,-21.76296043395996,1008000,1007899,246,3500
0.0003,3.2460830211639404,288.0,4098,115.23980266000001,-23.888103485107422,1010880,1010779,246,3510
0.0003,1.5356343984603882,288.0,4110,115.2062443,-22.40374183654785,1013760,1013659,246,3520
0.0003,3.6441256999969482,288.0,4121,115.17084904000001,-21.922931671142578,1016640,1016539,246,3530
0.0003,1.3415498733520508,288.0,4133,115.6886901,-21.924789428710938,1019520,1019419,246,3540
0.0003,1.8760027885437012,288.0,4144,115.1947376,-25.113868713378906,1022400,1022299,246,3550
0.0003,1.326458215713501,288.0,4156,113.47493653000001,-23.447166442871094,1025280,1025179,246,3560
0.0003,1.7311850786209106,288.0,4168,112.86531144,-22.101696014404297,1028160,1028059,246,3570
0.0003,0.4512205123901367,288.0,4179,113.08053471,-23.972721099853516,1031040,1030939,246,3580
0.0003,0.6494165658950806,288.0,4190,112.01850532000002,-24.32806396484375,1033920,1033819,246,3590
0.0003,0.715001106262207,288.0,4202,113.3119519,-24.07451820373535,1036800,1036699,246,3600
0.0003,4.942900657653809,288.0,4213,113.22320474,-25.212989807128906,1039680,1039579,246,3610
0.0003,1.2394906282424927,288.0,4224,113.67119246000001,-25.344146728515625,1042560,1042459,246,3620
0.0003,2.7343201637268066,288.0,4236,113.36406567,-24.97531509399414,1045440,1045339,246,3630
0.0003,0.6319184303283691,288.0,4247,113.90343462999998,-21.958972930908203,1048320,1048219,246,3640
0.0003,5.102190017700195,288.0,4259,114.77475679,-22.41436004638672,1051200,1051099,246,3650
0.0003,1.0321682691574097,288.0,4270,117.56905221000001,-23.955257415771484,1054080,1053979,246,3660
0.0003,0.7310877442359924,288.0,4281,118.43591551,-25.23737335205078,1056960,1056859,246,3670
0.0003,4.448587894439697,288.0,4293,117.70304199,-23.118087768554688,1059840,1059739,246,3680
0.0003,1.8984163999557495,288.0,4304,119.22276323,-24.79220962524414,1062720,1062619,246,3690
0.0003,1.3900424242019653,288.0,4316,118.80398817000001,-25.819293975830078,1065600,1065499,246,3700
0.0003,0.45453107357025146,288.0,4327,118.98647244,-23.984424591064453,1068480,1068379,246,3710
0.0003,3.3582096099853516,288.0,4339,118.69007058000001,-24.29520606994629,1071360,1071259,246,3720
0.0003,1.8839913606643677,288.0,4350,119.28898552999999,-24.123220443725586,1074240,1074139,246,3730
0.0003,0.5235198736190796,288.0,4362,119.21102643,-24.881792068481445,1077120,1077019,246,3740
0.0003,2.043175220489502,288.0,4373,119.24938249,-24.581317901611328,1080000,1079899,246,3750
0.0003,6.474710941314697,288.0,4385,118.18818629000003,-24.73086929321289,1082880,1082779,246,3760
0.0003,3.0141372680664062,288.0,4396,116.83552543000002,-26.049312591552734,1085760,1085659,246,3770
0.0003,2.1004233360290527,288.0,4408,117.63167394,-24.236000061035156,1088640,1088539,246,3780
0.0003,0.45197802782058716,288.0,4419,118.0488316,-23.640777587890625,1091520,1091419,246,3790
0.0003,1.1967941522598267,288.0,4431,118.01013864000001,-25.397363662719727,1094400,1094299,246,3800
0.0003,3.2218546867370605,288.0,4442,117.31764349,-25.548404693603516,1097280,1097179,246,3810
0.0003,6.632928371429443,288.0,4454,116.5337668,-25.10675048828125,1100160,1100059,246,3820
0.0003,5.039481163024902,288.0,4465,115.88942736000001,-26.067764282226562,1103040,1102939,246,3830
0.0003,4.690570831298828,288.0,4477,114.95829299,-25.347183227539062,1105920,1105819,247,3840
0.0003,6.382013320922852,288.0,4488,113.43948920000001,-24.926273345947266,1108800,1108699,247,3850
0.0003,0.6971361041069031,288.0,4500,113.99838450999998,-24.50765609741211,1111680,1111579,247,3860
0.0003,1.377594232559204,288.0,4511,115.20126165000002,-25.484603881835938,1114560,1114459,247,3870
0.0003,2.794437885284424,288.0,4523,114.9515492,-25.0673828125,1117440,1117339,247,3880
0.0003,0.8359925746917725,288.0,4534,114.09547855999999,-24.554973602294922,1120320,1120219,247,3890
0.0003,2.949467658996582,288.0,4546,114.26144184,-27.022178649902344,1123200,1123099,247,3900
0.0003,1.400468349456787,288.0,4557,114.63725644000002,-26.043333053588867,1126080,1125979,247,3910
0.0003,3.539808750152588,288.0,4569,115.67040034000001,-24.796680450439453,1128960,1128859,247,3920
0.0003,3.2717812061309814,288.0,4580,113.34033222000002,-25.238224029541016,1131840,1131739,247,3930
0.0003,2.628086566925049,288.0,4592,113.54451971999998,-24.575088500976562,1134720,1134619,247,3940
0.0003,15.479900360107422,288.0,4603,114.84241391999998,-25.31759262084961,1137600,1137499,247,3950
0.0003,0.6837906837463379,288.0,4614,115.37752312,-26.318572998046875,1140480,1140379,247,3960
0.0003,2.2210841178894043,288.0,4626,113.65023927000001,-25.045839309692383,1143360,1143259,247,3970
0.0003,4.846909523010254,288.0,4637,112.58162557,-24.28125,1146240,1146139,247,3980
0.0003,3.828334331512451,288.0,4648,112.7487904,-23.48615264892578,1149120,1149019,247,3990
0.0003,0.48001667857170105,288.0,4660,111.85872083000002,-25.201858520507812,1152000,1151899,247,4000
0.0003,1.2775605916976929,288.0,4672,111.53377859,-24.561954498291016,1154880,1154779,247,4010
0.0003,0.6441997289657593,288.0,4683,110.92326244,-24.047178268432617,1157760,1157659,247,4020
0.0003,0.8561353087425232,288.0,4695,114.74739840999999,-25.77193260192871,1160640,1160539,247,4030
0.0003,1.7276930809020996,288.0,4706,115.88179584,-25.779190063476562,1163520,1163419,247,4040
0.0003,1.0913612842559814,288.0,4718,116.54331127999998,-25.545047760009766,1166400,1166299,247,4050
0.0003,2.212437629699707,288.0,4729,116.74175906,-25.186080932617188,1169280,1169179,247,4060
0.0003,1.4245898723602295,288.0,4741,117.69894606000001,-23.48790740966797,1172160,1172059,247,4070
0.0003,7.491591453552246,288.0,4752,117.81812197999997,-26.876405715942383,1175040,1174939,247,4080
0.0003,2.1306722164154053,288.0,4764,117.41156052000001,-22.209026336669922,1177920,1177819,247,4090
0.0003,0.6289578676223755,288.0,4776,118.21591884000001,-25.194942474365234,1180800,1180699,247,4100
0.0003,1.397118091583252,288.0,4787,119.28798687,-24.624292373657227,1183680,1183579,247,4110
0.0003,0.6048861742019653,288.0,4798,120.21206237,-26.90265655517578,1186560,1186459,247,4120
0.0003,1.2085859775543213,288.0,4810,119.79361223,-25.328052520751953,1189440,1189339,247,4130
0.0003,0.9814035296440125,288.0,4822,118.89888389999999,-25.11174964904785,1192320,1192219,247,4140
0.0003,5.740234851837158,288.0,4833,118.26525408000002,-25.039060592651367,1195200,1195099,247,4150
0.0003,0.9074931144714355,288.0,4844,118.17824558999999,-26.05453872680664,1198080,1197979,247,4160
0.0003,1.7553150653839111,288.0,4856,118.55562967999998,-24.28604507446289,1200960,1200859,247,4170
0.0003,1.8964322805404663,288.0,4867,119.69359209000002,-25.450592041015625,1203840,1203739,247,4180
0.0003,3.1638612747192383,288.0,4879,118.67980147,-24.82351303100586,1206720,1206619,247,4190
0.0003,0.8211988210678101,288.0,4890,119.25186536,-25.244617462158203,1209600,1209499,247,4200
0.0003,0.6115907430648804,288.0,4902,119.36935002,-25.580074310302734,1212480,1212379,247,4210
0.0003,0.7093263864517212,288.0,4913,119.66569984,-24.673900604248047,1215360,1215259,247,4220
0.0003,0.9519551992416382,288.0,4925,120.11909407000002,-26.287368774414062,1218240,1218139,247,4230
0.0003,0.5682798624038696,288.0,4936,120.99198712000002,-25.630708694458008,1221120,1221019,247,4240
0.0003,0.46031874418258667,288.0,4948,120.77275919,-25.10680389404297,1224000,1223899,247,4250
0.0003,0.6034271717071533,288.0,4959,119.9884842,-26.22608757019043,1226880,1226779,247,4260
0.0003,0.8446535468101501,288.0,4970,119.85868692,-25.773590087890625,1229760,1229659,247,4270
0.0003,1.7210712432861328,288.0,4982,119.95262315,-26.093738555908203,1232640,1232539,247,4280
0.0003,0.4937136471271515,288.0,4993,122.01342088999999,-26.791410446166992,1235520,1235419,247,4290
0.0003,1.9287693500518799,288.0,5005,119.62341951,-25.723491668701172,1238400,1238299,247,4300
0.0003,3.694112777709961,288.0,5016,117.17655051000001,-25.989662170410156,1241280,1241179,247,4310
0.0003,1.2611457109451294,288.0,5028,117.06366928999999,-26.83856773376465,1244160,1244059,247,4320
0.0003,19.845260620117188,288.0,5039,116.13084379,-27.26193618774414,1247040,1246939,247,4330
0.0003,0.4029114544391632,288.0,5051,115.51473578000001,-27.01421356201172,1249920,1249819,247,4340
0.0003,2.709228515625,288.0,5062,116.32111509999999,-26.51995086669922,1252800,1252699,247,4350
0.0003,1.7965149879455566,288.0,5074,117.54972263999997,-26.302745819091797,1255680,1255579,247,4360
0.0003,1.131612777709961,288.0,5085,118.21302176000003,-26.541582107543945,1258560,1258459,247,4370
0.0003,0.9296934604644775,288.0,5097,117.65643313000001,-26.933324813842773,1261440,1261339,247,4380
0.0003,0.7695550918579102,288.0,5108,117.62694594,-27.77841567993164,1264320,1264219,247,4390
0.0003,1.3790476322174072,288.0,5120,119.06683807000002,-27.237680435180664,1267200,1267099,247,4400
0.0003,0.9817808866500854,288.0,5131,120.84966578,-27.443220138549805,1270080,1269979,247,4410
0.0003,3.0350899696350098,288.0,5143,120.97762093999997,-28.27463722229004,1272960,1272859,247,4420
0.0003,3.2125487327575684,288.0,5154,121.53915093000002,-28.331256866455078,1275840,1275739,247,4430
0.0003,1.241687536239624,288.0,5166,121.59764782000002,-25.80658721923828,1278720,1278619,247,4440
0.0003,1.7463961839675903,288.0,5177,120.64178751999997,-26.801830291748047,1281600,1281499,247,4450
0.0003,0.8309506773948669,288.0,5189,120.74763625,-25.503963470458984,1284480,1284379,247,4460
0.0003,0.5175727605819702,288.0,5200,120.65446685000002,-28.466577529907227,1287360,1287259,247,4470
0.0003,2.026778221130371,288.0,5212,120.29254437,-27.93960189819336,1290240,1290139,247,4480
0.0003,2.2847981452941895,288.0,5223,119.13245042,-27.716083526611328,1293120,1293019,247,4490
0.0003,1.4578986167907715,288.0,5235,118.52818632,-29.738540649414062,1296000,1295899,247,4500
0.0003,3.495912551879883,288.0,5247,118.30307256,-26.458473205566406,1298880,1298779,247,4510
0.0003,7.817913055419922,288.0,5258,118.05406803,-28.469179153442383,1301760,1301659,247,4520
0.0003,0.4864266514778137,288.0,5270,118.86109033000001,-25.945682525634766,1304640,1304539,247,4530
0.0003,6.5369439125061035,288.0,5282,118.91119729,-26.86685562133789,1307520,1307419,247,4540
0.0003,3.4344491958618164,288.0,5293,119.06334653,-27.08504295349121,1310400,1310299,247,4550
0.0003,0.6625939011573792,288.0,5304,118.54704605999997,-26.792499542236328,1313280,1313179,247,4560
0.0003,3.5082271099090576,288.0,5316,118.65012421,-26.187471389770508,1316160,1316059,247,4570
0.0003,0.865142822265625,288.0,5328,117.79354799000001,-25.029781341552734,1319040,1318939,247,4580
0.0003,1.9917521476745605,288.0,5339,117.44101834000001,-28.272205352783203,1321920,1321819,247,4590
0.0003,0.4951070547103882,288.0,5351,117.72904184,-26.57750701904297,1324800,1324699,247,4600
0.0003,0.2783753275871277,288.0,5363,118.09903182999999,-25.855144500732422,1327680,1327579,247,4610
0.0003,2.437544345855713,288.0,5374,118.25629093000002,-25.54619789123535,1330560,1330459,247,4620
0.0003,5.776456832885742,288.0,5386,116.86494109000002,-28.983936309814453,1333440,1333339,247,4630
0.0003,0.3831585645675659,288.0,5397,116.56576824,-26.374858856201172,1336320,1336219,247,4640
0.0003,0.43236228823661804,288.0,5409,117.25832259,-28.132688522338867,1339200,1339099,247,4650
0.0003,0.2818789482116699,288.0,5420,116.78583844999999,-26.6428279876709,1342080,1341979,247,4660
0.0003,4.649886131286621,288.0,5432,114.78305449999998,-27.284496307373047,1344960,1344859,247,4670
0.0003,0.9389551877975464,288.0,5443,116.41517877999999,-27.171703338623047,1347840,1347739,247,4680
0.0003,3.2501368522644043,288.0,5455,117.39240430999999,-24.160383224487305,1350720,1350619,247,4690
0.0003,0.9231704473495483,288.0,5467,118.68581137999999,-27.284526824951172,1353600,1353499,247,4700
0.0003,7.201137542724609,288.0,5478,118.28336127,-28.256977081298828,1356480,1356379,247,4710
0.0003,0.3364165723323822,288.0,5490,117.88224305000001,-26.292057037353516,1359360,1359259,247,4720
0.0003,0.36501768231391907,288.0,5501,118.18231698,-26.04639434814453,1362240,1362139,247,4730
0.0003,0.584769606590271,288.0,5513,118.13768963000001,-28.250349044799805,1365120,1365019,247,4740
0.0003,1.541243314743042,288.0,5524,118.69824221,-27.47150421142578,1368000,1367899,247,4750
0.0003,5.704560279846191,288.0,5536,119.42650977999998,-26.45330047607422,1370880,1370779,247,4760
0.0003,0.9145234823226929,288.0,5547,118.79902659000001,-26.652572631835938,1373760,1373659,247,4770
0.0003,3.5562238693237305,288.0,5559,116.89332127,-28.892065048217773,1376640,1376539,247,4780
0.0003,1.1551119089126587,288.0,5570,117.38137764000001,-28.817195892333984,1379520,1379419,247,4790
0.0003,3.8382835388183594,288.0,5582,117.30328753000002,-26.75344467163086,1382400,1382299,247,4800
0.0003,0.3200659155845642,288.0,5593,118.06652393,-28.196720123291016,1385280,1385179,247,4810
0.0003,3.2345662117004395,288.0,5605,118.39626345,-26.87324333190918,1388160,1388059,247,4820
0.0003,1.0697987079620361,288.0,5617,117.43680003000001,-27.915727615356445,1391040,1390939,247,4830
0.0003,0.3821304440498352,288.0,5628,117.51462290999999,-26.754878997802734,1393920,1393819,247,4840
0.0003,3.942920207977295,288.0,5640,116.82690826999999,-26.99003028869629,1396800,1396699,247,4850
0.0003,0.4056648910045624,288.0,5651,115.94791282999999,-27.0487060546875,1399680,1399579,247,4860
0.0003,6.555464744567871,288.0,5663,118.18025190999998,-28.40947151184082,1402560,1402459,247,4870
0.0003,0.42372602224349976,288.0,5674,119.33579345,-26.38159942626953,1405440,1405339,247,4880
0.0003,1.0221261978149414,288.0,5686,119.58956760999999,-28.533340454101562,1408320,1408219,247,4890
0.0003,0.7514820098876953,288.0,5698,118.33220715000002,-27.674240112304688,1411200,1411099,247,4900
0.0003,0.5505014657974243,288.0,5709,118.47607844,-28.866701126098633,1414080,1413979,247,4910
0.0003,5.748967170715332,288.0,5721,116.43277354000003,-29.08469581604004,1416960,1416859,247,4920
0.0003,3.96258807182312,288.0,5732,118.08881552999999,-26.416614532470703,1419840,1419739,247,4930
0.0003,0.2735767066478729,288.0,5744,118.24856771,-27.141088485717773,1422720,1422619,247,4940
0.0003,3.499551296234131,288.0,5755,117.26357315999999,-27.755142211914062,1425600,1425499,247,4950
0.0003,0.3202432692050934,288.0,5767,118.40175533999998,-27.57490348815918,1428480,1428379,247,4960
0.0003,0.30955514311790466,288.0,5778,118.54494485,-27.88053321838379,1431360,1431259,247,4970
0.0003,2.333585739135742,288.0,5790,119.52893693,-28.406604766845703,1434240,1434139,247,4980
0.0003,1.1912338733673096,288.0,5801,117.37596626999999,-27.600513458251953,1437120,1437019,247,4990
0.0003,0.5792953968048096,288.0,5813,117.02334656,-27.376190185546875,1440000,1439899,247,5000
0.0003,0.17456647753715515,288.0,5824,116.71913634000002,-28.567228317260742,1442880,1442779,247,5010
0.0003,1.373748540878296,288.0,5836,117.02962147,-27.113937377929688,1445760,1445659,247,5020
0.0003,1.7761151790618896,288.0,5847,116.13251508999998,-26.882259368896484,1448640,1448539,247,5030
0.0003,0.29609739780426025,288.0,5859,114.51754077000001,-28.456144332885742,1451520,1451419,247,5040
0.0003,1.5115009546279907,288.0,5871,116.1530056,-27.57335662841797,1454400,1454299,247,5050
0.0003,2.6847071647644043,288.0,5882,116.57014014,-27.8868408203125,1457280,1457179,247,5060
0.0003,0.3715178966522217,288.0,5894,117.40708640000003,-28.05466079711914,1460160,1460059,247,5070
0.0003,1.9830994606018066,288.0,5905,116.62051337999999,-27.33883285522461,1463040,1462939,247,5080
0.0003,0.3468501567840576,288.0,5917,118.31631657,-29.065731048583984,1465920,1465819,247,5090
0.0003,3.1407012939453125,288.0,5928,119.929416,-28.511199951171875,1468800,1468699,247,5100
0.0003,0.26039090752601624,288.0,5940,119.00808679000004,-26.14411163330078,1471680,1471579,247,5110
0.0003,4.668001174926758,288.0,5951,118.65495085999999,-28.723955154418945,1474560,1474459,247,5120
0.0003,5.674020290374756,288.0,5963,119.68324997000002,-27.668766021728516,1477440,1477339,247,5130
0.0003,0.5410823822021484,288.0,5974,121.40418465,-26.922021865844727,1480320,1480219,247,5140
0.0003,5.8196587562561035,288.0,5986,120.99123320999999,-27.470470428466797,1483200,1483099,247,5150
0.0003,0.2007676661014557,288.0,5997,119.92984568999998,-28.7918758392334,1486080,1485979,247,5160
0.0003,0.3594350814819336,288.0,6009,119.30823732,-26.66244125366211,1488960,1488859,247,5170
0.0003,52.62250518798828,288.0,6021,120.02176911000001,-28.76520538330078,1491840,1491739,247,5180
0.0003,1.7703040838241577,288.0,6032,118.49911512,-28.200679779052734,1494720,1494619,247,5190
0.0003,0.31018421053886414,288.0,6044,118.38603664,-29.12362289428711,1497600,1497499,247,5200
0.0003,0.2938094735145569,288.0,6055,119.1555613,-28.471574783325195,1500480,1500379,247,5210
0.0003,0.2672211229801178,288.0,6067,121.1904039,-27.88644790649414,1503360,1503259,247,5220
0.0003,4.899056911468506,288.0,6078,120.60058491999999,-26.926191329956055,1506240,1506139,247,5230
0.0003,0.18491169810295105,288.0,6090,121.27412007999999,-27.159725189208984,1509120,1509019,247,5240
0.0003,2.0100111961364746,288.0,6101,121.78166927999999,-27.536903381347656,1512000,1511899,247,5250
0.0003,3.5391509532928467,288.0,6113,119.17533596999999,-27.403322219848633,1514880,1514779,247,5260
0.0003,0.3127859830856323,288.0,6125,119.44731485999999,-27.52448844909668,1517760,1517659,247,5270
0.0003,0.2887558937072754,288.0,6136,118.52702641999998,-26.182083129882812,1520640,1520539,247,5280
0.0003,0.41408637166023254,288.0,6148,120.45783215,-30.74540138244629,1523520,1523419,247,5290
0.0003,0.941697895526886,288.0,6159,120.08532244999998,-25.509929656982422,1526400,1526299,247,5300
0.0003,4.038239479064941,288.0,6171,117.57911896999998,-29.469562530517578,1529280,1529179,247,5310
0.0003,1.9701977968215942,288.0,6183,117.01940402000002,-27.644800186157227,1532160,1532059,247,5320
0.0003,0.5138742327690125,288.0,6194,117.2323646,-27.975061416625977,1535040,1534939,247,5330
0.0003,4.6843085289001465,288.0,6206,114.48741274000002,-27.219711303710938,1537920,1537819,247,5340
0.0003,1.9474952220916748,288.0,6217,113.86476156999998,-27.43834686279297,1540800,1540699,247,5350
0.0003,5.9313459396362305,288.0,6229,116.64412635999999,-26.47580909729004,1543680,1543579,247,5360
0.0003,0.8761644959449768,288.0,6241,116.30359844,-26.90215492248535,1546560,1546459,247,5370
0.0003,0.23276971280574799,288.0,6252,117.73274259999998,-26.377283096313477,1549440,1549339,247,5380
0.0003,0.3645009696483612,288.0,6264,117.85002956999999,-27.28032875061035,1552320,1552219,247,5390
0.0003,0.23019666969776154,288.0,6275,118.25561819999999,-25.966964721679688,1555200,1555099,247,5400
0.0003,1.0238230228424072,288.0,6287,120.83933761999998,-25.935867309570312,1558080,1557979,247,5410
0.0003,1.3162803649902344,288.0,6298,121.42188111999998,-27.952484130859375,1560960,1560859,247,5420
0.0003,1.7599964141845703,288.0,6310,121.0829313,-27.060497283935547,1563840,1563739,247,5430
0.0003,0.45544010400772095,288.0,6322,123.36430985999999,-25.779964447021484,1566720,1566619,247,5440
0.0003,0.15128770470619202,288.0,6333,123.99607357999999,-27.678237915039062,1569600,1569499,247,5450
0.0003,1.821230411529541,288.0,6345,124.69138203,-26.190532684326172,1572480,1572379,247,5460
0.0003,1.9988576173782349,288.0,6356,124.42311424999998,-26.0383358001709,1575360,1575259,247,5470
0.0003,0.30078208446502686,288.0,6367,123.29327567000001,-24.347381591796875,1578240,1578139,247,5480
0.0003,4.762311935424805,288.0,6379,121.33161467,-25.767662048339844,1581120,1581019,247,5490
0.0003,3.3435745239257812,288.0,6390,121.21011612000001,-26.91111183166504,1584000,1583899,247,5500
0.0003,0.26098835468292236,288.0,6402,118.79737644999999,-26.242942810058594,1586880,1586779,247,5510
0.0003,0.21291333436965942,288.0,6413,118.60338877999999,-25.42538070678711,1589760,1589659,247,5520
0.0003,3.7652173042297363,288.0,6425,119.55137763,-26.02977752685547,1592640,1592539,247,5530
0.0003,0.2372322380542755,288.0,6437,120.25406061000001,-23.81633758544922,1595520,1595419,247,5540
0.0003,0.22503221035003662,288.0,6448,119.51757328000002,-26.354389190673828,1598400,1598299,247,5550
0.0003,0.2360939383506775,288.0,6460,119.13332177000002,-25.833900451660156,1601280,1601179,247,5560
0.0003,0.20496368408203125,288.0,6471,117.97989857,-26.0269775390625,1604160,1604059,247,5570
0.0003,0.49168384075164795,288.0,6483,117.78530577000004,-26.271835327148438,1607040,1606939,247,5580
0.0003,0.16454511880874634,288.0,6495,119.21071675999998,-26.62351417541504,1609920,1609819,247,5590
0.0003,1.3426094055175781,288.0,6506,119.03386014,-26.516643524169922,1612800,1612699,247,5600
0.0003,0.4459623694419861,288.0,6518,121.10461670999999,-26.697174072265625,1615680,1615579,247,5610
0.0003,0.4557006359100342,288.0,6529,122.11618629,-26.486392974853516,1618560,1618459,247,5620
0.0003,0.1862810105085373,288.0,6541,121.37763086,-27.560890197753906,1621440,1621339,247,5630
0.0003,1.331071138381958,288.0,6552,121.06132613,-27.71085548400879,1624320,1624219,247,5640
0.0003,0.10691359639167786,288.0,6564,120.61223095,-28.836444854736328,1627200,1627099,247,5650
0.0003,2.088993549346924,288.0,6575,120.94095805,-26.531658172607422,1630080,1629979,247,5660
0.0003,6.595468997955322,288.0,6587,122.80714054000002,-27.150577545166016,1632960,1632859,247,5670
0.0003,0.15970449149608612,288.0,6598,122.25093529,-27.568645477294922,1635840,1635739,247,5680
0.0003,7.205389976501465,288.0,6610,121.85459024000002,-28.564552307128906,1638720,1638619,247,5690
0.0003,0.8097027540206909,288.0,6622,122.04853614000001,-28.655841827392578,1641600,1641499,247,5700
0.0003,2.543004274368286,288.0,6633,121.79795734999998,-25.851247787475586,1644480,1644379,247,5710
0.0003,2.1695547103881836,288.0,6645,119.79170024999999,-29.87049102783203,1647360,1647259,247,5720
0.0003,29.429004669189453,288.0,6656,120.26169810000002,-29.187244415283203,1650240,1650139,247,5730
0.0003,1.6443901062011719,288.0,6668,118.91125576000002,-25.985633850097656,1653120,1653019,247,5740
0.0003,0.30550211668014526,288.0,6680,119.66175786000002,-28.74787139892578,1656000,1655899,247,5750
0.0003,7.62299919128418,288.0,6691,118.98995425999999,-28.951229095458984,1658880,1658779,247,5760
0.0003,1.4168145656585693,288.0,6703,118.94686202000001,-26.787715911865234,1661760,1661659,247,5770
0.0003,0.2531256079673767,288.0,6714,120.43543388,-28.45475196838379,1664640,1664539,247,5780
0.0003,4.748241424560547,288.0,6726,120.69760187000001,-29.088245391845703,1667520,1667419,247,5790
0.0003,0.16390112042427063,288.0,6737,120.8380387,-29.16023063659668,1670400,1670299,247,5800
0.0003,0.340318500995636,288.0,6749,120.42553192,-29.51753044128418,1673280,1673179,247,5810
0.0003,0.2335107922554016,288.0,6760,120.93187915,-28.13571548461914,1676160,1676059,247,5820
0.0003,0.1721942126750946,288.0,6772,120.07434993000003,-29.870698928833008,1679040,1678939,247,5830
0.0003,2.1930360794067383,288.0,6783,119.76598023000001,-29.534690856933594,1681920,1681819,247,5840
0.0003,1.9349528551101685,288.0,6795,118.12595318,-29.760120391845703,1684800,1684699,247,5850
0.0003,2.8689181804656982,288.0,6807,118.51998409,-26.516916275024414,1687680,1687579,247,5860
0.0003,0.2490367293357849,288.0,6818,116.22372976000001,-28.639068603515625,1690560,1690459,247,5870
0.0003,6.713992595672607,288.0,6830,115.04997770999998,-28.36203384399414,1693440,1693339,247,5880
0.0003,0.1594560742378235,288.0,6841,115.88684224,-29.43555450439453,1696320,1696219,247,5890
0.0003,2.8283190727233887,288.0,6853,116.02541208000001,-28.186355590820312,1699200,1699099,247,5900
0.0003,1.6620690822601318,288.0,6864,117.30150531,-26.606861114501953,1702080,1701979,247,5910
0.0003,0.22526440024375916,288.0,6875,118.63646015000002,-27.9559383392334,1704960,1704859,247,5920
0.0003,0.217912957072258,288.0,6887,119.58712626999998,-28.78012466430664,1707840,1707739,247,5930
0.0003,0.9323540925979614,288.0,6899,121.31620491999998,-27.347122192382812,1710720,1710619,247,5940
0.0003,2.410094976425171,288.0,6910,123.53842115000003,-30.976905822753906,1713600,1713499,247,5950
0.0003,0.15334343910217285,288.0,6922,123.34548602,-28.847322463989258,1716480,1716379,247,5960
0.0003,5.308697700500488,288.0,6933,125.37108880000001,-29.492938995361328,1719360,1719259,247,5970
0.0003,0.2634555697441101,288.0,6945,125.43749463,-26.454669952392578,1722240,1722139,247,5980
0.0003,0.12432250380516052,288.0,6956,125.78124453000002,-29.538307189941406,1725120,1725019,247,5990
0.0003,0.18866297602653503,288.0,6968,125.33771888999996,-27.58061981201172,1728000,1727899,247,6000
0.0003,0.19385547935962677,288.0,6980,125.14807200000001,-28.985546112060547,1730880,1730779,247,6010
0.0003,0.2638298273086548,288.0,6991,124.70548118999999,-27.825149536132812,1733760,1733659,247,6020
0.0003,0.1576763391494751,288.0,7003,124.75746667,-27.50067901611328,1736640,1736539,247,6030
0.0003,2.162869453430176,288.0,7014,124.75266586000002,-29.47241973876953,1739520,1739419,247,6040
0.0003,0.2976306676864624,288.0,7026,123.84334984000002,-28.56406021118164,1742400,1742299,247,6050
0.0003,5.000224590301514,288.0,7038,124.38671298999999,-30.849773406982422,1745280,1745179,247,6060
0.0003,0.13669168949127197,288.0,7049,123.97743202,-30.315454483032227,1748160,1748059,247,6070
0.0003,0.31000685691833496,288.0,7061,123.11719233999999,-28.88693618774414,1751040,1750939,247,6080
0.0003,0.1963130235671997,288.0,7072,122.76453802,-29.111801147460938,1753920,1753819,247,6090
0.0003,0.19578510522842407,288.0,7084,122.76483800000001,-29.535213470458984,1756800,1756699,247,6100
0.0003,3.0362391471862793,288.0,7095,123.14892693000002,-29.852981567382812,1759680,1759579,247,6110
0.0003,0.9555933475494385,288.0,7107,123.4515261,-29.34093475341797,1762560,1762459,247,6120
0.0003,0.5961720943450928,288.0,7119,123.69140805000002,-28.89804458618164,1765440,1765339,247,6130
0.0003,2.1569883823394775,288.0,7130,122.97575397,-29.91349983215332,1768320,1768219,247,6140
0.0003,3.290891170501709,288.0,7142,123.88194836999999,-26.505390167236328,1771200,1771099,247,6150
0.0003,0.25714269280433655,288.0,7153,123.37218901,-28.813316345214844,1774080,1773979,247,6160
0.0003,0.17652130126953125,288.0,7164,122.79912513,-29.572994232177734,1776960,1776859,248,6170
0.0003,0.1683446317911148,288.0,7176,122.36295521,-26.900911331176758,1779840,1779739,248,6180
0.0003,2.827881336212158,288.0,7187,121.98496053999997,-29.459379196166992,1782720,1782619,248,6190
0.0003,0.17736943066120148,288.0,7199,122.22566261,-28.40045928955078,1785600,1785499,248,6200
0.0003,0.16761286556720734,288.0,7210,122.42268786999999,-28.837345123291016,1788480,1788379,248,6210
0.0003,3.16864275932312,288.0,7222,122.45764863000001,-26.280906677246094,1791360,1791259,248,6220
0.0003,2.6547226905822754,288.0,7233,121.55796310999999,-26.756053924560547,1794240,1794139,248,6230
0.0003,0.6859837770462036,288.0,7244,122.07266318,-29.395694732666016,1797120,1797019,248,6240
0.0003,0.12077262997627258,288.0,7256,121.28936732999996,-27.52157211303711,1800000,1799899,248,6250
0.0003,0.24230098724365234,288.0,7268,121.63439220999999,-30.484352111816406,1802880,1802779,248,6260
0.0003,0.17776429653167725,288.0,7279,119.83696212999997,-28.07151985168457,1805760,1805659,248,6270
0.0003,2.943321943283081,288.0,7291,121.56454609000001,-27.20985984802246,1808640,1808539,248,6280
0.0003,0.29785221815109253,288.0,7302,120.68855344000002,-28.373891830444336,1811520,1811419,248,6290
0.0003,3.669893264770508,288.0,7314,120.47985278000002,-27.905736923217773,1814400,1814299,248,6300
0.0003,0.2058658003807068,288.0,7325,119.92364548999998,-28.459400177001953,1817280,1817179,248,6310
0.0003,2.3901963233947754,288.0,7337,120.05970511999998,-28.644428253173828,1820160,1820059,248,6320
0.0003,0.15124277770519257,288.0,7349,119.88762364,-28.015300750732422,1823040,1822939,248,6330
0.0003,11.025314331054688,288.0,7360,119.96657146,-28.609378814697266,1825920,1825819,248,6340
0.0003,0.3667237162590027,288.0,7371,120.42147291,-28.426624298095703,1828800,1828699,248,6350
0.0003,2.496513843536377,288.0,7383,119.92921242,-31.655345916748047,1831680,1831579,248,6360
0.0003,2.67724609375,288.0,7394,121.04698833999998,-29.52061653137207,1834560,1834459,248,6370
0.0003,4.743185043334961,288.0,7406,121.31073453,-28.790281295776367,1837440,1837339,248,6380
0.0003,0.1590515375137329,288.0,7417,120.49245789000001,-28.867931365966797,1840320,1840219,248,6390
0.0003,1.114338994026184,288.0,7429,119.26557499999998,-28.71916961669922,1843200,1843099,248,6400
0.0003,2.3682358264923096,288.0,7440,119.02673625000001,-28.093050003051758,1846080,1845979,248,6410
0.0003,2.4757633209228516,288.0,7451,118.35214928,-27.818531036376953,1848960,1848859,248,6420
0.0003,0.18937744200229645,288.0,7462,118.48363592,-26.63965606689453,1851840,1851739,248,6430
0.0003,0.9206448793411255,288.0,7474,118.71911830000003,-25.107799530029297,1854720,1854619,248,6440
0.0003,0.15255317091941833,288.0,7485,119.05146592,-29.017333984375,1857600,1857499,248,6450
0.0003,0.23934029042720795,288.0,7497,119.77889277999999,-28.982864379882812,1860480,1860379,248,6460
0.0003,0.5373138189315796,288.0,7508,121.30093371,-28.593477249145508,1863360,1863259,248,6470
0.0003,0.32618415355682373,288.0,7520,121.11502313999999,-26.490882873535156,1866240,1866139,248,6480
0.0003,4.183603763580322,288.0,7531,123.05005756000003,-28.907114028930664,1869120,1869019,248,6490
0.0003,2.9599318504333496,288.0,7543,121.52540164999999,-27.329618453979492,1872000,1871899,248,6500
0.0003,7.499821186065674,288.0,7554,119.55955040999997,-28.89190673828125,1874880,1874779,248,6510
0.0003,1.581937551498413,288.0,7566,119.60652061999997,-27.70719337463379,1877760,1877659,248,6520
0.0003,2.5539913177490234,288.0,7577,119.82057861999999,-27.87659454345703,1880640,1880539,248,6530
0.0003,0.32582905888557434,288.0,7589,119.52644267999999,-27.152753829956055,1883520,1883419,248,6540
0.0003,1.9941909313201904,288.0,7601,117.96602069000002,-26.114028930664062,1886400,1886299,248,6550
0.0003,1.2242928743362427,288.0,7612,115.6999036,-27.50294303894043,1889280,1889179,248,6560
0.0003,0.41205495595932007,288.0,7624,115.71040823999999,-25.238399505615234,1892160,1892059,248,6570
0.0003,0.7128962278366089,288.0,7635,115.82331830999999,-27.01087188720703,1895040,1894939,248,6580
0.0003,1.9794394969940186,288.0,7647,115.67031859999999,-26.568065643310547,1897920,1897819,248,6590
0.0003,2.32144832611084,288.0,7658,118.77245087999998,-27.829391479492188,1900800,1900699,248,6600
0.0003,0.20330828428268433,288.0,7669,121.58909599,-28.22972869873047,1903680,1903579,248,6610
0.0003,3.2650599479675293,288.0,7680,120.88521926,-25.989824295043945,1906560,1906459,248,6620
0.0003,0.4256802201271057,288.0,7692,120.66101169999997,-28.766704559326172,1909440,1909339,248,6630
0.0003,0.2556089162826538,288.0,7703,119.64748944000002,-28.97066307067871,1912320,1912219,248,6640
0.0003,3.0312771797180176,288.0,7715,119.98011783,-26.576011657714844,1915200,1915099,248,6650
0.0003,0.10318861901760101,288.0,7726,122.34371967999999,-27.065601348876953,1918080,1917979,248,6660
0.0003,2.2769951820373535,288.0,7738,122.34017251000002,-27.023412704467773,1920960,1920859,248,6670
0.0003,1.5501881837844849,288.0,7749,122.23514340000001,-27.039642333984375,1923840,1923739,248,6680
0.0003,1.3044335842132568,288.0,7761,121.98650275,-27.574674606323242,1926720,1926619,248,6690
0.0003,0.17626452445983887,288.0,7773,121.52446436000002,-27.52950668334961,1929600,1929499,248,6700
0.0003,0.4180600643157959,288.0,7784,120.96434307999998,-26.389169692993164,1932480,1932379,248,6710
0.0003,0.3014185428619385,288.0,7796,121.26485064999999,-27.047317504882812,1935360,1935259,248,6720
0.0003,0.30094635486602783,288.0,7807,120.81453107000002,-28.385547637939453,1938240,1938139,248,6730
0.0003,4.538847923278809,288.0,7819,121.6854381,-26.91802215576172,1941120,1941019,248,6740
0.0003,1.8353829383850098,288.0,7830,121.82306023,-26.376529693603516,1944000,1943899,248,6750
0.0003,4.208034515380859,288.0,7842,120.10417396000001,-24.822900772094727,1946880,1946779,248,6760
0.0003,1.907605767250061,288.0,7853,120.43705953999999,-27.31145477294922,1949760,1949659,248,6770
0.0003,6.329682350158691,288.0,7865,120.23656804000002,-27.633113861083984,1952640,1952539,248,6780
0.0003,10.17820930480957,288.0,7876,120.46907800999998,-27.459653854370117,1955520,1955419,248,6790
0.0003,1.9042037725448608,288.0,7888,120.91735551000002,-27.032230377197266,1958400,1958299,248,6800
0.0003,0.23596371710300446,288.0,7899,121.29100116,-26.73648452758789,1961280,1961179,248,6810
0.0003,4.4918060302734375,288.0,7910,122.16255740000001,-26.55252456665039,1964160,1964059,248,6820
0.0003,1.820652723312378,288.0,7922,123.87181235,-27.50625228881836,1967040,1966939,248,6830
0.0003,3.464017391204834,288.0,7933,124.28094795999999,-27.09988021850586,1969920,1969819,248,6840
0.0003,2.7969484329223633,288.0,7945,124.73283083000003,-27.77009391784668,1972800,1972699,248,6850
0.0003,0.2731921970844269,288.0,7956,125.96633263,-28.023971557617188,1975680,1975579,248,6860
0.0003,0.4591977000236511,288.0,7968,125.90739468,-27.143436431884766,1978560,1978459,248,6870
0.0003,3.4733142852783203,288.0,7979,127.04540305,-28.6888370513916,1981440,1981339,248,6880
0.0003,0.17185917496681213,288.0,7991,127.56760426,-27.213029861450195,1984320,1984219,248,6890
0.0003,0.08941914886236191,288.0,8002,128.01936414,-27.315670013427734,1987200,1987099,248,6900
0.0003,32.570011138916016,288.0,8014,128.05707300999998,-26.11814308166504,1990080,1989979,248,6910
0.0003,1.9771541357040405,288.0,8025,128.33725548,-27.722795486450195,1992960,1992859,248,6920
0.0003,5.787413597106934,288.0,8036,128.18169214000002,-28.40401840209961,1995840,1995739,248,6930
0.0003,3.1255130767822266,288.0,8048,128.05369131,-27.040712356567383,1998720,1998619,248,6940
