"gauge_id","5748001","catchment identifier (corresponds to the stream gauge code provided by DGA)"
"gauge_name","Rio Maipo En Cabimbao","gauge name (based on DGA records)"
"gauge_lat","-33.7219","gauge latitude based on DGA records (degrees)"
"gauge_lon","-71.555","gauge longitude based on DGA records (degrees)"
"record_period_start","1939-04-19","start date of streamflow records"
"record_period_end","2020-04-07","end date of streamflow records"
"n_obs","15531","number of days with valid streamflow records"
"outlet_camels_lat","-33.71847","CAMELS-CL outlet latitude (degrees). DGA stream gauge coordinates were corrected to get catchment outlets on the streams defined by topography."
"outlet_camels_lon","-71.55681","CAMELS-CL outlet longitude (degrees). DGA stream gauge coordinates were corrected to get catchment outlets on the streams defined by topography."
"outlet_camels_elev","10","CAMELS-CL outlet elevation (m a.s.l.) obtained from the 30 m ASTER GDEM elevation data"
"area_km2","14914.81","catchment area (km2)"
"mean_elev","1676.576","catchment mean elevation (m a.s.l.)"
"med_elev","1173","catchment median elevation (m a.s.l.)"
"max_elev","6550","catchment maximum elevation (m a.s.l.)"
"min_elev","7","catchment minimum elevation (m a.s.l.)"
"mean_slope_perc","19.07876","catchment mean slope (%)"
"geol_class_1st","Unconsolidated sediments","most common geologic class in the catchment"
"geol_class_1st_frac","0.284","fraction of the catchment area associated with its most common geologic class"
"geol_class_2nd","Acid volcanic rocks","second most common geologic class in the catchment"
"geol_class_2nd_frac","0.208","fraction of the catchment area associated with its second most common geologic class"
"lc_crop","11.41261","percentage of the catchment covered by croplands; level 1. Includes five types of level 2 classes: rice fields; greenhouse farming; other croplands; orchards; and bare croplands"
"lc_nf","4.998361","percentage of the catchment covered by forest (level 1) classified as natural broadleaf (level 2) or natural conifer (level 2)."
"lc_fp","0.07376788","percentage of the catchment covered by forest (level 1) classified as broadleaf plantations (level 2) or conifer plantations (level 2)."
"lc_grass","11.50375","percentage of the catchment covered by grasslands; level 1. Includes three types of level 2 classes: pastures; other grasslands; and withered grasslands."
"lc_shrub","38.78112","percentage of the catchment covered by shrublands; level 1. Includes five types of level 2 classes: shrublands; shrubs and sparse trees mosaic; succulents; shrub plantations; and withered shrublands."
"lc_wet","0.9611547","percentage of the catchment covered by wetlands and water bodies (level 1). Includes six types of level 2 classes: marshlands; mudflats; other wetlands; lakes; reservoirs/ponds; rivers and ocean."
"lc_imp","2.342886","percentage of the catchment covered by impervious surfaces (level 1). Urbanised areas are usually contained in this class."
"lc_barren","28.82004","percentage of the catchment covered by barren lands (level 1). Includes three types of level 2 classes: dry salt flats;  sandy areas and bare exposed rocks"
"lc_snow","1.004058","percentage of the catchment covered by snow and ice; level 1. Includes two types of level 2 classes: snow and ice."
"lc_glacier","2.362207","percentage of the catchment covered by glaciers."
"lc_fp_index","0","forest plantation index: calculated as the ratio between fp_frac and the total forested area (fp_frac+nf_frac)."
"lc_forest","5.072128","fraction of the catchment covered by forests; including native forest and forest plantation (fp_frac+nf_frac)."
"lc_dom_name","lc_shrub","dominant land cover class"
"lc_frac_dom","38.78112","fraction of the basin associated with dominant land cover class"
"lc_nodata","0.1022613","percentage of the basin not covered by the land cover map"
"pet_mean_1990_2010","2.900911","mean daily PET (calculated with Hargreaves formula)"
"pet_mean_1979_2010","2.893487","mean daily PET (calculated with Hargreaves formula)"
"p_mean_cr2met_1990_2010","1.688919","mean daily precipitation calculated from CR2MET period 1990-2010"
"p_mean_cr2met_1979_2010","1.802687","mean daily precipitation calculated from CR2MET period 1979-2010"
"p_mean_chirps_1990_2010","1.369708","mean daily precipitation calculated from CHIRPS period 1990-2010"
"p_mean_chirps_1979_2010","1.353735","mean daily precipitation calculated from CHIRPS period 1979-2010"
"p_mean_mswep_1990_2010","1.244439","mean daily precipitation calculated from MSWEP period 1990-2010"
"p_mean_mswep_1979_2010","1.302992","mean daily precipitation calculated from MSWEP period 1979-2010"
"p_mean_tmpa_1990_2010",NA,"mean daily precipitation calculated from TMPA period 1990-2010"
"p_mean_tmpa_1979_2010",NA,"mean daily precipitation calculated from TMPA period 1979-2010"
"aridity_cr2met_1990_2010","1.717614","aridity; calculated as the ratio of mean daily PET (pet_mean) to mean daily precipitation (p_mean_cr2met) period 1990-2010"
"aridity_cr2met_1979_2010","1.605097","aridity; calculated as the ratio of mean daily PET (pet_mean) to mean daily precipitation (p_mean_cr2met) period 1979-2010"
"aridity_chirps_1990_2010","2.117905","aridity; calculated as the ratio of mean daily PET (pet_mean) to mean daily precipitation (p_mean_chirps) period 1990-2010"
"aridity_chirps_1979_2010","2.147363","aridity; calculated as the ratio of mean daily PET (pet_mean) to mean daily precipitation (p_mean_chirps) period 1979-2010"
"aridity_mswep_1990_2010","2.331099","aridity; calculated as the ratio of mean daily PET (pet_mean) to mean daily precipitation (p_mean_mswep) period 1990-2010"
"aridity_mswep_1979_2010","2.220648","aridity; calculated as the ratio of mean daily PET (pet_mean) to mean daily precipitation (p_mean_mswep) period 1979-2010"
"aridity_tmpa_1990_2010",NA,"aridity; calculated as the ratio of mean daily PET (pet_mean) to mean daily precipitation (p_mean_tmpa) period 1990-2010"
"aridity_tmpa_1979_2010",NA,"aridity; calculated as the ratio of mean daily PET (pet_mean) to mean daily precipitation (p_mean_tmpa) period 1979-2010"
"p_seasonality_cr2met_1979_2010","-1.200517","seasonality and timing of precipitation (CR2MET) estimated using sine curves to represent the annual temperature and precipitation cycles; positive (negative) values indicate that precipitation peaks in summer (winter); values close to 0 indicate uniform precipitation throughout the year)"
"p_seasonality_chirps_1979_2010","-1.210994","seasonality and timing of precipitation (CHIRPS) estimated using sine curves to represent the annual temperature and precipitation cycles; positive (negative) values indicate that precipitation peaks in summer (winter); values close to 0 indicate uniform precipitation throughout the year)"
"p_seasonality_mswep_1979_2010","-1.305762","seasonality and timing of precipitation (MSWEP) estimated using sine curves to represent the annual temperature and precipitation cycles; positive (negative) values indicate that precipitation peaks in summer (winter); values close to 0 indicate uniform precipitation throughout the year)"
"p_seasonality_tmpa_1979_2010",NA,"seasonality and timing of precipitation (TMPA) estimated using sine curves to represent the annual temperature and precipitation cycles; positive (negative) values indicate that precipitation peaks in summer (winter); values close to 0 indicate uniform precipitation throughout the year)"
"frac_snow_cr2met_1979_2010","0.0211832","fraction of precipitation (CR2MET) falling as snow (i.e.; on days colder than 0 degrees C) period 1979-2010"
"frac_snow_chirps_1979_2010","0.02531555","fraction of precipitation (CHIRPS) falling as snow (i.e.; on days colder than 0 degrees C) period 1979-2010"
"frac_snow_mswep_1979_2010","0.04312589","fraction of precipitation (MSWEP) falling as snow (i.e.; on days colder than 0 degrees C) period 1979-2010"
"frac_snow_tmpa_1979_2010",NA,"fraction of precipitation (TMPA) falling as snow (i.e.; on days colder than 0 degrees C) period 1979-2010"
"high_prec_freq_cr2met_1979_2010","20.74148","frequency of high precipitation days (> 5 times mean daily precipitation) for product CR2MET"
"high_prec_freq_chirps_1979_2010","21.02872","frequency of high precipitation days (> 5 times mean daily precipitation) for product CHIRPS"
"high_prec_freq_mswep_1979_2010","19.58021","frequency of high precipitation days (> 5 times mean daily precipitation) for product MSWEP"
"high_prec_freq_tmpa_1979_2010",NA,"frequency of high precipitation days (> 5 times mean daily precipitation) for product TMPA"
"high_prec_dur_cr2met_1979_2010","1.644501","average duration of high precipitation events (number of consecutive days with precipitation > 5 times mean daily precipitation); for product CR2MET"
"high_prec_dur_chirps_1979_2010","1.526055","average duration of high precipitation events (number of consecutive days with precipitation > 5 times mean daily precipitation; for product CHIRPS"
"high_prec_dur_mswep_1979_2010","1.589005","average duration of high precipitation events (number of consecutive days with precipitation > 5 times mean daily precipitation); for product MSWEP"
"high_prec_dur_tmpa_1979_2010",NA,"average duration of high precipitation events (number of consecutive days with precipitation > 5 times mean daily precipitation); for product TMPA"
"low_prec_freq_cr2met_1979_2010","294.8645","frequency of dry days (< 1 mm/day) for product CR2MET"
"low_prec_freq_chirps_1979_2010","259.6961","frequency of dry days (< 1 mm/day) for product CHIRPS"
"low_prec_freq_mswep_1979_2010","309.6706","frequency of dry days (< 1 mm/day) for product MSWEP"
"low_prec_freq_tmpa_1979_2010",NA,"frequency of dry days (< 1 mm/day) for product TMPA"
"low_prec_dur_cr2met_1979_2010","9.327551","average duration of dry periods (number of consecutive days <1 mm/day) for product CR2MET"
"low_prec_dur_chirps_1979_2010","5.596905","average duration of dry periods (number of consecutive days <1 mm/day) for product CHIRPS"
"low_prec_dur_mswep_1979_2010","12.12121","average duration of dry periods (number of consecutive days <1 mm/day) for product MSWEP"
"low_prec_dur_tmpa_1979_2010",NA,"average duration of dry periods (number of consecutive days <1 mm/day) for product TMPA"
"p_mean_spread_1990_2010","0.1597813","coefficient of variation of basin-averaged mean annual precipitation from different products (standard deviation of p_mean_i from the four precipitation products; normalised by multi-product mean)"
"q_mean_1990_2010","0.7669697","mean daily discharge period 1990-2010"
"q_mean_1979_2010","0.8481571","mean daily discharge period 1979-2010"
"runoff_ratio_cr2met_1979_2010","0.4833862","runoff ratio (ratio of mean daily discharge to mean daily precipitation); for product CR2MET"
"runoff_ratio_chirps_1979_2010",NA,"runoff ratio (ratio of mean daily discharge to mean daily precipitation); for product CHIRPS"
"runoff_ratio_mswep_1979_2010","0.6647782","runoff ratio (ratio of mean daily discharge to mean daily precipitation); for product MSWEP"
"runoff_ratio_tmpa_1979_2010",NA,"runoff ratio (ratio of mean daily discharge to mean daily precipitation); for product TMPA"
"stream_elas_cr2met_1979_2010","0.9675654","streamflow precipitation elasticity (sensitivity of streamflow to changes in precipitation at the annual timescale; using the mean daily discharge as reference and precipitation product CR2MET)"
"stream_elas_chirps_1979_2010",NA,"streamflow precipitation elasticity (sensitivity of streamflow to changes in precipitation at the annual timescale; using the mean daily discharge as reference and precipitation product CHIRPS"
"stream_elas_mswep_1979_2010","1.098396","streamflow precipitation elasticity (sensitivity of streamflow to changes in precipitation at the annual timescale; using the mean daily discharge as reference and precipitation product MSWEP"
"stream_elas_tmpa_1979_2010",NA,"streamflow precipitation elasticity (sensitivity of streamflow to changes in precipitation at the annual timescale; using the mean daily discharge as reference and precipitation product TMPA"
"slope_fdc_1979_2010","1.680587","slope of the flow duration curve; FDC (between the log- transformed 33rd and 66th streamflow percentiles)"
"baseflow_index_1979_2010","0.7429947","baseflow index (ratio of mean daily baseflow to mean daily discharge; hydrograph separation performed using the Ladson et al. (2013) digital filter with _ set to 0.925)"
"hfd_mean","144.6316","mean half-flow date (date on which the cumulative discharge since 1 April reaches half of the annual discharge)"
"Q5_1979_2010","0.1708906","5 % flow quantile (low flows)"
"Q95_1979_2010","2.050687","95 % flow quantile (high flows)"
"high_q_freq_1979_2010","2.096929","frequency of high-flow days (> 9 times the median daily flow)"
"high_q_dur_1979_2010","2.307692","average duration of high-flow events (number of consecutive days >9 times the median daily flow)"
"low_q_freq_1979_2010","18.06853","frequency of low-flow days (< 0.2 times the mean daily flow)"
"low_q_dur_1979_2010","11.75","average duration of low-flow events (number of consecutive days <0.2 times the mean daily flow)"
"zero_q_freq_1979_2010","0","percentage of days with streamflow=0"
"sur_rights_flow_m3s","2794.517","annual flow calculated for consumptive permanent continuous surface water rights"
"gw_rights_flow_m3s","85.96722","annual flow calculated for consumptive permanent continuous groundwater water rights"
"IAI_Q","1318.856","intervention degree defined as the annual flow of surface water rights (consumptive permanent continuous); normalised by mean annual streamflow."
"IAI_P","620.5168","intervention degree defined as the annual flow of surface water rights (consumptive permanent continuous); normalised by mean annual precipitation"
"dam_index","1","0 if there is no dam within the catchment; 1 if there is at least one dam classified as large"
